sim_time_s,robot_obstacle_center_distance_m,estimated_clearance_m,encounter_id
28.58,0.642337807668502,0.337337807668502,1
28.6,0.6575489222506896,0.3525489222506896,1
28.62,0.6727957937768948,0.3677957937768948,1
28.64,0.6880761831207992,0.3830761831207992,1
28.66,0.7033887903054274,0.3983887903054275,1
28.68,0.7187317012327977,0.4137317012327977,1
28.7,0.7341030158411869,0.4291030158411868,1
28.72,0.7495004179078502,0.4445004179078502,1
28.74,0.7649217667629314,0.4599217667629314,1
28.76,0.7803656310038416,0.47536563100384166,1
28.78,0.7958309578105343,0.4908309578105343,1
28.8,0.8113181034343033,0.5063181034343034,1
28.82,0.8268261157484154,0.5218261157484154,1
28.84,0.8423538581417243,0.5373538581417243,1
28.86,0.8579002751275011,0.5529002751275012,1
28.88,0.8734643853651646,0.5684643853651645,1
28.9,0.8890452753784982,0.5840452753784982,1
28.92,0.904642093892101,0.599642093892101,1
28.94,0.9202540467173104,0.6152540467173104,1
28.96,0.9358803921273757,0.6308803921273758,1
28.98,0.9515204366689014,0.6465204366689015,1
29.0,0.9671735313630266,0.6621735313630266,1
29.02,0.9828390682552252,0.6778390682552251,1
29.04,0.9985162783066893,0.6935162783066893,1
29.06,1.014203954018476,0.709203954018476,1
29.08,1.0299015661307243,0.7249015661307243,1
29.1,1.0456092054752137,0.7406092054752138,1
29.12,1.0613268018639734,0.7563268018639735,1
29.14,1.0770539343869476,0.7720539343869477,1
29.16,1.0927902063035593,0.7877902063035593,1
29.18,1.1085352433616804,0.8035352433616805,1
29.2,1.1242886922536628,0.8192886922536629,1
29.22,1.1400500043090198,0.8350500043090199,1
29.24,1.155818251302072,0.8508182513020721,1
29.26,1.1715931150386314,0.8665931150386315,1
29.28,1.1873743317984227,0.8823743317984227,1
29.3,1.203161651594035,0.8981616515940352,1
29.32,1.2189548372946881,0.9139548372946882,1
29.34,1.2347537897419214,0.9297537897419215,1
29.36,1.250558910481246,0.9455589104812461,1
29.38,1.266370064257594,0.961370064257594,1
29.4,1.2821870418488828,0.9771870418488828,1
29.42,1.298009520653235,0.993009520653235,1
29.44,1.3138367064586678,1.0088367064586679,1
29.46,1.3296683508352634,1.0246683508352634,1
29.48,1.3455042963999688,1.0405042963999689,1
29.5,1.3613443930510838,1.0563443930510839,1
29.52,1.3771884975541664,1.0721884975541665,1
29.54,1.3930364731558238,1.0880364731558239,1
29.56,1.4088881892231053,1.1038881892231054,1
29.58,1.4247435209066017,1.1197435209066018,1
29.6,1.4406023488254351,1.1356023488254352,1
29.62,1.4564645587725156,1.1514645587725156,1
29.64,1.472330041438566,1.1673300414385661,1
29.66,1.4881986921535726,1.1831986921535727,1
29.68,1.5040704106443137,1.1990704106443137,1
29.7,1.5199451008069107,1.2149451008069108,1
29.72,1.53582267049329,1.23082267049329,1
29.74,1.551703031310562,1.246703031310562,1
29.76,1.5675860984324512,1.2625860984324513,1
29.78,1.5834717904219153,1.2784717904219154,1
29.8,1.5993600290642294,1.2943600290642294,1
29.82,1.6152507392097681,1.3102507392097682,1
29.84,1.6311438486258982,1.3261438486258983,1
29.86,1.6470392878573232,1.3420392878573233,1
29.88,1.662936990094339,1.357936990094339,1
29.9,1.6788368910485423,1.3738368910485423,1
29.92,1.694738928835377,1.389738928835377,1
29.94,1.7106430438632292,1.4056430438632292,1
29.96,1.7265491787285587,1.4215491787285588,1
29.98,1.7424572781167118,1.4374572781167119,1
30.0,1.7544018647500177,1.4494018647500178,1
30.02,1.7346266135203119,1.429626613520312,1
30.04,1.7108929242428623,1.4058929242428624,1
30.06,1.6871665156920959,1.382166515692096,1
30.08,1.6634476994116432,1.3584476994116432,1
30.1,1.6397368048684262,1.3347368048684263,1
30.12,1.6160341807521685,1.3110341807521686,1
30.14,1.592340196388797,1.2873401963887972,1
30.16,1.5686552432796261,1.2636552432796262,1
30.18,1.5449797367793472,1.2399797367793473,1
30.2,1.5213141179276097,1.2163141179276098,1
30.22,1.4976588554507029,1.192658855450703,1
30.24,1.4740144479518953,1.1690144479518954,1
30.26,1.4503814263113346,1.1453814263113347,1
30.28,1.4267603563191174,1.1217603563191174,1
30.3,1.4031518415680382,1.0981518415680382,1
30.32,1.379556526636245,1.0745565266362451,1
30.34,1.3559751005938543,1.0509751005938543,1
30.36,1.3324083008722731,1.0274083008722732,1
30.38,1.3088569175403102,1.0038569175403103,1
30.4,1.2853217980373164,0.9803217980373164,1
30.42,1.2618037206411923,0.9568037206411923,1
30.44,1.2383029985870437,0.9333029985870438,1
30.46,1.2148205617935643,0.9098205617935644,1
30.48,1.1913577952712007,0.8863577952712007,1
30.5,1.1679164991489763,0.8629164991489764,1
30.52,1.1444980115742986,0.8394980115742987,1
30.54,1.1211037618761641,0.8161037618761642,1
30.56,1.0977352996831522,0.7927352996831523,1
30.58,1.0743943076590872,0.7693943076590872,1
30.6,1.0510826158643547,0.7460826158643548,1
30.62,1.027802217985776,0.722802217985776,1
30.64,1.0045552897192522,0.6995552897192523,1
30.66,0.9813442096387962,0.6763442096387962,1
30.68,0.9581715829445557,0.6531715829445557,1
30.7,0.9350402685529532,0.6300402685529531,1
30.72,0.9119534100769033,0.6069534100769034,1
30.74,0.8889144713460504,0.5839144713460505,1
30.76,0.8659272772399408,0.5609272772399407,1
30.78,0.8429960607560071,0.537996060756007,1
30.8,0.8201255174144586,0.5151255174144587,1
30.82,0.7973208683213711,0.4923208683213711,1
30.84,0.774587933477774,0.46958793347777394,1
30.86,0.7519332172475232,0.4469332172475231,1
30.88,0.7293640082930252,0.4243640082930251,1
30.9,0.7068884967719773,0.40188849677197735,1
30.92,0.6845159121788461,0.3795159121788461,1
30.94,0.6622559566595841,0.35725595665958415,1
30.96,0.6401196422857145,0.3351196422857145,1
30.98,0.618120278249457,0.31312027824945704,1
31.0,0.5962734955879945,0.2912734955879945,1
31.02,0.5745978444926269,0.26959784449262686,1
31.04,0.5531134982500034,0.24811349825000345,1
31.06,0.5318436412077576,0.22684364120775763,1
31.08,0.5108150674518853,0.20581506745188533,1
31.1,0.49005883858430854,0.18505883858430855,1
31.12,0.4696110679161105,0.16461106791611052,1
31.14,0.44951385144397943,0.14451385144397944,1
31.16,0.42981636528483697,0.12481636528483696,1
31.18,0.41057614493454864,0.10557614493454863,1
31.2,0.3918605509718285,0.08686055097182847,1
31.22,0.37374840430769996,0.06874840430769995,1
31.24,0.3563317355122038,0.05133173551220381,1
31.26,0.3397175288967385,0.0347175288967385,1
31.28,0.3240292438071822,0.01902924380718217,1
31.3,0.3094077567560032,0.0044077567560031755,1
31.32,0.29601119359796135,-0.008988806402038654,1
31.34,0.2840129420040164,-0.02098705799598362,1
31.36,0.2735970274185088,-0.03140297258149123,1
31.38,0.2649501336000625,-0.04004986639993753,1
31.4,0.2582500162112635,-0.04674998378873653,1
31.42,0.2536509927982232,-0.05134900720177683,1
31.44,0.2512667760591612,-0.053733223940838806,1
31.46,0.25115879938855445,-0.05384120061144555,1
31.48,0.25333095635682973,-0.05166904364317028,1
31.5,0.2577278606678267,-0.047272139332173294,1
31.52,0.2642385764363634,-0.040761423563636615,1
31.54,0.27271175036438794,-0.03228824963561207,1
31.56,0.28297114816443913,-0.022028851835560873,1
31.58,0.29483035969383176,-0.010169640306168251,1
31.6,0.30810470573798243,0.0031047057379824244,1
31.62,0.3226195542672227,0.017619554267222712,1
31.64,0.3382152307189536,0.03321523071895359,1
31.66,0.35474921590042957,0.049749215900429564,1
31.68,0.37209645049457746,0.06709645049457745,1
31.7,0.39014847065746183,0.08514847065746182,1
31.72,0.40881192281910095,0.10381192281910094,1
31.74,0.42800682905620446,0.12300682905620446,1
31.76,0.44766483176082006,0.14266483176082007,1
31.78,0.46772754448411413,0.16272754448411414,1
31.8,0.48814506915448247,0.18314506915448248,1
31.82,0.5088746993195157,0.20387469931951568,1
31.84,0.5298798062506487,0.22487980625064868,1
31.86,0.5511288932127562,0.24612889321275616,1
31.88,0.5725947984330761,0.26759479843307615,1
31.9,0.5942539261986138,0.28925392619861384,1
31.92,0.6160850105734686,0.31108501057346866,1
31.94,0.6380702089263318,0.3330702089263318,1
31.96,0.6601941421848955,0.3551941421848955,1
31.98,0.682443334000271,0.377443334000271,1
32.0,0.7048059375341897,0.3998059375341898,1
32.02,0.7272715508860857,0.4222715508860857,1
32.04,0.7498316157012326,0.44483161570123264,1
32.06,0.7724780890465357,0.46747808904653576,1
32.08,0.7952035885129183,0.49020358851291834,1
32.1,0.8180015276793208,0.5130015276793207,1
32.12,0.84086601451278,0.53586601451278,1
32.14,0.8637916819142885,0.5587916819142884,1
32.16,0.8867731948252648,0.5817731948252649,1
32.18,0.909806214374135,0.6048062143741351,1
32.2,0.9328872392022425,0.6278872392022425,1
32.22,0.9560132277279055,0.6510132277279055,1
32.24,0.9791809977267879,0.6741809977267879,1
32.26,1.0023875288012756,0.6973875288012756,1
32.28,1.0256296979303547,0.7206296979303548,1
32.3,1.0489052094499496,0.7439052094499496,1
32.32,1.0722123693514256,0.7672123693514257,1
32.34,1.0955492079598075,0.7905492079598075,1
32.36,1.1189135965617352,0.8139135965617352,1
32.38,1.1423035263600438,0.8373035263600439,1
32.4,1.1657174661942142,0.8607174661942143,1
32.42,1.18915400448865,0.88415400448865,1
32.44,1.2126118372821024,0.9076118372821025,1
32.46,1.2360897582578632,0.9310897582578632,1
32.48,1.259586649849932,0.954586649849932,1
32.5,1.2831015545892253,0.9781015545892253,1
32.52,1.3066338879114983,1.0016338879114983,1
32.54,1.3301827762014409,1.025182776201441,1
32.56,1.3537473555217259,1.048747355521726,1
32.58,1.377326820502687,1.072326820502687,1
32.6,1.400920419504592,1.095920419504592,1
32.62,1.4245274502475096,1.1195274502475097,1
32.64,1.448147255857403,1.143147255857403,1
32.66,1.4717792212831564,1.1667792212831565,1
32.68,1.4954227700450822,1.1904227700450822,1
32.7,1.5190773612797421,1.2140773612797422,1
32.72,1.5427424870505242,1.2377424870505243,1
32.74,1.5664176698964873,1.2614176698964874,1
32.76,1.5901024605955194,1.2851024605955195,1
32.78,1.6137964361203774,1.3087964361203774,1
32.8,1.6374991745395144,1.3324991745395145,1
32.82,1.66121002981722,1.3562100298172202,1
32.84,1.6849285844570294,1.3799285844570295,1
32.86,1.7086545227454402,1.4036545227454402,1
32.88,1.7323877568301196,1.4273877568301196,1
32.9,1.7561281356503642,1.4511281356503642,1
32.92,1.7798753520931774,1.4748753520931774,1
32.94,1.8036288881553773,1.4986288881553773,1
32.96,1.8273884708292283,1.5223884708292283,
32.98,1.851154119918476,1.546154119918476,
33.0,1.8749256461612218,1.5699256461612219,
33.02,1.898702828813766,1.593702828813766,
33.04,1.9224854580017328,1.6174854580017328,
33.06,1.946273334062126,1.6412733340621262,
33.08,1.9700661692107142,1.6650661692107143,
33.1,1.9938635877940774,1.6888635877940774,
33.12,2.0176654234528804,1.7126654234528804,
33.14,2.041471553640833,1.7364715536408333,
33.16,2.065282051934226,1.7602820519342262,
33.18,2.089096813274265,1.784096813274265,
33.2,2.112915693513996,1.8079156935139962,
33.22,2.1367385549095372,1.8317385549095373,
33.24,2.160565265769638,1.855565265769638,
33.26,2.1843955899887098,1.8793955899887098,
33.28,2.2082292525728997,1.9032292525728995,
33.3,2.232066232523055,1.927066232523055,
33.32,2.2559066010281748,1.9509066010281746,
33.34,2.2797502570617656,1.9747502570617654,
33.36,2.3035970985399783,1.9985970985399781,
33.38,2.327447027549368,2.022447027549368,
33.4,2.351299950136718,2.046299950136718,
33.42,2.3751557241774197,2.0701557241774196,
33.44,2.3990140878580384,2.094014087858038,
33.46,2.4228749615709932,2.117874961570993,
33.48,2.4467384445222313,2.141738444522231,
33.5,2.470604520005756,2.165604520005756,
33.52,2.4944731136087466,2.1894731136087464,
33.54,2.5183441537318316,2.2133441537318315,
33.56,2.5422174682223835,2.2372174682223833,
33.58,2.566092869713753,2.2610928697137527,
33.6,2.589970373548117,2.284970373548117,
33.62,2.613850071573686,2.3088500715736857,
33.64,2.6377319086842137,2.3327319086842135,
33.66,2.661615827299703,2.3566158272997026,
33.68,2.685501771883621,2.3805017718836208,
33.7,2.709389688853233,2.404389688853233,
33.72,2.733279525443934,2.428279525443934,
33.74,2.757171108842538,2.452171108842538,
33.76,2.7810643150627854,2.4760643150627852,
33.78,2.804959362762763,2.499959362762763,
33.8,2.8288563496820953,2.523856349682095,
33.82,2.852755221592456,2.547755221592456,
33.84,2.8766559259809843,2.571655925980984,
33.86,2.900558411979876,2.595558411979876,
33.88,2.9244626302995225,2.6194626302995223,
33.9,2.9483685331648046,2.6433685331648045,
33.92,2.9722760675532722,2.667276067553272,
33.94,2.996184970728725,2.6911849707287248,
33.96,3.020095104106192,2.715095104106192,
33.98,3.0440064807665665,2.7390064807665664,
34.0,3.067919320048578,2.762919320048578,
34.02,3.091833624128229,2.7868336241282288,
34.04,3.1157493213527028,2.8107493213527026,
34.06,3.139666266287921,2.834666266287921,
34.08,3.1635844212850897,2.8585844212850895,
34.1,3.1875037591043154,2.882503759104315,
34.12,3.2114242533158595,2.9064242533158593,
34.14,3.2353458782704227,2.9303458782704226,
34.16,3.2592686090704857,2.9542686090704855,
34.18,3.2831924215431005,2.9781924215431004,
34.2,3.3071172922136616,3.0021172922136614,
34.22,3.3310431982809883,3.026043198280988,
34.24,3.3549701175933415,3.0499701175933414,
34.26,3.37889802862551,3.0738980286255098,
34.28,3.402826910456856,3.0978269104568557,
34.3,3.4267567427502255,3.1217567427502253,
34.32,3.450687505731833,3.145687505731833,
34.34,3.4746191801718735,3.1696191801718734,
34.36,3.498551747365981,3.193551747365981,
34.38,3.5224851891174414,3.217485189117441,
34.4,3.5464194877200725,3.2414194877200724,
34.42,3.5703546259418792,3.265354625941879,
34.44,3.594290587009243,3.289290587009243,
34.46,3.618227354591853,3.3132273545918527,
34.48,3.64216491278815,3.33716491278815,
34.5,3.6661032461113705,3.3611032461113703,
34.52,3.690042339476115,3.3850423394761147,
34.54,3.7139821781854634,3.4089821781854632,
34.56,3.7379227479185566,3.4329227479185564,
34.58,3.7618640347186285,3.4568640347186284,
34.6,3.785806024981597,3.4808060249815966,
34.62,3.8097487054449077,3.5047487054449076,
34.64,3.8336920631769913,3.528692063176991,
34.66,3.8576360855669383,3.552636085566938,
34.68,3.8815807603146655,3.5765807603146653,
34.7,3.9055260754214145,3.6005260754214143,
34.72,3.929472019180566,3.624472019180566,
34.74,3.953418580168857,3.648418580168857,
34.76,3.9773657472377937,3.6723657472377935,
34.78,4.0013135095055254,3.6963135095055253,
34.8,4.025261856348875,3.7202618563488747,
34.82,4.049210777395742,3.744210777395742,
34.84,4.0731602625177095,3.7681602625177093,
34.86,4.097110301822934,3.7921103018229334,
34.88,4.121060885649322,3.8160608856493217,
34.9,4.145012004557857,3.8400120045578565,
34.92,4.168963649326248,3.8639636493262475,
34.94,4.192915810942697,3.887915810942697,
34.96,4.21686846580875,3.9118684658087495,
34.98,4.24082154477411,3.9358215447741096,
35.0,4.26477503341941,3.9597750334194095,
35.02,4.288728925027116,3.983728925027116,
35.04,4.312683267167045,4.007683267167044,
35.06,4.336638083738302,4.031638083738302,
35.08,4.360593365225841,4.055593365225841,
35.1,4.384549048108244,4.079549048108244,
35.12,4.408505098119391,4.10350509811939,
35.14,4.432461508280972,4.127461508280971,
35.16,4.456418271711247,4.151418271711246,
35.18,4.4803753816225225,4.175375381622522,
35.2,4.5043328313186,4.1993328313186,
35.22,4.528290648873651,4.22329064887365,
35.24,4.552248887873435,4.247248887873434,
35.26,4.5762075427626385,4.271207542762638,
35.28,4.6001666070431595,4.295166607043159,
35.3,4.6241260743514285,4.319126074351428,
35.32,4.648085935629223,4.343085935629222,
35.34,4.67204612262434,4.367046122624339,
35.36,4.696006603975284,4.391006603975283,
35.38,4.719967393960864,4.414967393960864,
35.4,4.743928556110866,4.438928556110866,
35.42,4.767890090562989,4.462890090562988,
35.44,4.791851984353863,4.486851984353862,
35.46,4.815814163736307,4.510814163736306,
35.48,4.839776606652379,4.534776606652378,
35.5,4.863739307701044,4.558739307701043,
35.52,4.887702261538432,4.582702261538431,
35.54,4.911665478240365,4.606665478240364,
35.56,4.935629028572841,4.63062902857284,
35.58,4.959592917830576,4.654592917830575,
35.6,4.983557141124315,4.6785571411243145,
35.62,5.007521693658333,4.7025216936583325,
35.64,5.0314865707282035,4.726486570728203,
35.66,5.055451732796936,4.750451732796935,
35.68,5.07941711449385,4.77441711449385,
35.7,5.103382709942157,4.798382709942157,
35.72,5.127348532960508,4.822348532960508,
35.74,5.151314655328236,4.846314655328236,
35.76,5.175281081014233,4.870281081014232,
35.78,5.199247805823981,4.89424780582398,
35.8,5.2232148256398885,4.918214825639888,
35.82,5.247182136419562,4.942182136419562,
35.84,5.271149721914474,4.966149721914474,
35.86,5.295117504361407,4.9901175043614066,
35.88,5.319085467154346,5.014085467154345,
35.9,5.343053609258005,5.038053609258005,
35.92,5.367021998647999,5.062021998647999,
35.94,5.390990661084922,5.085990661084922,
35.96,5.414959592942936,5.109959592942936,
35.98,5.438928790660092,5.133928790660091,
36.0,5.45870426441693,5.1537042644169295,
36.02,5.446925124020504,5.141925124020504,
36.04,5.430952062480804,5.1259520624808035,
36.06,5.414979059833948,5.109979059833948,
36.08,5.399006112944893,5.094006112944893,
36.1,5.383033218828004,5.078033218828003,
36.12,5.367060439384674,5.062060439384673,
36.14,5.351087828315125,5.046087828315124,
36.16,5.3351153857915525,5.030115385791552,
36.18,5.319143037574111,5.014143037574111,
36.2,5.303170738086389,4.9981707380863885,
36.22,5.287198484227311,4.98219848422731,
36.24,5.271226272899144,4.966226272899143,
36.26,5.255254101007643,4.950254101007642,
36.28,5.239281965462025,4.9342819654620245,
36.3,5.2233098631751105,4.91830986317511,
36.32,5.207337791063298,4.902337791063298,
36.34,5.191365746046692,4.886365746046692,
36.36,5.175393725049135,4.8703937250491345,
36.38,5.159421724998221,4.85442172499822,
36.4,5.143449742825464,4.838449742825463,
36.42,5.127477775466239,4.822477775466238,
36.44,5.111505819859955,4.806505819859955,
36.46,5.095533878282942,4.790533878282941,
36.48,5.079562066236677,4.774562066236676,
36.5,5.063590432951978,4.758590432951977,
36.52,5.047618980125736,4.7426189801257355,
36.54,5.031647709476412,4.726647709476412,
36.56,5.015676622744307,4.710676622744306,
36.58,4.999705721691943,4.694705721691943,
36.6,4.983735008104397,4.678735008104397,
36.62,4.967764483789716,4.662764483789715,
36.64,4.9517941505792,4.6467941505792,
36.66,4.935824010327887,4.630824010327887,
36.68,4.919854064914826,4.614854064914826,
36.7,4.90388431624355,4.5988843162435495,
36.72,4.887914766242442,4.582914766242442,
36.74,4.871945416865131,4.5669454168651304,
36.76,4.855976270090939,4.550976270090938,
36.78,4.840007327925272,4.535007327925271,
36.8,4.824038592400066,4.519038592400065,
36.82,4.808070065574226,4.503070065574225,
36.84,4.79210174953407,4.4871017495340695,
36.86,4.776133646393807,4.471133646393806,
36.88,4.7601657582959565,4.455165758295956,
36.9,4.744198087411881,4.439198087411881,
36.92,4.728230635942219,4.423230635942218,
36.94,4.712263406117437,4.407263406117436,
36.96,4.696296400198273,4.391296400198272,
36.98,4.680329620476315,4.375329620476315,
37.0,4.664363069274461,4.35936306927446,
37.02,4.648396748947511,4.3433967489475105,
37.04,4.632430661882709,4.327430661882708,
37.06,4.616464810500254,4.3114648105002535,
37.08,4.600499197253944,4.295499197253943,
37.1,4.584533824631677,4.2795338246316765,
37.12,4.568568695156144,4.263568695156144,
37.14,4.552603811385331,4.24760381138533,
37.16,4.536639175913231,4.23163917591323,
37.18,4.520674791370417,4.215674791370416,
37.2,4.504710660424719,4.199710660424718,
37.22,4.4887467857818795,4.183746785781879,
37.24,4.472583516993239,4.167583516993238,
37.26,4.456176498808095,4.151176498808095,
37.28,4.439769758345324,4.134769758345324,
37.3,4.423363298695252,4.118363298695251,
37.32,4.406957122995194,4.101957122995193,
37.34,4.3905961530123365,4.085596153012336,
37.36,4.37455344632785,4.069553446327849,
37.38,4.358591762018745,4.053591762018744,
37.4,4.342630360622283,4.037630360622282,
37.42,4.3266692452701205,4.02166924527012,
37.44,4.310708419141725,4.005708419141724,
37.46,4.294747885459182,3.9897478854591815,
37.48,4.278787647495458,3.9737876474954574,
37.5,4.262827708572466,3.957827708572466,
37.52,4.246868072061794,3.941868072061794,
37.54,4.230908741385324,3.925908741385324,
37.56,4.214949720017099,3.909949720017099,
37.58,4.198991011483924,3.8939910114839242,
37.6,4.183032619366324,3.878032619366324,
37.62,4.167074547299567,3.862074547299567,
37.64,4.1511167989744155,3.8461167989744154,
37.66,4.135159378139516,3.830159378139516,
37.68,4.119202288600639,3.814202288600639,
37.7,4.103245534223009,3.798245534223009,
37.72,4.087289118932053,3.7822891189320527,
37.74,4.071333046714543,3.7663330467145433,
37.76,4.055377281608413,3.750377281608413,
37.78,4.039421660757253,3.734421660757253,
37.8,4.0234661789974595,3.7184661789974593,
37.82,4.0075110041005715,3.7025110041005713,
37.84,3.991556188588577,3.6865561885885767,
37.86,3.975601736788301,3.670601736788301,
37.88,3.9596476530962494,3.6546476530962493,
37.9,3.943693941979888,3.638693941979888,
37.92,3.927740607979218,3.622740607979218,
37.94,3.911787655708202,3.6067876557082017,
37.96,3.895835089856218,3.590835089856218,
37.98,3.8798829151897007,3.5748829151897006,
38.0,3.863931136553645,3.5589311365536447,
38.02,3.8479797588732843,3.542979758873284,
38.04,3.8320287871557337,3.5270287871557335,
38.06,3.8160782264916775,3.5110782264916773,
38.08,3.800128082057165,3.495128082057165,
38.1,3.784178359115347,3.479178359115347,
38.12,3.7682290630183837,3.4632290630183835,
38.14,3.7522801992092445,3.4472801992092443,
38.16,3.736331773223722,3.4313317732237216,
38.18,3.7203837906923485,3.4153837906923483,
38.2,3.7044362573424747,3.3994362573424746,
38.22,3.6884891790003467,3.3834891790003465,
38.24,3.6725425615932212,3.367542561593221,
38.26,3.6565964111515963,3.351596411151596,
38.28,3.6406507338114156,3.3356507338114154,
38.3,3.6247055358164615,3.3197055358164613,
38.32,3.6087608235206288,3.3037608235206286,
38.34,3.592816603390434,3.287816603390434,
38.36,3.576872882007506,3.271872882007506,
38.38,3.5609296660711025,3.2559296660711023,
38.4,3.5449869624008237,3.2399869624008235,
38.42,3.529044777939244,3.224044777939244,
38.44,3.513103119754768,3.208103119754768,
38.46,3.497161995044413,3.1921619950444127,
38.48,3.481221411136797,3.176221411136797,
38.5,3.465281375495141,3.1602813754951407,
38.52,3.449341895720343,3.144341895720343,
38.54,3.4334029795542036,3.1284029795542034,
38.56,3.4174646348826627,3.1124646348826626,
38.58,3.4015268697391865,3.0965268697391863,
38.6,3.3855896923081956,3.0805896923081955,
38.62,3.3696531109286845,3.0646531109286843,
38.64,3.35371713409779,3.0487171340977897,
38.66,3.3377817704746353,3.032781770474635,
38.68,3.321847028884141,3.0168470288841407,
38.7,3.305912918321041,3.000912918321041,
38.72,3.2899794479539604,2.98497944795396,
38.74,3.2740466271296205,2.9690466271296203,
38.76,3.258114465377213,2.953114465377213,
38.78,3.242182972412801,2.937182972412801,
38.8,3.226252158143987,2.9212521581439868,
38.82,3.2103220326745894,2.905322032674589,
38.84,3.194392606309529,2.8893926063095288,
38.86,3.1784638895598647,2.8734638895598645,
38.88,3.162535893147929,2.857535893147929,
38.9,3.1466086280126873,2.841608628012687,
38.92,3.1306821053151848,2.8256821053151846,
38.94,3.1147563364442337,2.8097563364442335,
38.96,3.0988313330222064,2.793831333022206,
38.98,3.0829071069110783,2.777907106911078,
39.0,3.0669836702185758,2.7619836702185756,
39.02,3.051060922912649,2.746060922912649,
39.04,3.0351386777967653,2.730138677796765,
39.06,3.019216936579017,2.714216936579017,
39.08,3.003295881865341,2.6982958818653406,
39.1,2.9873756709139903,2.68237567091399,
39.12,2.9714563172868327,2.6664563172868325,
39.14,2.9555378348372243,2.650537834837224,
39.16,2.939620237717866,2.634620237717866,
39.18,2.9237035403888196,2.6187035403888195,
39.2,2.907787757625964,2.602787757625964,
39.22,2.8918729045295826,2.5868729045295824,
39.24,2.8759589965333063,2.570958996533306,
39.26,2.8600460494133717,2.5550460494133715,
39.28,2.8441340792980827,2.5391340792980825,
39.3,2.8282231026777476,2.5232231026777474,
39.32,2.8123131364147698,2.5073131364147696,
39.34,2.7964041977542577,2.4914041977542576,
39.36,2.7804963043348634,2.4754963043348632,
39.38,2.7645894742000294,2.4595894742000293,
39.4,2.748683725809685,2.443683725809685,
39.42,2.732779078052225,2.427779078052225,
39.44,2.7168755502570594,2.4118755502570592,
39.46,2.70097316220743,2.39597316220743,
39.48,2.685071934153838,2.380071934153838,
39.5,2.6691718868278365,2.3641718868278363,
39.52,2.6532730414563597,2.3482730414563595,
39.54,2.6373754197765895,2.3323754197765894,
39.56,2.6214790440512714,2.3164790440512713,
39.58,2.605583937084711,2.3005839370847108,
39.6,2.5896901222392,2.2846901222392,
39.62,2.5737976234522373,2.268797623452237,
39.64,2.557906465254163,2.252906465254163,
39.66,2.5420166727866618,2.2370166727866616,
39.68,2.526128271821769,2.221128271821769,
39.7,2.5102412887817613,2.205241288781761,
39.72,2.494355750759676,2.1893557507596757,
39.74,2.4784716855406166,2.1734716855406164,
39.76,2.4625891216240077,2.1575891216240075,
39.78,2.446708088246493,2.1417080882464927,
39.8,2.4308286154059395,2.1258286154059394,
39.82,2.4149507338862,2.1099507338862,
39.84,2.399074475282968,2.0940744752829676,
39.86,2.3831998720305876,2.0781998720305874,
39.88,2.3673269574299547,2.0623269574299545,
39.9,2.3514557656775437,2.0464557656775435,
