#	Family	Interaction	Background	Total	Ghi chú
101	empty_safe	0	12	12	Toàn bộ xa trục
102	static_people	4 đứng	8	12	Mode stationary
103	single_crossing	1 cắt	9	10	BG thêm 1 ở y=2.6
104	multi_crossing	3 cắt	8	11	x lệch nhau
105	head_on	2 ngược	8	10	Lệch y ±0.4
106	same_direction	2 cùng chiều	8	10	v=0.36, 0.44
107	mixed_flow	2+2	8	12	Hai chiều
108	group_blocking	4 cụm	8	12	Mode stationary
109	wait_then_cross	2 scripted	8	10	Timing lệch 5s
110	door_entry	2 vào	8	10	Rẽ bắc
111	door_exit	2 ra	8	10	Rẽ nam
112	yielding	1+1 mixed	8	10	human_yields + robot_should_yield
113	dense_social	4 hỗn	8	12	Tất cả behavior