episode_id,scenario_family,seed,density,status,outcome,attempts,reason
ep_000001,empty,123983432,medium,PASS,success,3,Recovered recorded SUCCESS after compressed-bag reader fix
ep_000002,empty,1964805432,high,PASS,success,1,nav_goal_reached
ep_000003,empty,404414509,medium,PASS,success,1,nav_goal_reached
ep_000004,empty,1979712909,medium,FAIL_INFRASTRUCTURE,,3,"HuNavError: load_failed: HuNav nodes already running outside manager: ['5054 /usr/bin/python3 /opt/ros/humble/bin/ros2 run hunav_agent_manager hunav_loader --ros-args --params-file /home/hunav_gz_fortress_ws/src/hunav_gazebo_fortress_wrapper/scenarios/ep_000009.yaml', '5119 /home/hunav_gz_fortress_ws/install/hunav_agent_manager/lib/hunav_agent_manager/hunav_loader --ros-args --params-file /home/hunav_gz_fortress_ws/src/hunav_gazebo_fortress_wrapper/scenarios/ep_000009.yaml', '5129 /usr/bin/pytho"
ep_000005,empty,580572817,high,PASS,stuck,3,robot_stuck
ep_000006,empty,1188013262,medium,FAIL_INFRASTRUCTURE,,1,probe_unavailable: No module named 'rclpy'
ep_000007,empty,53703489,medium,FAIL_INFRASTRUCTURE,,1,probe_unavailable: No module named 'rclpy'
ep_000008,empty,510100977,low,FAIL_INFRASTRUCTURE,,1,probe_unavailable: No module named 'rclpy'
ep_000009,empty,1032933155,low,RUNNING,,1,
ep_000010,empty,1351877879,high,PLANNED,,0,
ep_000011,empty,1263218847,low,PLANNED,,0,
ep_000012,empty,2016862008,low,PLANNED,,0,
ep_000013,empty,619274144,high,PLANNED,,0,
ep_000014,empty,720727437,medium,PLANNED,,0,
ep_000015,empty,371372515,low,PLANNED,,0,
ep_000016,empty,446817462,low,PLANNED,,0,
ep_000017,empty,1838376717,low,PLANNED,,0,
ep_000018,empty,2052147191,medium,PLANNED,,0,
ep_000019,empty,2004127862,high,PLANNED,,0,
ep_000020,empty,385354568,high,PLANNED,,0,
ep_000021,head_on,1789892062,high,PASS,stuck,1,robot_stuck
ep_000022,head_on,1552925227,medium,PLANNED,,0,
ep_000023,head_on,1368661708,medium,PLANNED,,0,
ep_000024,head_on,194148757,low,PLANNED,,0,
ep_000025,head_on,776492737,low,PLANNED,,0,
ep_000026,head_on,695410841,high,PLANNED,,0,
ep_000027,head_on,363180415,medium,PLANNED,,0,
ep_000028,head_on,1334795103,low,PLANNED,,0,
ep_000029,head_on,276543568,low,PLANNED,,0,
ep_000030,head_on,194097785,low,PLANNED,,0,
ep_000031,head_on,1746339368,high,PLANNED,,0,
ep_000032,head_on,1853147046,medium,PLANNED,,0,
ep_000033,head_on,135462155,medium,PLANNED,,0,
ep_000034,head_on,1401731410,low,PLANNED,,0,
ep_000035,head_on,1970190061,medium,PLANNED,,0,
ep_000036,head_on,1103309086,high,PLANNED,,0,
ep_000037,head_on,1764151029,high,PLANNED,,0,
ep_000038,head_on,1201109388,low,PLANNED,,0,
ep_000039,head_on,763390695,medium,PLANNED,,0,
ep_000040,head_on,794008040,high,PLANNED,,0,
ep_000041,head_on,1454183398,high,PLANNED,,0,
ep_000042,head_on,2060950443,high,PLANNED,,0,
ep_000043,head_on,1442696963,low,PLANNED,,0,
ep_000044,head_on,226984004,low,PLANNED,,0,
ep_000045,head_on,2075303083,medium,PLANNED,,0,
ep_000046,same_direction,195122221,medium,PLANNED,,0,
ep_000047,same_direction,1476783411,high,PLANNED,,0,
ep_000048,same_direction,397709604,medium,PLANNED,,0,
ep_000049,same_direction,797642388,low,PLANNED,,0,
ep_000050,same_direction,753624977,low,PLANNED,,0,
ep_000051,same_direction,1368635798,low,PLANNED,,0,
ep_000052,same_direction,568043101,high,PLANNED,,0,
ep_000053,same_direction,547806246,high,PLANNED,,0,
ep_000054,same_direction,1717570374,medium,PLANNED,,0,
ep_000055,same_direction,1940905355,low,PLANNED,,0,
ep_000056,same_direction,455870534,high,PLANNED,,0,
ep_000057,same_direction,1754876597,low,PLANNED,,0,
ep_000058,same_direction,1785071393,low,PLANNED,,0,
ep_000059,same_direction,485995841,medium,PLANNED,,0,
ep_000060,same_direction,1614088774,medium,PLANNED,,0,
ep_000061,same_direction,3052971,high,PLANNED,,0,
ep_000062,same_direction,432409401,low,PLANNED,,0,
ep_000063,same_direction,1202979560,medium,PLANNED,,0,
ep_000064,same_direction,934481500,high,PLANNED,,0,
ep_000065,same_direction,1798046903,low,PLANNED,,0,
ep_000066,same_direction,1855054913,medium,PLANNED,,0,
ep_000067,same_direction,555563921,low,PLANNED,,0,
ep_000068,same_direction,42101715,high,PLANNED,,0,
ep_000069,same_direction,854933801,medium,PLANNED,,0,
ep_000070,same_direction,41565062,high,PLANNED,,0,
ep_000071,crossing,1989179696,medium,PLANNED,,0,
ep_000072,crossing,18349992,medium,PLANNED,,0,
ep_000073,crossing,818472949,high,PLANNED,,0,
ep_000074,crossing,381424368,high,PLANNED,,0,
ep_000075,crossing,995988151,high,PLANNED,,0,
ep_000076,crossing,654845206,high,PLANNED,,0,
ep_000077,crossing,135463581,low,PLANNED,,0,
ep_000078,crossing,589516019,medium,PLANNED,,0,
ep_000079,crossing,1880881377,high,PLANNED,,0,
ep_000080,crossing,1416863324,low,PLANNED,,0,
ep_000081,crossing,864486763,medium,PLANNED,,0,
ep_000082,crossing,1270553523,low,PLANNED,,0,
ep_000083,crossing,1481990410,high,PLANNED,,0,
ep_000084,crossing,638784152,low,PLANNED,,0,
ep_000085,crossing,516237889,medium,PLANNED,,0,
ep_000086,crossing,126278360,low,PLANNED,,0,
ep_000087,crossing,252552130,high,PLANNED,,0,
ep_000088,crossing,1095412198,high,PLANNED,,0,
ep_000089,crossing,785272650,medium,PLANNED,,0,
ep_000090,crossing,1890869567,low,PLANNED,,0,
ep_000091,crossing,1268087856,low,PLANNED,,0,
ep_000092,crossing,650556862,medium,PLANNED,,0,
ep_000093,crossing,40669226,low,PLANNED,,0,
ep_000094,crossing,1960960884,low,PLANNED,,0,
ep_000095,crossing,15031620,medium,PLANNED,,0,
ep_000096,exit_room,943549447,high,PLANNED,,0,
ep_000097,exit_room,314990603,low,PLANNED,,0,
ep_000098,exit_room,1439035584,medium,PLANNED,,0,
ep_000099,exit_room,1097097261,high,PLANNED,,0,
ep_000100,exit_room,1761167211,high,PLANNED,,0,
ep_000101,exit_room,190159348,low,PLANNED,,0,
ep_000102,exit_room,1289384224,low,PLANNED,,0,
ep_000103,exit_room,330103397,low,PLANNED,,0,
ep_000104,exit_room,821506796,low,PLANNED,,0,
ep_000105,exit_room,1451720297,medium,PLANNED,,0,
ep_000106,exit_room,420091891,medium,PLANNED,,0,
ep_000107,exit_room,848941142,low,PLANNED,,0,
ep_000108,exit_room,1648071166,medium,PLANNED,,0,
ep_000109,exit_room,268322299,medium,PLANNED,,0,
ep_000110,exit_room,2021426741,medium,PLANNED,,0,
ep_000111,exit_room,1019385496,low,PLANNED,,0,
ep_000112,exit_room,1405226516,high,PLANNED,,0,
ep_000113,exit_room,2120659353,high,PLANNED,,0,
ep_000114,exit_room,1238469796,low,PLANNED,,0,
ep_000115,exit_room,684931852,high,PLANNED,,0,
ep_000116,exit_room,1611326505,high,PLANNED,,0,
ep_000117,exit_room,1628358126,medium,PLANNED,,0,
ep_000118,exit_room,1943514675,low,PLANNED,,0,
ep_000119,exit_room,294561731,medium,PLANNED,,0,
ep_000120,exit_room,2059258229,high,PLANNED,,0,
ep_000121,enter_room,1443343921,low,PLANNED,,0,
ep_000122,enter_room,1739005387,low,PLANNED,,0,
ep_000123,enter_room,518552376,low,PLANNED,,0,
ep_000124,enter_room,1557960688,medium,PLANNED,,0,
ep_000125,enter_room,685798848,high,PLANNED,,0,
ep_000126,enter_room,1949874256,low,PLANNED,,0,
ep_000127,enter_room,1475149219,high,PLANNED,,0,
ep_000128,enter_room,399198031,medium,PLANNED,,0,
ep_000129,enter_room,2021205850,low,PLANNED,,0,
ep_000130,enter_room,1855762505,high,PLANNED,,0,
ep_000131,enter_room,1693414354,low,PLANNED,,0,
ep_000132,enter_room,168508925,medium,PLANNED,,0,
ep_000133,enter_room,864191556,medium,PLANNED,,0,
ep_000134,enter_room,1803610161,high,PLANNED,,0,
ep_000135,enter_room,1765813541,medium,PLANNED,,0,
ep_000136,enter_room,240506195,high,PLANNED,,0,
ep_000137,enter_room,1074131934,medium,PLANNED,,0,
ep_000138,enter_room,271389741,medium,PLANNED,,0,
ep_000139,enter_room,1737801199,high,PLANNED,,0,
ep_000140,enter_room,1696253362,low,PLANNED,,0,
ep_000141,enter_room,1156109107,medium,PLANNED,,0,
ep_000142,enter_room,377611907,low,PLANNED,,0,
ep_000143,enter_room,576866993,low,PLANNED,,0,
ep_000144,enter_room,643439793,high,PLANNED,,0,
ep_000145,enter_room,232461459,high,PLANNED,,0,
ep_000146,merge,383869492,low,PLANNED,,0,
ep_000147,merge,1805728086,low,PLANNED,,0,
ep_000148,merge,2031193603,low,PLANNED,,0,
ep_000149,merge,1339983035,high,PLANNED,,0,
ep_000150,merge,1871880354,low,PLANNED,,0,
ep_000151,merge,888483157,high,PLANNED,,0,
ep_000152,merge,2016510559,medium,PLANNED,,0,
ep_000153,merge,1439857914,medium,PLANNED,,0,
ep_000154,merge,1137284069,medium,PLANNED,,0,
ep_000155,merge,1117155088,high,PLANNED,,0,
ep_000156,merge,714122012,low,PLANNED,,0,
ep_000157,merge,1032770622,medium,PLANNED,,0,
ep_000158,merge,910053600,high,PLANNED,,0,
ep_000159,merge,1098479083,low,PLANNED,,0,
ep_000160,merge,244888078,low,PLANNED,,0,
ep_000161,merge,821402014,medium,PLANNED,,0,
ep_000162,merge,663665224,low,PLANNED,,0,
ep_000163,merge,1215830966,low,PLANNED,,0,
ep_000164,merge,1435982118,high,PLANNED,,0,
ep_000165,merge,193185238,high,PLANNED,,0,
ep_000166,merge,1877111541,medium,PLANNED,,0,
ep_000167,merge,835141474,high,PLANNED,,0,
ep_000168,merge,2000180074,medium,PLANNED,,0,
ep_000169,merge,1281483905,medium,PLANNED,,0,
ep_000170,merge,80985259,high,PLANNED,,0,
ep_000171,diverge,1651707234,low,PLANNED,,0,
ep_000172,diverge,1174487023,medium,PLANNED,,0,
ep_000173,diverge,1462932891,medium,PLANNED,,0,
ep_000174,diverge,2143536802,high,PLANNED,,0,
ep_000175,diverge,1444832711,low,PLANNED,,0,
ep_000176,diverge,385095562,high,PLANNED,,0,
ep_000177,diverge,22247156,high,PLANNED,,0,
ep_000178,diverge,1171628477,high,PLANNED,,0,
ep_000179,diverge,642941022,low,PLANNED,,0,
ep_000180,diverge,440400905,low,PLANNED,,0,
ep_000181,diverge,1031516800,low,PLANNED,,0,
ep_000182,diverge,1968878323,medium,PLANNED,,0,
ep_000183,diverge,2028203855,low,PLANNED,,0,
ep_000184,diverge,244132043,medium,PLANNED,,0,
ep_000185,diverge,511254709,medium,PLANNED,,0,
ep_000186,diverge,563185381,high,PLANNED,,0,
ep_000187,diverge,1800700846,low,PLANNED,,0,
ep_000188,diverge,1979890410,high,PLANNED,,0,
ep_000189,diverge,1486295630,high,PLANNED,,0,
ep_000190,diverge,567671866,medium,PLANNED,,0,
ep_000191,diverge,980965482,low,PLANNED,,0,
ep_000192,diverge,1639024721,medium,PLANNED,,0,
ep_000193,diverge,1128877429,high,PLANNED,,0,
ep_000194,diverge,655842903,medium,PLANNED,,0,
ep_000195,diverge,787073008,low,PLANNED,,0,
ep_000196,overtake_robot,1331749094,low,PLANNED,,0,
ep_000197,overtake_robot,1251933598,medium,PLANNED,,0,
ep_000198,overtake_robot,769437688,high,PLANNED,,0,
ep_000199,overtake_robot,1480969999,medium,PLANNED,,0,
ep_000200,overtake_robot,1063389975,medium,PLANNED,,0,
ep_000201,overtake_robot,641088007,high,PLANNED,,0,
ep_000202,overtake_robot,1963421020,high,PLANNED,,0,
ep_000203,overtake_robot,1404754449,low,PLANNED,,0,
ep_000204,overtake_robot,1963342978,high,PLANNED,,0,
ep_000205,overtake_robot,1177643322,low,PLANNED,,0,
ep_000206,overtake_robot,494498608,high,PLANNED,,0,
ep_000207,overtake_robot,1880804649,low,PLANNED,,0,
ep_000208,overtake_robot,1256406722,high,PLANNED,,0,
ep_000209,overtake_robot,1511118623,low,PLANNED,,0,
ep_000210,overtake_robot,13814449,medium,PLANNED,,0,
ep_000211,overtake_robot,1188459983,medium,PLANNED,,0,
ep_000212,overtake_robot,1264795720,medium,PLANNED,,0,
ep_000213,overtake_robot,981971263,medium,PLANNED,,0,
ep_000214,overtake_robot,1565188343,high,PLANNED,,0,
ep_000215,overtake_robot,144896612,low,PLANNED,,0,
ep_000216,overtake_robot,921595907,medium,PLANNED,,0,
ep_000217,overtake_robot,2095755121,low,PLANNED,,0,
ep_000218,overtake_robot,602477397,high,PLANNED,,0,
ep_000219,overtake_robot,1895503902,low,PLANNED,,0,
ep_000220,overtake_robot,1651943385,low,PLANNED,,0,
ep_000221,robot_overtake,1167847896,low,PLANNED,,0,
ep_000222,robot_overtake,656765341,high,PLANNED,,0,
ep_000223,robot_overtake,283717248,low,PLANNED,,0,
ep_000224,robot_overtake,1977382606,low,PLANNED,,0,
ep_000225,robot_overtake,1903511059,high,PLANNED,,0,
ep_000226,robot_overtake,1581715184,medium,PLANNED,,0,
ep_000227,robot_overtake,1319986598,medium,PLANNED,,0,
ep_000228,robot_overtake,50961247,low,PLANNED,,0,
ep_000229,robot_overtake,452217248,low,PLANNED,,0,
ep_000230,robot_overtake,1213817966,medium,PLANNED,,0,
ep_000231,robot_overtake,1850009568,high,PLANNED,,0,
ep_000232,robot_overtake,2085666607,high,PLANNED,,0,
ep_000233,robot_overtake,1920489690,low,PLANNED,,0,
ep_000234,robot_overtake,789498502,medium,PLANNED,,0,
ep_000235,robot_overtake,694176285,low,PLANNED,,0,
ep_000236,robot_overtake,1376389929,medium,PLANNED,,0,
ep_000237,robot_overtake,98297157,high,PLANNED,,0,
ep_000238,robot_overtake,1435994847,low,PLANNED,,0,
ep_000239,robot_overtake,1767635853,low,PLANNED,,0,
ep_000240,robot_overtake,650155390,high,PLANNED,,0,
ep_000241,robot_overtake,1184521110,high,PLANNED,,0,
ep_000242,robot_overtake,1419939748,medium,PLANNED,,0,
ep_000243,robot_overtake,1292381355,medium,PLANNED,,0,
ep_000244,robot_overtake,122615590,medium,PLANNED,,0,
ep_000245,robot_overtake,259725910,high,PLANNED,,0,
ep_000246,stop_resume,1183488829,low,PLANNED,,0,
ep_000247,stop_resume,673639597,high,PLANNED,,0,
ep_000248,stop_resume,492402792,medium,PLANNED,,0,
ep_000249,stop_resume,275101768,medium,PLANNED,,0,
ep_000250,stop_resume,1850558823,high,PLANNED,,0,
ep_000251,stop_resume,295224391,medium,PLANNED,,0,
ep_000252,stop_resume,1154489031,low,PLANNED,,0,
ep_000253,stop_resume,514690945,low,PLANNED,,0,
ep_000254,stop_resume,1789408576,low,PLANNED,,0,
ep_000255,stop_resume,495590193,high,PLANNED,,0,
ep_000256,stop_resume,1253462941,low,PLANNED,,0,
ep_000257,stop_resume,743315116,low,PLANNED,,0,
ep_000258,stop_resume,1086339923,high,PLANNED,,0,
ep_000259,stop_resume,1836705012,low,PLANNED,,0,
ep_000260,stop_resume,422350609,medium,PLANNED,,0,
ep_000261,stop_resume,1178272695,high,PLANNED,,0,
ep_000262,stop_resume,43184803,medium,PLANNED,,0,
ep_000263,stop_resume,1907753429,low,PLANNED,,0,
ep_000264,stop_resume,2025549622,medium,PLANNED,,0,
ep_000265,stop_resume,1341301639,medium,PLANNED,,0,
ep_000266,stop_resume,786480119,medium,PLANNED,,0,
ep_000267,stop_resume,1562997316,low,PLANNED,,0,
ep_000268,stop_resume,1062032171,high,PLANNED,,0,
ep_000269,stop_resume,1250015010,high,PLANNED,,0,
ep_000270,stop_resume,1260991557,high,PLANNED,,0,
ep_000271,waiting_person,663275688,low,PLANNED,,0,
ep_000272,waiting_person,1103992889,low,PLANNED,,0,
ep_000273,waiting_person,164824562,high,PLANNED,,0,
ep_000274,waiting_person,2086330383,low,PLANNED,,0,
ep_000275,waiting_person,1404733991,low,PLANNED,,0,
ep_000276,waiting_person,1911283302,medium,PLANNED,,0,
ep_000277,waiting_person,904821630,low,PLANNED,,0,
ep_000278,waiting_person,1121632552,medium,PLANNED,,0,
ep_000279,waiting_person,90792683,medium,PLANNED,,0,
ep_000280,waiting_person,32557048,low,PLANNED,,0,
ep_000281,waiting_person,1693755705,high,PLANNED,,0,
ep_000282,waiting_person,386921540,high,PLANNED,,0,
ep_000283,waiting_person,1375898634,medium,PLANNED,,0,
ep_000284,waiting_person,1765444057,high,PLANNED,,0,
ep_000285,waiting_person,1925763434,medium,PLANNED,,0,
ep_000286,waiting_person,1458371566,low,PLANNED,,0,
ep_000287,waiting_person,374753432,low,PLANNED,,0,
ep_000288,waiting_person,65294491,medium,PLANNED,,0,
ep_000289,waiting_person,1060203944,high,PLANNED,,0,
ep_000290,waiting_person,1467754902,medium,PLANNED,,0,
ep_000291,waiting_person,516895366,high,PLANNED,,0,
ep_000292,waiting_person,873280711,low,PLANNED,,0,
ep_000293,waiting_person,1424673343,medium,PLANNED,,0,
ep_000294,waiting_person,1476127494,high,PLANNED,,0,
ep_000295,waiting_person,1150110050,high,PLANNED,,0,
ep_000296,sudden_entry,782563784,high,PLANNED,,0,
ep_000297,sudden_entry,304177622,low,PLANNED,,0,
ep_000298,sudden_entry,2038069250,medium,PLANNED,,0,
ep_000299,sudden_entry,181164221,high,PLANNED,,0,
ep_000300,sudden_entry,1080217326,medium,PLANNED,,0,
ep_000301,sudden_entry,1868925849,medium,PLANNED,,0,
ep_000302,sudden_entry,901937479,low,PLANNED,,0,
ep_000303,sudden_entry,304472905,low,PLANNED,,0,
ep_000304,sudden_entry,878386601,high,PLANNED,,0,
ep_000305,sudden_entry,1077571669,low,PLANNED,,0,
ep_000306,sudden_entry,759978870,medium,PLANNED,,0,
ep_000307,sudden_entry,454232820,high,PLANNED,,0,
ep_000308,sudden_entry,1595940889,high,PLANNED,,0,
ep_000309,sudden_entry,41382310,high,PLANNED,,0,
ep_000310,sudden_entry,1890215794,low,PLANNED,,0,
ep_000311,sudden_entry,1115062178,low,PLANNED,,0,
ep_000312,sudden_entry,2137887606,medium,PLANNED,,0,
ep_000313,sudden_entry,1208585901,high,PLANNED,,0,
ep_000314,sudden_entry,1278857410,low,PLANNED,,0,
ep_000315,sudden_entry,2018848848,low,PLANNED,,0,
ep_000316,sudden_entry,64675279,medium,PLANNED,,0,
ep_000317,sudden_entry,1175726756,low,PLANNED,,0,
ep_000318,sudden_entry,481151326,high,PLANNED,,0,
ep_000319,sudden_entry,830633397,medium,PLANNED,,0,
ep_000320,sudden_entry,1128450380,medium,PLANNED,,0,
ep_000321,blind_corner,1128625809,medium,PLANNED,,0,
ep_000322,blind_corner,1418565672,medium,PLANNED,,0,
ep_000323,blind_corner,77744309,low,PLANNED,,0,
ep_000324,blind_corner,544906989,high,PLANNED,,0,
ep_000325,blind_corner,1854646853,high,PLANNED,,0,
ep_000326,blind_corner,458260871,low,PLANNED,,0,
ep_000327,blind_corner,709890087,high,PLANNED,,0,
ep_000328,blind_corner,1278179740,high,PLANNED,,0,
ep_000329,blind_corner,90481229,medium,PLANNED,,0,
ep_000330,blind_corner,1487493782,medium,PLANNED,,0,
ep_000331,blind_corner,1680998375,low,PLANNED,,0,
ep_000332,blind_corner,1456406697,high,PLANNED,,0,
ep_000333,blind_corner,682185892,low,PLANNED,,0,
ep_000334,blind_corner,1291537759,medium,PLANNED,,0,
ep_000335,blind_corner,513791765,medium,PLANNED,,0,
ep_000336,blind_corner,708263125,high,PLANNED,,0,
ep_000337,blind_corner,1465076184,low,PLANNED,,0,
ep_000338,blind_corner,1058413963,low,PLANNED,,0,
ep_000339,blind_corner,1558410110,high,PLANNED,,0,
ep_000340,blind_corner,1268280881,low,PLANNED,,0,
ep_000341,blind_corner,777184788,medium,PLANNED,,0,
ep_000342,blind_corner,1796825407,low,PLANNED,,0,
ep_000343,blind_corner,967328970,medium,PLANNED,,0,
ep_000344,blind_corner,2050186244,low,PLANNED,,0,
ep_000345,blind_corner,1774572889,high,PLANNED,,0,
ep_000346,door_bottleneck,787159584,medium,PLANNED,,0,
ep_000347,door_bottleneck,270711509,high,PLANNED,,0,
ep_000348,door_bottleneck,882158331,low,PLANNED,,0,
ep_000349,door_bottleneck,1755012969,high,PLANNED,,0,
ep_000350,door_bottleneck,1363065199,high,PLANNED,,0,
ep_000351,door_bottleneck,1229279336,medium,PLANNED,,0,
ep_000352,door_bottleneck,670875371,low,PLANNED,,0,
ep_000353,door_bottleneck,979445878,low,PLANNED,,0,
ep_000354,door_bottleneck,2031437918,high,PLANNED,,0,
ep_000355,door_bottleneck,676626853,medium,PLANNED,,0,
ep_000356,door_bottleneck,374153818,high,PLANNED,,0,
ep_000357,door_bottleneck,2138023055,medium,PLANNED,,0,
ep_000358,door_bottleneck,1101784239,high,PLANNED,,0,
ep_000359,door_bottleneck,2137055777,low,PLANNED,,0,
ep_000360,door_bottleneck,1701256342,low,PLANNED,,0,
ep_000361,door_bottleneck,150858949,high,PLANNED,,0,
ep_000362,door_bottleneck,281059051,medium,PLANNED,,0,
ep_000363,door_bottleneck,1612709443,medium,PLANNED,,0,
ep_000364,door_bottleneck,1350653702,low,PLANNED,,0,
ep_000365,door_bottleneck,1333389798,high,PLANNED,,0,
ep_000366,door_bottleneck,1554811722,medium,PLANNED,,0,
ep_000367,door_bottleneck,954980593,low,PLANNED,,0,
ep_000368,door_bottleneck,1779650036,low,PLANNED,,0,
ep_000369,door_bottleneck,452502400,low,PLANNED,,0,
ep_000370,door_bottleneck,613217876,medium,PLANNED,,0,
ep_000371,narrow_passing,1375849416,high,PLANNED,,0,
ep_000372,narrow_passing,1100392750,high,PLANNED,,0,
ep_000373,narrow_passing,1991670870,medium,PLANNED,,0,
ep_000374,narrow_passing,1445469961,medium,PLANNED,,0,
ep_000375,narrow_passing,988122123,medium,PLANNED,,0,
ep_000376,narrow_passing,685573205,low,PLANNED,,0,
ep_000377,narrow_passing,286131692,medium,PLANNED,,0,
ep_000378,narrow_passing,34075466,low,PLANNED,,0,
ep_000379,narrow_passing,1232771682,medium,PLANNED,,0,
ep_000380,narrow_passing,1535111173,low,PLANNED,,0,
ep_000381,narrow_passing,793832473,medium,PLANNED,,0,
ep_000382,narrow_passing,619223512,high,PLANNED,,0,
ep_000383,narrow_passing,541069650,high,PLANNED,,0,
ep_000384,narrow_passing,685405101,medium,PLANNED,,0,
ep_000385,narrow_passing,1619000837,low,PLANNED,,0,
ep_000386,narrow_passing,775762057,high,PLANNED,,0,
ep_000387,narrow_passing,329323255,low,PLANNED,,0,
ep_000388,narrow_passing,2121476861,low,PLANNED,,0,
ep_000389,narrow_passing,2084001993,high,PLANNED,,0,
ep_000390,narrow_passing,922575782,high,PLANNED,,0,
ep_000391,narrow_passing,502790344,low,PLANNED,,0,
ep_000392,narrow_passing,1951847408,high,PLANNED,,0,
ep_000393,narrow_passing,477151059,low,PLANNED,,0,
ep_000394,narrow_passing,1678281251,medium,PLANNED,,0,
ep_000395,narrow_passing,1481379758,low,PLANNED,,0,
ep_000396,walking_group,341917791,medium,PLANNED,,0,
ep_000397,walking_group,1360517353,medium,PLANNED,,0,
ep_000398,walking_group,2001679428,medium,PLANNED,,0,
ep_000399,walking_group,441843343,low,PLANNED,,0,
ep_000400,walking_group,113615670,high,PLANNED,,0,
ep_000401,walking_group,259140747,low,PLANNED,,0,
ep_000402,walking_group,1255359013,low,PLANNED,,0,
ep_000403,walking_group,976923816,high,PLANNED,,0,
ep_000404,walking_group,1771716575,low,PLANNED,,0,
ep_000405,walking_group,1519581422,high,PLANNED,,0,
ep_000406,walking_group,2006970905,high,PLANNED,,0,
ep_000407,walking_group,531612270,high,PLANNED,,0,
ep_000408,walking_group,204844821,low,PLANNED,,0,
ep_000409,walking_group,1655701857,medium,PLANNED,,0,
ep_000410,walking_group,1618982852,high,PLANNED,,0,
ep_000411,walking_group,997007972,low,PLANNED,,0,
ep_000412,walking_group,861854364,high,PLANNED,,0,
ep_000413,walking_group,187210784,low,PLANNED,,0,
ep_000414,walking_group,1060416,low,PLANNED,,0,
ep_000415,walking_group,1876723061,medium,PLANNED,,0,
ep_000416,walking_group,256740596,medium,PLANNED,,0,
ep_000417,walking_group,749132475,medium,PLANNED,,0,
ep_000418,walking_group,1939567853,medium,PLANNED,,0,
ep_000419,walking_group,699245201,high,PLANNED,,0,
ep_000420,walking_group,1776389279,low,PLANNED,,0,
ep_000421,opposing_group,1302293204,low,PLANNED,,0,
ep_000422,opposing_group,1706955504,medium,PLANNED,,0,
ep_000423,opposing_group,1715371129,high,PLANNED,,0,
ep_000424,opposing_group,740077938,medium,PLANNED,,0,
ep_000425,opposing_group,365790463,high,PLANNED,,0,
ep_000426,opposing_group,329076512,low,PLANNED,,0,
ep_000427,opposing_group,1896429352,high,PLANNED,,0,
ep_000428,opposing_group,1032642966,high,PLANNED,,0,
ep_000429,opposing_group,2056388246,low,PLANNED,,0,
ep_000430,opposing_group,772309715,medium,PLANNED,,0,
ep_000431,opposing_group,895877030,medium,PLANNED,,0,
ep_000432,opposing_group,2003669575,high,PLANNED,,0,
ep_000433,opposing_group,2001862178,high,PLANNED,,0,
ep_000434,opposing_group,1924184799,low,PLANNED,,0,
ep_000435,opposing_group,827713641,medium,PLANNED,,0,
ep_000436,opposing_group,306007513,low,PLANNED,,0,
ep_000437,opposing_group,229500362,low,PLANNED,,0,
ep_000438,opposing_group,680246560,medium,PLANNED,,0,
ep_000439,opposing_group,2058568245,high,PLANNED,,0,
ep_000440,opposing_group,571008818,low,PLANNED,,0,
ep_000441,opposing_group,1435752684,medium,PLANNED,,0,
ep_000442,opposing_group,1644450922,low,PLANNED,,0,
ep_000443,opposing_group,1225364399,medium,PLANNED,,0,
ep_000444,opposing_group,603500690,high,PLANNED,,0,
ep_000445,opposing_group,1733146337,low,PLANNED,,0,
ep_000446,crossing_group,323619309,high,PLANNED,,0,
ep_000447,crossing_group,1744698325,medium,PLANNED,,0,
ep_000448,crossing_group,1465288209,low,PLANNED,,0,
ep_000449,crossing_group,1143117449,high,PLANNED,,0,
ep_000450,crossing_group,87735592,medium,PLANNED,,0,
ep_000451,crossing_group,1710600749,medium,PLANNED,,0,
ep_000452,crossing_group,2048383736,medium,PLANNED,,0,
ep_000453,crossing_group,1080943228,high,PLANNED,,0,
ep_000454,crossing_group,23433931,low,PLANNED,,0,
ep_000455,crossing_group,940568132,high,PLANNED,,0,
ep_000456,crossing_group,801418299,medium,PLANNED,,0,
ep_000457,crossing_group,703593335,high,PLANNED,,0,
ep_000458,crossing_group,14030052,low,PLANNED,,0,
ep_000459,crossing_group,327148082,high,PLANNED,,0,
ep_000460,crossing_group,144677755,medium,PLANNED,,0,
ep_000461,crossing_group,2085124310,low,PLANNED,,0,
ep_000462,crossing_group,556061275,low,PLANNED,,0,
ep_000463,crossing_group,1744132191,low,PLANNED,,0,
ep_000464,crossing_group,216838784,low,PLANNED,,0,
ep_000465,crossing_group,1587923113,low,PLANNED,,0,
ep_000466,crossing_group,624501492,low,PLANNED,,0,
ep_000467,crossing_group,1512876697,medium,PLANNED,,0,
ep_000468,crossing_group,1376421137,high,PLANNED,,0,
ep_000469,crossing_group,1357188581,high,PLANNED,,0,
ep_000470,crossing_group,1971476761,medium,PLANNED,,0,
ep_000471,conversation_group,272272306,medium,PLANNED,,0,
ep_000472,conversation_group,1590533850,high,PLANNED,,0,
ep_000473,conversation_group,843450816,medium,PLANNED,,0,
ep_000474,conversation_group,1460817799,medium,PLANNED,,0,
ep_000475,conversation_group,679718561,medium,PLANNED,,0,
ep_000476,conversation_group,1442340200,high,PLANNED,,0,
ep_000477,conversation_group,1561429058,high,PLANNED,,0,
ep_000478,conversation_group,839410516,low,PLANNED,,0,
ep_000479,conversation_group,1276905238,high,PLANNED,,0,
ep_000480,conversation_group,608110810,low,PLANNED,,0,
ep_000481,conversation_group,504943264,low,PLANNED,,0,
ep_000482,conversation_group,1451924800,low,PLANNED,,0,
ep_000483,conversation_group,1324722573,medium,PLANNED,,0,
ep_000484,conversation_group,1980939341,high,PLANNED,,0,
ep_000485,conversation_group,1444285702,low,PLANNED,,0,
ep_000486,conversation_group,106875076,low,PLANNED,,0,
ep_000487,conversation_group,1156875968,high,PLANNED,,0,
ep_000488,conversation_group,1714028933,high,PLANNED,,0,
ep_000489,conversation_group,1012541625,low,PLANNED,,0,
ep_000490,conversation_group,1812665486,medium,PLANNED,,0,
ep_000491,conversation_group,2105206038,low,PLANNED,,0,
ep_000492,conversation_group,2124939229,medium,PLANNED,,0,
ep_000493,conversation_group,1167254228,high,PLANNED,,0,
ep_000494,conversation_group,1861901899,low,PLANNED,,0,
ep_000495,conversation_group,1755798904,medium,PLANNED,,0,
ep_000496,bidirectional_flow,1475487098,low,PLANNED,,0,
ep_000497,bidirectional_flow,2032716080,medium,PLANNED,,0,
ep_000498,bidirectional_flow,87949242,high,PLANNED,,0,
ep_000499,bidirectional_flow,127634011,high,PLANNED,,0,
ep_000500,bidirectional_flow,209997620,low,PLANNED,,0,
ep_000501,bidirectional_flow,1423017431,medium,PLANNED,,0,
ep_000502,bidirectional_flow,820588593,low,PLANNED,,0,
ep_000503,bidirectional_flow,1076206857,high,PLANNED,,0,
ep_000504,bidirectional_flow,947636185,high,PLANNED,,0,
ep_000505,bidirectional_flow,436193976,medium,PLANNED,,0,
ep_000506,bidirectional_flow,1003794280,medium,PLANNED,,0,
ep_000507,bidirectional_flow,586529063,high,PLANNED,,0,
ep_000508,bidirectional_flow,1165266371,low,PLANNED,,0,
ep_000509,bidirectional_flow,879914392,low,PLANNED,,0,
ep_000510,bidirectional_flow,1109160041,low,PLANNED,,0,
ep_000511,bidirectional_flow,487885522,medium,PLANNED,,0,
ep_000512,bidirectional_flow,1632911013,low,PLANNED,,0,
ep_000513,bidirectional_flow,1848988548,medium,PLANNED,,0,
ep_000514,bidirectional_flow,158390479,low,PLANNED,,0,
ep_000515,bidirectional_flow,1322862117,medium,PLANNED,,0,
ep_000516,bidirectional_flow,2127418898,low,PLANNED,,0,
ep_000517,bidirectional_flow,1593704427,high,PLANNED,,0,
ep_000518,bidirectional_flow,283538874,medium,PLANNED,,0,
ep_000519,bidirectional_flow,571523787,high,PLANNED,,0,
ep_000520,bidirectional_flow,574295578,high,PLANNED,,0,
ep_000521,multi_crossing,2144391825,low,PLANNED,,0,
ep_000522,multi_crossing,1981556753,low,PLANNED,,0,
ep_000523,multi_crossing,1631948004,low,PLANNED,,0,
ep_000524,multi_crossing,488338528,low,PLANNED,,0,
ep_000525,multi_crossing,436429729,high,PLANNED,,0,
ep_000526,multi_crossing,1112878821,high,PLANNED,,0,
ep_000527,multi_crossing,1150591251,high,PLANNED,,0,
ep_000528,multi_crossing,2099992865,high,PLANNED,,0,
ep_000529,multi_crossing,1614991583,medium,PLANNED,,0,
ep_000530,multi_crossing,482136746,high,PLANNED,,0,
ep_000531,multi_crossing,2109744838,medium,PLANNED,,0,
ep_000532,multi_crossing,783077798,low,PLANNED,,0,
ep_000533,multi_crossing,908750055,medium,PLANNED,,0,
ep_000534,multi_crossing,589769021,medium,PLANNED,,0,
ep_000535,multi_crossing,1901515856,low,PLANNED,,0,
ep_000536,multi_crossing,127187126,low,PLANNED,,0,
ep_000537,multi_crossing,1101079784,medium,PLANNED,,0,
ep_000538,multi_crossing,1840849600,medium,PLANNED,,0,
ep_000539,multi_crossing,1844748196,low,PLANNED,,0,
ep_000540,multi_crossing,318242025,medium,PLANNED,,0,
ep_000541,multi_crossing,364629997,low,PLANNED,,0,
ep_000542,multi_crossing,1036953277,medium,PLANNED,,0,
ep_000543,multi_crossing,1487389314,high,PLANNED,,0,
ep_000544,multi_crossing,76852548,high,PLANNED,,0,
ep_000545,multi_crossing,1964971570,high,PLANNED,,0,
ep_000546,class_change_burst,2057776266,medium,PLANNED,,0,
ep_000547,class_change_burst,1008331941,high,PLANNED,,0,
ep_000548,class_change_burst,43103345,high,PLANNED,,0,
ep_000549,class_change_burst,94069156,low,PLANNED,,0,
ep_000550,class_change_burst,1405941799,high,PLANNED,,0,
ep_000551,class_change_burst,2033914375,low,PLANNED,,0,
ep_000552,class_change_burst,91513558,medium,PLANNED,,0,
ep_000553,class_change_burst,113405279,low,PLANNED,,0,
ep_000554,class_change_burst,640652415,low,PLANNED,,0,
ep_000555,class_change_burst,581236080,medium,PLANNED,,0,
ep_000556,class_change_burst,1191675259,high,PLANNED,,0,
ep_000557,class_change_burst,367377967,low,PLANNED,,0,
ep_000558,class_change_burst,1185366842,high,PLANNED,,0,
ep_000559,class_change_burst,2101981791,medium,PLANNED,,0,
ep_000560,class_change_burst,2102219206,low,PLANNED,,0,
ep_000561,class_change_burst,2102281000,medium,PLANNED,,0,
ep_000562,class_change_burst,536265947,high,PLANNED,,0,
ep_000563,class_change_burst,519315847,medium,PLANNED,,0,
ep_000564,class_change_burst,124717438,high,PLANNED,,0,
ep_000565,class_change_burst,340299854,medium,PLANNED,,0,
ep_000566,class_change_burst,1774888624,medium,PLANNED,,0,
ep_000567,class_change_burst,694005208,low,PLANNED,,0,
ep_000568,class_change_burst,359185249,medium,PLANNED,,0,
ep_000569,class_change_burst,771711157,low,PLANNED,,0,
ep_000570,class_change_burst,1566448162,low,PLANNED,,0,
ep_000571,class_change_burst,1686768816,low,PLANNED,,0,
ep_000572,class_change_burst,381191722,high,PLANNED,,0,
ep_000573,class_change_burst,1721238658,high,PLANNED,,0,
ep_000574,class_change_burst,1870521444,medium,PLANNED,,0,
ep_000575,class_change_burst,310677898,high,PLANNED,,0,
ep_000576,mixed_interaction,1525416133,low,PLANNED,,0,
ep_000577,mixed_interaction,735601557,medium,PLANNED,,0,
ep_000578,mixed_interaction,1906609756,low,PLANNED,,0,
ep_000579,mixed_interaction,1091094570,medium,PLANNED,,0,
ep_000580,mixed_interaction,1455715434,low,PLANNED,,0,
ep_000581,mixed_interaction,1495184041,high,PLANNED,,0,
ep_000582,mixed_interaction,1676173932,high,PLANNED,,0,
ep_000583,mixed_interaction,1732684612,medium,PLANNED,,0,
ep_000584,mixed_interaction,399639119,low,PLANNED,,0,
ep_000585,mixed_interaction,1199252859,medium,PLANNED,,0,
ep_000586,mixed_interaction,1893880220,low,PLANNED,,0,
ep_000587,mixed_interaction,134846292,medium,PLANNED,,0,
ep_000588,mixed_interaction,138652053,high,PLANNED,,0,
ep_000589,mixed_interaction,868382765,high,PLANNED,,0,
ep_000590,mixed_interaction,1732392373,low,PLANNED,,0,
ep_000591,mixed_interaction,1614255271,high,PLANNED,,0,
ep_000592,mixed_interaction,804427682,high,PLANNED,,0,
ep_000593,mixed_interaction,1112505093,medium,PLANNED,,0,
ep_000594,mixed_interaction,183993535,low,PLANNED,,0,
ep_000595,mixed_interaction,2147261530,medium,PLANNED,,0,
ep_000596,mixed_interaction,135316472,high,PLANNED,,0,
ep_000597,mixed_interaction,1698906858,medium,PLANNED,,0,
ep_000598,mixed_interaction,1124958199,high,PLANNED,,0,
ep_000599,mixed_interaction,1788264710,low,PLANNED,,0,
ep_000600,mixed_interaction,626783267,low,PLANNED,,0,
ep_000601,mixed_interaction,48340103,high,PLANNED,,0,
ep_000602,mixed_interaction,1907035041,high,PLANNED,,0,
ep_000603,mixed_interaction,1690251817,medium,PLANNED,,0,
ep_000604,mixed_interaction,1744791981,medium,PLANNED,,0,
ep_000605,mixed_interaction,2023211499,low,PLANNED,,0,
