episode_id,scenario_family,seed,density,outcome,duration_sec,sample_count,missing_ratio,qa_status,bag_path,structured_path
ep_000001,empty,123983432,medium,success,64.39035892900006,206,0.0,PASS,episodes/ep_000001/raw_bag,episodes/ep_000001/structured/samples.csv
ep_000002,empty,1964805432,high,success,131.1143908859999,516,0.0,PASS,episodes/ep_000002/raw_bag,episodes/ep_000002/structured/samples.csv
ep_000003,empty,404414509,medium,success,109.10745895199989,405,0.0,PASS,episodes/ep_000003/raw_bag,episodes/ep_000003/structured/samples.csv
ep_000005,empty,580572817,high,stuck,121.20471037499988,449,0.0,PASS,episodes/ep_000005/raw_bag,episodes/ep_000005/structured/samples.csv
ep_000006,empty,1188013262,medium,stuck,33.964214717999766,73,0.0,PASS,episodes/ep_000006/raw_bag,episodes/ep_000006/structured/samples.csv
ep_000007,empty,53703489,medium,stuck,135.6711705990001,508,0.0,PASS,episodes/ep_000007/raw_bag,episodes/ep_000007/structured/samples.csv
ep_000008,empty,510100977,low,stuck,79.3247321050003,270,0.0,PASS,episodes/ep_000008/raw_bag,episodes/ep_000008/structured/samples.csv
ep_000009,empty,1032933155,low,success,92.65044089999992,332,0.0,PASS,episodes/ep_000009/raw_bag,episodes/ep_000009/structured/samples.csv
ep_000010,empty,1351877879,high,stuck,52.59157918600022,131,0.0,PASS,episodes/ep_000010/raw_bag,episodes/ep_000010/structured/samples.csv
ep_000011,empty,1263218847,low,success,65.77187878400036,226,0.0,PASS,episodes/ep_000011/raw_bag,episodes/ep_000011/structured/samples.csv
ep_000012,empty,2016862008,low,stuck,43.46614885000008,108,0.0,PASS,episodes/ep_000012/raw_bag,episodes/ep_000012/structured/samples.csv
ep_000021,head_on,1789892062,high,stuck,44.67912168299995,105,0.0,PASS,episodes/ep_000021/raw_bag,episodes/ep_000021/structured/samples.csv
