episode_id,scenario_family,seed,density,status,attempts,scenario_sha256,outcome,reason
ep_000001,empty,123983432,medium,PASS,3,9ff165b1f334e28ee0cfe5e0bc518d93b443bd7cd0b63f6668e9f22c41ac26e3,success,Recovered recorded SUCCESS after compressed-bag reader fix
ep_000002,empty,1964805432,high,PASS,1,198c59ba2c9fb919865cc59454d45211cd9a8da50c328dc708a0bb0d4a1f4c9b,success,nav_goal_reached
ep_000003,empty,404414509,medium,PASS,1,fbcf1cb7b460b9d309152c5c9f39d6b70f3065053bfa53ca12ae27c7a078d8ef,success,nav_goal_reached
ep_000004,empty,1979712909,medium,FAIL_INFRASTRUCTURE,3,8853a80c2edce3f6b2e0658ca903c42dda05f954cca76a6f5f788a96e80c66b9,,"HuNavError: load_failed: HuNav nodes already running outside manager: ['5054 /usr/bin/python3 /opt/ros/humble/bin/ros2 run hunav_agent_manager hunav_loader --ros-args --params-file /home/hunav_gz_fortress_ws/src/hunav_gazebo_fortress_wrapper/scenarios/ep_000009.yaml', '5119 /home/hunav_gz_fortress_ws/install/hunav_agent_manager/lib/hunav_agent_manager/hunav_loader --ros-args --params-file /home/hunav_gz_fortress_ws/src/hunav_gazebo_fortress_wrapper/scenarios/ep_000009.yaml', '5129 /usr/bin/pytho"
ep_000005,empty,580572817,high,PASS,3,82ede98911b5d49231b855201c365ea9cb103d4b8702377462a40454a179e387,stuck,robot_stuck
ep_000006,empty,1188013262,medium,PASS,2,00d7a50c9fa670aaf52c9e5b315688b409107630030f9ab4e9321e587acbefea,stuck,robot_stuck
ep_000007,empty,53703489,medium,PASS,2,14c866749868e0d2d858a546386957150155de797877d99c0c6810d47f34e01e,stuck,robot_stuck
ep_000008,empty,510100977,low,PASS,3,74d9420c3570ac78829ac03ef11fb75811e5feafddfefca61bd7e9795eabc5a4,stuck,robot_stuck
ep_000009,empty,1032933155,low,PASS,2,034fc18971d0eb1a9a89b4a004b0c59eb1b0271dd796fc372854ec642eeddb46,success,nav_goal_reached
ep_000010,empty,1351877879,high,PASS,3,8e3f9d77bc68dcea120264f94cb61bbe6d9a9dbc48a23557241c54f9c5731bed,stuck,robot_stuck
ep_000011,empty,1263218847,low,PASS,1,90292b9086ddd90397a18648079b1161d04318f2599f990fcc0ff34d9a881ca3,success,nav_goal_reached
ep_000012,empty,2016862008,low,PASS,1,0e9c6141ec07d950403589757d149683021ec43f92f27bdd7d7431d3825cfd03,stuck,robot_stuck
ep_000013,empty,619274144,high,RUNNING,1,b99e371edccb89c15d2a7e1af96e016e3985bd50b6c5d05d4db13f10501419fe,,
ep_000014,empty,720727437,medium,PLANNED,0,52a89cf19e1c0b7fbddd7f117556da00ec5a2a3d2f2c9640a77ff5e186a22014,,
ep_000015,empty,371372515,low,PLANNED,0,403ad54f34672ad07d23a84e333ea0af700f84e37ee245d5a3aa515c0d2a091b,,
ep_000016,empty,446817462,low,PLANNED,0,fab0f31a093a28a332f9ebc25b839925658571bb9118a4801d1295532f06ba38,,
ep_000017,empty,1838376717,low,PLANNED,0,81dd01cd69660b1510799c867924808ccda3a8dccf69bdd53da3c063efb1cbd8,,
ep_000018,empty,2052147191,medium,PLANNED,0,60486d78ddf9d88eab32f2ed87f75a751a6135e3baa732c8c92ceef022ff4f7a,,
ep_000019,empty,2004127862,high,PLANNED,0,a580ba67ae661ff52dcb3fb52d526dc6290726d39b3fab06181c4778a3c9819a,,
ep_000020,empty,385354568,high,PLANNED,0,38de73c55ff8f65e06e0cf3c23bfe96a79f0a96ab02062aded76e16093c69683,,
ep_000021,head_on,1789892062,high,PASS,1,7135f45906a240a1779bc5d25f37aefc97b2301a31daa0b304c5810a18cb0544,stuck,robot_stuck
ep_000022,head_on,1552925227,medium,PLANNED,0,130310e166bdd3d986b380729ddeafa23ed422bd928a1925d480f94fae0a21d2,,
ep_000023,head_on,1368661708,medium,PLANNED,0,039da359b343797721c3080a4316f67b56163c29f75cda6a15a89f11ecda042a,,
ep_000024,head_on,194148757,low,PLANNED,0,1f1d8755511f5080d0f3d93e55ce6be6c655c0adc7f17ad16d2881518358ae6a,,
ep_000025,head_on,776492737,low,PLANNED,0,cb9cc81518967fc990862b54ec49921f77a4d87125148bdf92252c12df92824d,,
ep_000026,head_on,695410841,high,PLANNED,0,9922b54cce6065ab8a1123b4610e86f5ccbf2f568dc4395e51d2621e9e9cdeaf,,
ep_000027,head_on,363180415,medium,PLANNED,0,cf956428fddcc96d14fa09a291c6c3b00ae51818e69778c0ffc1388a83540235,,
ep_000028,head_on,1334795103,low,PLANNED,0,bdc89ba58cfd8cc289fb4f835661680b0d1a6ddf854c698e1e98b21b6cc3ccb1,,
ep_000029,head_on,276543568,low,PLANNED,0,de99443c1a496f17bbd79fe1895f9f88b87a98b5389b32a7972d0816b1a60001,,
ep_000030,head_on,194097785,low,PLANNED,0,e01efd59732933d2222ada18d5f70b4a0d2913712a9bf81b6ecbfe6183d763e0,,
ep_000031,head_on,1746339368,high,PLANNED,0,7bfcde8fb87d6b3735152761ce88aedfabf115b78cf7a17dace974b102b56c5d,,
ep_000032,head_on,1853147046,medium,PLANNED,0,ff4df40aace4d0e2955a72ca1279af7253acff056c5f2e5304dbbcd97dbf62bb,,
ep_000033,head_on,135462155,medium,PLANNED,0,00e2f474651a872427befd0888badb6c72872876b16f9ed3dd6532837afc615b,,
ep_000034,head_on,1401731410,low,PLANNED,0,e6ffb6465bf1980b866987dbef942e9eea56e3a1b5b313de3ef7082af9a45b5b,,
ep_000035,head_on,1970190061,medium,PLANNED,0,6789f2ca1cc6fae58add4b8eba692b47b21ce08befad79cb4c323bbfb934d003,,
ep_000036,head_on,1103309086,high,PLANNED,0,baddf85f92269526ac9673ef762ccc6da24964c9e448ee1ff426f5f8107970e6,,
ep_000037,head_on,1764151029,high,PLANNED,0,70daed1161018c9a6cedb56b5d5118c2c0c39fec5b50d23e9b9dbf658442d9de,,
ep_000038,head_on,1201109388,low,PLANNED,0,0fdaf8a6e50f20764d110de97e6b92c452b88d5c33416e49bf02abfba1ddf00d,,
ep_000039,head_on,763390695,medium,PLANNED,0,a80a640c413b0bb154e088184cf651751792d1ce32bf7a56102194e4c0eca643,,
ep_000040,head_on,794008040,high,PLANNED,0,055925d85121ffc871c05c9c57c471815924ad64669c5e0023a9b0abc0f2da6a,,
ep_000041,head_on,1454183398,high,PLANNED,0,a3788f73f35f6fced10e98f4e5215de8d268e7d4f1d95701075a6c3e1748a603,,
ep_000042,head_on,2060950443,high,PLANNED,0,881c121b9b5f73639cc66c45b1c5260b52a0d46f96babb89bfe1b216e7dc89c7,,
ep_000043,head_on,1442696963,low,PLANNED,0,2b96c8db58ab628a94db96b4d791a1b40a8c6c4d0d7fb7c5468fe0172015946c,,
ep_000044,head_on,226984004,low,PLANNED,0,88fd9287a65b58e7690472600adab64ac9b7a1e3cb93a780b158800906536190,,
ep_000045,head_on,2075303083,medium,PLANNED,0,1aca4b1b6447bca8cc0779e99bd9274b29e2c0dd6276f73ea9d26daf00d99d3f,,
ep_000046,same_direction,195122221,medium,PLANNED,0,e2cc5049960088dd16458038c06dc43558dbb67cdcb05827c9d52a53d7d10127,,
ep_000047,same_direction,1476783411,high,PLANNED,0,1359fd457c3611c4f897578f5dd266bdaffd6184eb2395b02e432eeed188f274,,
ep_000048,same_direction,397709604,medium,PLANNED,0,c87a27483794cdd4787d52fb7cf09ad55b6976b89c82f8da0aed638f67c2db7f,,
ep_000049,same_direction,797642388,low,PLANNED,0,c1547010bc5027b0e123c71d999817f41549548e5e0e37ff15f83295c4b35f69,,
ep_000050,same_direction,753624977,low,PLANNED,0,827f84dea85315103804d6556064b2c7d56f48dbb0070e233c62dbe6f57e7fe8,,
ep_000051,same_direction,1368635798,low,PLANNED,0,55d781c346ad58e63360963f791240ac965f22eeb3485502cc69df8ebf13bb34,,
ep_000052,same_direction,568043101,high,PLANNED,0,1f171030b55b80285a6df30e0bfcf0004c1fd17eec0f55daddc983d1d6303729,,
ep_000053,same_direction,547806246,high,PLANNED,0,4705538882cc6ae16db4c9171d610769f27a3c36784f2b42ab4a9bd7b3e2b2e3,,
ep_000054,same_direction,1717570374,medium,PLANNED,0,3988cb9594072d3e38b74841bf735f90016bbf73e30afc58b20d154086d400a8,,
ep_000055,same_direction,1940905355,low,PLANNED,0,4e42e0ec2ddb1a067ff8d573f8331f56cd901663b6ba97f99ebc7d3bde09f832,,
ep_000056,same_direction,455870534,high,PLANNED,0,284feb35ecf515144dd81cb90338724c7f980774e13fe3dfa7059d505e4aad80,,
ep_000057,same_direction,1754876597,low,PLANNED,0,443881bff619718814007f31330292a911af531fc2e65f1c55eaba6bd866b865,,
ep_000058,same_direction,1785071393,low,PLANNED,0,e4b2e38c5181d40a032cf58fbcdf49b30e54aa47f77b0b3237a3ff19788e18b7,,
ep_000059,same_direction,485995841,medium,PLANNED,0,2b7b84cac280fe7d56cd6a2f7cd10ea488a744b3e745dba7ff758b8bcd123859,,
ep_000060,same_direction,1614088774,medium,PLANNED,0,f4d9c2238c22a5bd1209ab3a4c05d4b59f08fefef5af387843ff69efecb97d22,,
ep_000061,same_direction,3052971,high,PLANNED,0,f0e27586b09576383dfb9ed9aad66a9bc053cc19184cf3a9551069ac201f0c58,,
ep_000062,same_direction,432409401,low,PLANNED,0,58e597253c9949bffe5afb67aef1b02164fe95a4326c8361a32b3864aa5205ba,,
ep_000063,same_direction,1202979560,medium,PLANNED,0,06512c3cea5a7d2a3cb0327b0f0523b1aedffd60c06697848cff39624fa9480e,,
ep_000064,same_direction,934481500,high,PLANNED,0,b8f808c95e7cae30c7a5e4f71ee76cb36bf4c30a84c37729750c0691230b0db3,,
ep_000065,same_direction,1798046903,low,PLANNED,0,3d9c3c42e77a096a6bac0ec3953f860fb41a222338901c23195652ca938f191f,,
ep_000066,same_direction,1855054913,medium,PLANNED,0,9e005dae2a875cbb99b85450e50c46f8b632c410f1f885bd7bbad539da165c8b,,
ep_000067,same_direction,555563921,low,PLANNED,0,8fec1cfea89d418fcd1347296a165deee2c13b4ac0f3428cadb502be137dcb89,,
ep_000068,same_direction,42101715,high,PLANNED,0,2ce1d0b714b87980f293537c84bb8f002c05313bed89bfdd7d590412f002bbc2,,
ep_000069,same_direction,854933801,medium,PLANNED,0,0f7e26ebd8b69731df94610c14ff91ab1c2b0d208752d12d30160a134576dfa8,,
ep_000070,same_direction,41565062,high,PLANNED,0,838313ca8eaef264af4676953e70cdbb2b79a324c9d7938f756c4c1c9a433320,,
ep_000071,crossing,1989179696,medium,PLANNED,0,652bc1fb49f9890188e8b610a11c4d2b92a24c0ad314eb87570c87ccd0877254,,
ep_000072,crossing,18349992,medium,PLANNED,0,01b893f9db3bd1e638a3a4748b3494ab0bb9238c37ce640d27de8a9f73687e08,,
ep_000073,crossing,818472949,high,PLANNED,0,f9e07b090cdfc02676b60a088f071a9405311dcc5c3c9161fdae146778c5195d,,
ep_000074,crossing,381424368,high,PLANNED,0,efefc56358ea44bae57db0a6bc60f934a1ad621fed1f51ccd597fc0f476c439f,,
ep_000075,crossing,995988151,high,PLANNED,0,a513679eba508f34fe15089e54385ec1b622bd39018a797bf8dbc6d4b277bca8,,
ep_000076,crossing,654845206,high,PLANNED,0,f6c81813385d9655144a3c503bf0c131fc10d169b2366d0c2c29c78d872d3061,,
ep_000077,crossing,135463581,low,PLANNED,0,dab19e453913f6a44a1a28bc067cbd1ca9f9c03fc4a38a2c1215b1b6ac019cfd,,
ep_000078,crossing,589516019,medium,PLANNED,0,87d8fcdb8a4e31d11b59b7ec06ca7b5bd70b4587eb1b6f29b5c2276c7197718e,,
ep_000079,crossing,1880881377,high,PLANNED,0,646bb6079825f82678b0a2ef77fbfcdecc6af279865f4eb8def4bdbb23046ea3,,
ep_000080,crossing,1416863324,low,PLANNED,0,e2384e553c68144964605ba5bc654faed6ff9ee7bdd724ae09385e0e6ead8054,,
ep_000081,crossing,864486763,medium,PLANNED,0,174d2d1593b5483dfe3221e5dea0cfee50b0c988d9891e15bdc9fa3bba1fc994,,
ep_000082,crossing,1270553523,low,PLANNED,0,c39d3050cb64ca3772b2992dfd358214c8289b02aebef38803aaf93c8a4d6db3,,
ep_000083,crossing,1481990410,high,PLANNED,0,c9208c6a14756c1dfb03d438a5b7863544d2415790bc4e35c787e05a4957bde2,,
ep_000084,crossing,638784152,low,PLANNED,0,50be5c0b2d4478154a6a0c51270ebab4d6b5b0b547d0933efc26ee1f22be018d,,
ep_000085,crossing,516237889,medium,PLANNED,0,693bb8081fef06d85e625d9fa7da456af7ef7c19561bed7358ff06e49291cfb8,,
ep_000086,crossing,126278360,low,PLANNED,0,4e1ad152faf34f1ecdec3d1484864bd5c8ba94be0eecd3883167d041768e5c20,,
ep_000087,crossing,252552130,high,PLANNED,0,e8acd581423ef7ed183c6db138657622a9047c6fc370383edf6664787f109d4c,,
ep_000088,crossing,1095412198,high,PLANNED,0,ffe6c5cd41b46c1a660a10ec4dbf20e0c4e8adc5b97b2b04c0939b12c31a4710,,
ep_000089,crossing,785272650,medium,PLANNED,0,125f4760da05792a01fb0296b4c569c5e34d082d2db772bf0494bdf783d48598,,
ep_000090,crossing,1890869567,low,PLANNED,0,9280d8524fd14cbae8e0ff89a70c050557efee1e786a8e3cc0323744b75a29e9,,
ep_000091,crossing,1268087856,low,PLANNED,0,17a822b1e00416723439f25719efd448036fa15846f408657aa5563342346944,,
ep_000092,crossing,650556862,medium,PLANNED,0,81917e27b5dc0978064c8cd791ad685ddb6500de6a3172b21df4862ceb401485,,
ep_000093,crossing,40669226,low,PLANNED,0,a5688493ca384b8cce8f503df17eb6a3a8d1e9f61fefa3c6d3193bc72191ae7d,,
ep_000094,crossing,1960960884,low,PLANNED,0,2bb4cee795e640b8629052f8ee5134230f247be3b78993784abdc66e20eb41c3,,
ep_000095,crossing,15031620,medium,PLANNED,0,b2f39a652bb6225dd5f38b258ddfef5ab7d0fd5ec293d3d3d01e3cc49f8b367c,,
ep_000096,exit_room,943549447,high,PLANNED,0,1a7e93324027fc2815a2134a0926ae96eed9e04801af0b553af95172c6195701,,
ep_000097,exit_room,314990603,low,PLANNED,0,fef400e5f7d358c7ece03bab7f856efe202eceee2efa074f015b7f80ca5ca837,,
ep_000098,exit_room,1439035584,medium,PLANNED,0,fb32e2c65cad6b01979eb96091c9126bd033cd82d6c05d2cfeca075b5837e6c3,,
ep_000099,exit_room,1097097261,high,PLANNED,0,6cad2f6844412a92bc56306f45c9044b9af216517b01760f37f0e141a9d00a94,,
ep_000100,exit_room,1761167211,high,PLANNED,0,907d06f7d5461b843b02c37ab62d69aa7899b594d19899a5d8f0bfa00fae1cd5,,
ep_000101,exit_room,190159348,low,PLANNED,0,e7211cd0d7ff840554431c34d9cacf723f70e71ad8dec8ed29b483f4b1d9af91,,
ep_000102,exit_room,1289384224,low,PLANNED,0,17b590db1038282dca13abf8d3d0016047c6040d7c07b87b4dd90b5a732dcf02,,
ep_000103,exit_room,330103397,low,PLANNED,0,1ffcc26b22de39e629ab3975f07f2292ab790c531a373043e1765e1a844a66ea,,
ep_000104,exit_room,821506796,low,PLANNED,0,5df9ef9d1720c4f49ca42b41d30640cb7734de096012249e6eaec0824c45ce88,,
ep_000105,exit_room,1451720297,medium,PLANNED,0,76e31bde23f3a30d4913a92bc5485aa7467337761425bc88393e18ffa57ed8ce,,
ep_000106,exit_room,420091891,medium,PLANNED,0,dd194ef88348009e9f2cbb7836b895e642bcd500f9c0c4cbc9beb093546ef6ed,,
ep_000107,exit_room,848941142,low,PLANNED,0,99d531ccfc90fb54b36ba7e1ff059e10b9fb2b95aa513fb8782f1e482720d4f8,,
ep_000108,exit_room,1648071166,medium,PLANNED,0,2334cda72c5418a0eb7e8fa3c505621a5e35ae345eafee03b215f6c31ae356eb,,
ep_000109,exit_room,268322299,medium,PLANNED,0,fc20d1dd817e18f3f029fc710e101c854517abaf29869ba2c65d359fcec93246,,
ep_000110,exit_room,2021426741,medium,PLANNED,0,c83540aad325bafc39424100df3c1d9d058d4dec20a4b65c56012c840289ad0c,,
ep_000111,exit_room,1019385496,low,PLANNED,0,919e1dfb2244c1597c9d9cf8f9663e7c74648037cee815460655c20905fedf29,,
ep_000112,exit_room,1405226516,high,PLANNED,0,e630281676ea90e484715a17533d8be0445774a43383a942b12f52c3047e6c44,,
ep_000113,exit_room,2120659353,high,PLANNED,0,8f29db929ffac7153d6503f26a99a2bffcbd592b9d82b1e7542875c76a43854b,,
ep_000114,exit_room,1238469796,low,PLANNED,0,61f64886d2c7ca25b74498aeb21735d3b83b3b62bda555f8619bf7a1f088a472,,
ep_000115,exit_room,684931852,high,PLANNED,0,6e138455296500dcea9879b34b13322474745dbc218a370528e9462ad5baf727,,
ep_000116,exit_room,1611326505,high,PLANNED,0,bf38502c2e86ba2fb11aa59315e0af3cdd6fac80aa36ca917d35966cf8449ae8,,
ep_000117,exit_room,1628358126,medium,PLANNED,0,abecb9dc408dfdac208e608fa204f912666b9d28b382acb350f1701e7271a3e0,,
ep_000118,exit_room,1943514675,low,PLANNED,0,3ffbc6b470bd7136b7b5dae1429bb17a5ebabbf520401d7da897830811b0e06d,,
ep_000119,exit_room,294561731,medium,PLANNED,0,a1e271f59694b57c6b5a85d2a4cc67d7cff487effda17e67c58033e1ec1d9e41,,
ep_000120,exit_room,2059258229,high,PLANNED,0,39b8003fd8555305ef422fb4483af34743514c21c88288bf8022392bb60bc46a,,
ep_000121,enter_room,1443343921,low,PLANNED,0,0325cdab32b534a606947860432ec1f14167f7a04c7d17292805ac1e59f97fa2,,
ep_000122,enter_room,1739005387,low,PLANNED,0,b1c9a634fc86023d4c19338f855f9b8e41aed056b0a772a3d44276dde30edf37,,
ep_000123,enter_room,518552376,low,PLANNED,0,84b529f61e3fc705801c97bed6352a0c2a664ebf2542adbb9a3364ce6f980bcb,,
ep_000124,enter_room,1557960688,medium,PLANNED,0,61e12e6aea23f9aa177155bf7e09683931f8fd4faeec226e59831e6cb0998109,,
ep_000125,enter_room,685798848,high,PLANNED,0,a553c9201a7cb25d67c81d1160fd59fd2604e83bf1414989fcb28820a5edeb0f,,
ep_000126,enter_room,1949874256,low,PLANNED,0,f1799b126ccf842fef4606f055dfcd4f2276950e67c2347dc96761a2c1cca888,,
ep_000127,enter_room,1475149219,high,PLANNED,0,87b2d4573b6f2862ccdf81400eda69309d4c2de110487147ae1058afdf473ccc,,
ep_000128,enter_room,399198031,medium,PLANNED,0,0bd64721d6fa18e0cebf2536048d271cc329e416b750fce685f446a7e6602151,,
ep_000129,enter_room,2021205850,low,PLANNED,0,4c3e475fdbb4b1c867dbb4c05766d0ded2a94fd36c0f9cdb2b1cb173642cfe76,,
ep_000130,enter_room,1855762505,high,PLANNED,0,a505c8d0330c712174c23134bf667bf04d2f371dc38daad860cf0869ec7a1a57,,
ep_000131,enter_room,1693414354,low,PLANNED,0,c5e56103d30620c2e06d5b6a04f5f6104535cd37b889fc21a3795c58d11e7ef9,,
ep_000132,enter_room,168508925,medium,PLANNED,0,e14db9c70ccdfa51c12d9caee7dbfc101af2743e0337ed6363944ec6ee7dec17,,
ep_000133,enter_room,864191556,medium,PLANNED,0,446536819ead758139245106b737c923c26ec526092f3f7ce2280b04109ee0ac,,
ep_000134,enter_room,1803610161,high,PLANNED,0,1256f16ea7776eee81fd6ea0b06eb328f1ec5187f28cdaed12e0fcfd5de53b5f,,
ep_000135,enter_room,1765813541,medium,PLANNED,0,f23a6e3199962d23ae49f13fe9eca36ce92f9eac0072462aa5e948cc430b8b86,,
ep_000136,enter_room,240506195,high,PLANNED,0,e3abc14b3e2fce2a8aaa8c6122dbb89205f0a852a583af647680322c87b2a5df,,
ep_000137,enter_room,1074131934,medium,PLANNED,0,ec8c4aa4144c3ddd82b85f957a061f51e5b404de9c8a61a6dd5f5a352c3ca97d,,
ep_000138,enter_room,271389741,medium,PLANNED,0,5f110a9d5bb78c5a88122faf2946f1f8a45fcc57498f9e9f12ee2fb109e4af56,,
ep_000139,enter_room,1737801199,high,PLANNED,0,289c6fe1f4420864b1b44827116bf7642d0a449d95fe9c20547a8caf86cdc36a,,
ep_000140,enter_room,1696253362,low,PLANNED,0,2fe96c5e1b8a4386fc385818b7739fd0ffeccf409ccfc12c796efe7c91f4da8e,,
ep_000141,enter_room,1156109107,medium,PLANNED,0,261ad6b7583771b2e2011bd16d22b40009779628f6728276004b705ab3859e19,,
ep_000142,enter_room,377611907,low,PLANNED,0,026ae81eeee43c3775fab86dd24f119371600ef033e48532b30e17b2459dd26e,,
ep_000143,enter_room,576866993,low,PLANNED,0,0db8818ac48f6f89b79fc5f0655dcae16772bde24edecb2fb8fb2da80010b9fd,,
ep_000144,enter_room,643439793,high,PLANNED,0,5fe8757e49ae45e549f6d7ac879b836e4c0507967788bfbb99debb40133548b7,,
ep_000145,enter_room,232461459,high,PLANNED,0,c4e6360e49f6d165c5652f0f1b085815cc3ee2f80ec114535cd68eaca2b73802,,
ep_000146,merge,383869492,low,PLANNED,0,a2773fbd02ab188ab3fc83cd124122457ebce10298451fbc8283ee556fcf5df3,,
ep_000147,merge,1805728086,low,PLANNED,0,b65c517552e3a2eb74c44f31acba5ccba62c06d1ae6f1d934e58f058eec907f9,,
ep_000148,merge,2031193603,low,PLANNED,0,d5491c195d2b9cdfd16ef17ff561833ae7d4265313c082138ebcf4c12a5c937a,,
ep_000149,merge,1339983035,high,PLANNED,0,b58b51050bc8336a6d9a8c64aa2b5a06314bee52a4dc02aeac1e0c7aa9a1d23c,,
ep_000150,merge,1871880354,low,PLANNED,0,1b34265c895bb47acdbcc0be0d56d3fbaf772e095c2c94b6330b94c228d81e7e,,
ep_000151,merge,888483157,high,PLANNED,0,694b2b299f007242ea4fe912ab064c5e3bd16e601352d984f06ffbc25ffe7fcd,,
ep_000152,merge,2016510559,medium,PLANNED,0,c95ac5f1181e98e35acd41315e2e208484726bda52d543385378f89f2b9c0b67,,
ep_000153,merge,1439857914,medium,PLANNED,0,b76e03ab16fef41edcacaa8da2022edd488f5b5e531d112b879c3d678031918e,,
ep_000154,merge,1137284069,medium,PLANNED,0,738feca628168eb26e79fb2362e1487da7a58223dc7aaa42e12c2f010581fc39,,
ep_000155,merge,1117155088,high,PLANNED,0,a7a4a81a298f19f95f6c26cbed5df081e7ee15d81ebb391a46a8fbbfb6116933,,
ep_000156,merge,714122012,low,PLANNED,0,9e2b19578889c918860360070069c873fe333b85581498b141fa71f2d36405ec,,
ep_000157,merge,1032770622,medium,PLANNED,0,6e3aeb64e18cea304e729f7755802d291f210731a1c276797c881cba6d5bf856,,
ep_000158,merge,910053600,high,PLANNED,0,a3323a6e6a5e953b3359150907c62aa915181d4c4f09c09d4baacddfa23aa8d8,,
ep_000159,merge,1098479083,low,PLANNED,0,599683061c5b3556a5616580d2f560e5d0bff7ddb037994ea6fe52b316c5b624,,
ep_000160,merge,244888078,low,PLANNED,0,4cfa4f9c2964168f24ddd71a8838eb475aa51e9b9a28f22f98c6c1474a5a69dc,,
ep_000161,merge,821402014,medium,PLANNED,0,36beca37f2751495a37c26943788f03f75c6f6e5395f0c53a4935179e645c3b9,,
ep_000162,merge,663665224,low,PLANNED,0,c4421c85bd1c96f207e5ffb2902c3eff900bc4596a66f38459a3988052557d96,,
ep_000163,merge,1215830966,low,PLANNED,0,715dbfde23ff45c3a5dd885a66ec66c04c08f647228ea118f99a378b25a38fd5,,
ep_000164,merge,1435982118,high,PLANNED,0,e672d4f08d234bbe3e9865488a673a5293cf6632e2b95c787fa7de26cc3e1522,,
ep_000165,merge,193185238,high,PLANNED,0,ee6e2a7c3ff89620692165e84c495a07bce0d25a6e6fc0ae82854d1d2c108343,,
ep_000166,merge,1877111541,medium,PLANNED,0,8bcc9fece704d94248ac449803e3ca09cca48d0e00225f4390f85215902c0d08,,
ep_000167,merge,835141474,high,PLANNED,0,ea735254b80b841c9fdd7a6338a7b26fd17fb668ce2331eb2c0eb4d972b96e77,,
ep_000168,merge,2000180074,medium,PLANNED,0,89bff562a8eedf0c389bf572ba6100be9d3c6595c17cf22df3bc0b37adbf658e,,
ep_000169,merge,1281483905,medium,PLANNED,0,25571b43fa99187d5dfeca6dd0d92e0b7170ecfd30603af3275561e25dadc8d2,,
ep_000170,merge,80985259,high,PLANNED,0,1bd3f1493cffbd6bdf1c2aaf896fa29ee57f81df5e7aa9cd62e5e59d2997794e,,
ep_000171,diverge,1651707234,low,PLANNED,0,08c5422dccd361b9a34e88ad78fe3c3bfde148c2665d2c3e8c388cf375f5cfbf,,
ep_000172,diverge,1174487023,medium,PLANNED,0,7467adfc4ffbb9384db493dc26224ad30a97760b55b4736eae634fac79e2c305,,
ep_000173,diverge,1462932891,medium,PLANNED,0,4e325101f66ba4a5f7d8ef4458cda9b8be76b0b4bb45e87d3b7c52abb95d77b5,,
ep_000174,diverge,2143536802,high,PLANNED,0,49fa1513031ad3a3e0e8515d141421ebfe1a73540e8fdc4bbfdf901b5f8516db,,
ep_000175,diverge,1444832711,low,PLANNED,0,09381a63ccab04fe9f9631bc84bd4f5d569f83b44843b44f6acb8ffc9b1dff07,,
ep_000176,diverge,385095562,high,PLANNED,0,565eddbaab6a84e08d8ad8a8bc465653e17c4ed86988d8e95ac7df89f3c897fd,,
ep_000177,diverge,22247156,high,PLANNED,0,757dac6eb97e91b0b5501b10fd8c1f1151b75bdbdf68fedd57f46f4f4ea1b65b,,
ep_000178,diverge,1171628477,high,PLANNED,0,5ed7bba17366ce373070ab7e1611e0981ebdd88dd1c87764b63495bc8e2a78fe,,
ep_000179,diverge,642941022,low,PLANNED,0,616704f163b02f0260b33dba80b9afc884d3adfd9558ef5933e37c87624e4b44,,
ep_000180,diverge,440400905,low,PLANNED,0,6b5c363f21f4f38f84bd6c9fc0907ce9dac688ccbfc5528f83b0a184b2aa3233,,
ep_000181,diverge,1031516800,low,PLANNED,0,062f5d1761dfbf1363341d8e854afa0875ebbb7df2cb3dc7891e7388e1aed18d,,
ep_000182,diverge,1968878323,medium,PLANNED,0,adc63fc17b160e16e3b30185ade7bc8516b9266fdcf61e28aa1620a142ae709f,,
ep_000183,diverge,2028203855,low,PLANNED,0,328727f4fa7e37e3ba8cd17ce8cf9b3634058605af0623f524a7aa1d70b48aca,,
ep_000184,diverge,244132043,medium,PLANNED,0,03c8728c149a3b8a2c815c837f309713a3afe9cec9e7e183abaa97402749462d,,
ep_000185,diverge,511254709,medium,PLANNED,0,cc8585e1014c4d2c70ae2d6ae124760f66c623ffb21eb248a011f4ddefbd5ac0,,
ep_000186,diverge,563185381,high,PLANNED,0,be9749bbb3f83d2fb0004b79a335babc89aee6ed56342bfd7cc21f6802a2f622,,
ep_000187,diverge,1800700846,low,PLANNED,0,73a697cd29dfd083d8d463f4605d76950850cedc7ca48562db07fcc52cd0551c,,
ep_000188,diverge,1979890410,high,PLANNED,0,16073bf77671105adb875fbae1f98306bef7b60dc8d690883afaada09cfc9437,,
ep_000189,diverge,1486295630,high,PLANNED,0,66bdd848251dba303b3560378b7e9dd00c71901811dcb92797d073c106d7c15c,,
ep_000190,diverge,567671866,medium,PLANNED,0,2409bf4577f4342bb514144e21861213eaef503828935abc8920eab56dce9b65,,
ep_000191,diverge,980965482,low,PLANNED,0,743d2da974d258529eda9a79dca4a918c1c99ee2679d20bbc7156ec35df06ae0,,
ep_000192,diverge,1639024721,medium,PLANNED,0,d278a88c5820969f70118195b368b8c1ab08d43b9bd7f2121672b76d9950072f,,
ep_000193,diverge,1128877429,high,PLANNED,0,2e270390ae62a197e29cb7749d36abf951acf9858c56d5648df69862620a7e39,,
ep_000194,diverge,655842903,medium,PLANNED,0,55b3dcac19559a3d6aa378d2f7726a9d50b50b9cca20f6cb366da367327eeb9f,,
ep_000195,diverge,787073008,low,PLANNED,0,83715f3abad61490de92abbf0680d2d3d7d21c3ccf68db71c880cf1c23ae6ce2,,
ep_000196,overtake_robot,1331749094,low,PLANNED,0,c6552a39d407903838599dac26747d724471e77561e1e96f9bf1d4656401e620,,
ep_000197,overtake_robot,1251933598,medium,PLANNED,0,1e97d90ae7495bbe100504f63dd0fef41f376271ab1cd671ce00b2240be3c7b6,,
ep_000198,overtake_robot,769437688,high,PLANNED,0,7cbfb9548adca2a5d954af0bec7ad2435a05765ea8f81e0506970ee66f48255a,,
ep_000199,overtake_robot,1480969999,medium,PLANNED,0,30c0301157131c28f61a85922ac21c34a3d80b84b11aac686131af5b88313ef5,,
ep_000200,overtake_robot,1063389975,medium,PLANNED,0,140c125da1ccff2e127e67ac4fc7f639a02fc6c07c9c8f1f676c54b587222be0,,
ep_000201,overtake_robot,641088007,high,PLANNED,0,9d9a4cf3f9c6140d59582da13f7019e5172f0018f5b27a46ee1e68f24d3cda5c,,
ep_000202,overtake_robot,1963421020,high,PLANNED,0,9b7ef3f0a75fe1f446c5d445a6e5d08107eb4a06c59e20b74faa85774d15fa33,,
ep_000203,overtake_robot,1404754449,low,PLANNED,0,07517e4624d5973c76b218ffc8290006d086e8a64d4b6cd55f02573f133aaa68,,
ep_000204,overtake_robot,1963342978,high,PLANNED,0,dd81712eb678a35ca5bc4d3c016be675fd29329cbfa58643744e0c366c7dfb96,,
ep_000205,overtake_robot,1177643322,low,PLANNED,0,24efd1600f3fba49025401b3ddac1b3a9f262361981438bf8c871c28bfb923cf,,
ep_000206,overtake_robot,494498608,high,PLANNED,0,c1905c84c3dfdf839403d22f82d491a8edbf72036378ae6f3bc13fa86a7841ea,,
ep_000207,overtake_robot,1880804649,low,PLANNED,0,a1acdb914fba859c3f6185d08d8332d7f6ffbd0a0c60769d103a9808e0b40619,,
ep_000208,overtake_robot,1256406722,high,PLANNED,0,a8525ee57bb267031cbd1c856f369369fd99ae752deea2836f60be070b0f91db,,
ep_000209,overtake_robot,1511118623,low,PLANNED,0,2aaa7bc2d39b343b6a6e3ecfa2425d97cb24441de0e94492969621ff112722f5,,
ep_000210,overtake_robot,13814449,medium,PLANNED,0,6e4e462b87ec3740fd06758eff14f2ea70d6d3f0fb725a3187027f6e5c8f9dff,,
ep_000211,overtake_robot,1188459983,medium,PLANNED,0,a068467c2f9bb2de865c8a640d1701b211f56d9fe7f56c22182d67058d33c4a8,,
ep_000212,overtake_robot,1264795720,medium,PLANNED,0,8947018d32f1e53e3585c896b1080f7bf34885c6be8ff5d247209155fc21e033,,
ep_000213,overtake_robot,981971263,medium,PLANNED,0,6fab8fe2e4995f88b818c73a3872bde1d42e71d7e069cd932435998e5d7f4fde,,
ep_000214,overtake_robot,1565188343,high,PLANNED,0,f19926ee86e5b6e85d3062a7b56d9aa97a48633d3e73a9ce8bf0a8ff2feaa7d2,,
ep_000215,overtake_robot,144896612,low,PLANNED,0,6ce598f42c1468df7e6709f454ccb95d3eba2275f616624236a53c8a5c3890e5,,
ep_000216,overtake_robot,921595907,medium,PLANNED,0,87d9ffbb602d8b70f1489f242a8295fc81ca3a8494f2860724041e93a378660f,,
ep_000217,overtake_robot,2095755121,low,PLANNED,0,d1a5036702b90cdf4d6ab45ff985a8466399c172bf970e9e382f0c316d3b4553,,
ep_000218,overtake_robot,602477397,high,PLANNED,0,fb68106f66c4a534d9e6a3af668a5d8f6bc3c6d66a69aad275c9672e4785b21f,,
ep_000219,overtake_robot,1895503902,low,PLANNED,0,57930f785fdad448977df94a833518d9a2586b8479576613f20cf56df1e62441,,
ep_000220,overtake_robot,1651943385,low,PLANNED,0,4679705b3c68835d3554cd7f1bd6231fa3d9984f59f3dbcb40a0b3315deb1212,,
ep_000221,robot_overtake,1167847896,low,PLANNED,0,0cd8368ca249752d51b27c0439e10bd1b3266b35b7cf5cac5148bd79002fa9f9,,
ep_000222,robot_overtake,656765341,high,PLANNED,0,d0c5bb7287e1f34569f7161d6e05350a9e85629b6027e53a471e2d6e1acdaeb6,,
ep_000223,robot_overtake,283717248,low,PLANNED,0,02350c89b6d8181624646c29ba6274ea4c9e30c1ab5a0efbf38e80a30df7e697,,
ep_000224,robot_overtake,1977382606,low,PLANNED,0,f2b0bd988e886ec10a6493a307d62060d18a02b0feb269cfd47e5b259fc314ff,,
ep_000225,robot_overtake,1903511059,high,PLANNED,0,d1e6aef34648b2d3e21586e7ecb222c2a9ea4e92daac9196d3db6ffc0a148816,,
ep_000226,robot_overtake,1581715184,medium,PLANNED,0,c37d718ab8bf6c21946304c78c4f19eafce808ca31e6ad71038ab17ff7b6868b,,
ep_000227,robot_overtake,1319986598,medium,PLANNED,0,3fd87511085439706fc8caca43c3d9d5e016057b394022b084ec13a838dc28f0,,
ep_000228,robot_overtake,50961247,low,PLANNED,0,92cce6dfa72ea037d8db621706c7420466fe18318ad2f60babf96287273a135d,,
ep_000229,robot_overtake,452217248,low,PLANNED,0,20537beff059204d51c9a59c206e2a7dac52c157c4eb0adaeef52737ed9c56d3,,
ep_000230,robot_overtake,1213817966,medium,PLANNED,0,697844e6e7a9292145a07cef21a82458e904544e85abf0322a3d916a539a8f06,,
ep_000231,robot_overtake,1850009568,high,PLANNED,0,edf601ceb4b9ab975542214fe5f3ecbea94bb9c87641f5f3c8881f396c5c25b4,,
ep_000232,robot_overtake,2085666607,high,PLANNED,0,0f706377efb40d6722d098d9a510da05f9f36e33178f960ac881720abd7a8704,,
ep_000233,robot_overtake,1920489690,low,PLANNED,0,226717828fe7a1944ccca9e3ff4486b23fd988bd0afe1b6a39b7520540c4d571,,
ep_000234,robot_overtake,789498502,medium,PLANNED,0,b0c8d2690b7bc4cc37051d8591047c66e13039c5cad5451f8c60cae38da1a736,,
ep_000235,robot_overtake,694176285,low,PLANNED,0,bf27865b243f10484e9702897bbf3db840fb0dffd13a92891eee63df79afdf01,,
ep_000236,robot_overtake,1376389929,medium,PLANNED,0,d234359acf324afed6e5ad044c53201f444bdac50555ef16273e8deaee8f6375,,
ep_000237,robot_overtake,98297157,high,PLANNED,0,9546690400d16770e67b3d07d2badf88c07496d6b71c82dd7446fe28729ac19d,,
ep_000238,robot_overtake,1435994847,low,PLANNED,0,de4120f7e5788fa307838a1f7117283dad8799faf7fd0fb65ce6cb23cf3b747f,,
ep_000239,robot_overtake,1767635853,low,PLANNED,0,b3e4f1e03acd20ea35e0146764fab6fdf9357daa6c5298b595498fcf959cd5de,,
ep_000240,robot_overtake,650155390,high,PLANNED,0,c970d6c3c9ad9fe764aa0fe548558b2133aff3dab17a88633ab76dd7bf3905d8,,
ep_000241,robot_overtake,1184521110,high,PLANNED,0,fd52b8a9373f44e578ff0dbc54532d4f3c9bd7df76df0abef1b31504ae8d5c62,,
ep_000242,robot_overtake,1419939748,medium,PLANNED,0,13d52a8c8aa2efea0e1228bb41622b149854141ecce5ef99cdf44f132c4ce5e3,,
ep_000243,robot_overtake,1292381355,medium,PLANNED,0,4e3617f4c535519cb55ff90cd450bd8acef0127ac22a1aca1def6cc50b882415,,
ep_000244,robot_overtake,122615590,medium,PLANNED,0,b22f291e39a87142bc624e7d04e85f89b23201b3d677aeb45c5ca1b54ee497fc,,
ep_000245,robot_overtake,259725910,high,PLANNED,0,b7e02ddef1293670ef59ce3511c685e73718d1dc898064b3a089eb2c239f4072,,
ep_000246,stop_resume,1183488829,low,PLANNED,0,b0c4e9deac5a8374cfd44094b4c28c99a855e5378523f776767a239069eb09e9,,
ep_000247,stop_resume,673639597,high,PLANNED,0,db0cdfb8fd4221b446e0b9bfc7d15836c9a9cb990263141bcd8c5e61f2656b71,,
ep_000248,stop_resume,492402792,medium,PLANNED,0,7d32f1796a9397eaf5ce7a45185994b8480e4ffc27414f0d5d1892f56d68389a,,
ep_000249,stop_resume,275101768,medium,PLANNED,0,518f1e640766695fa41fa37ee5aa3c2f8720c77b6039ec3683555ba8163d8338,,
ep_000250,stop_resume,1850558823,high,PLANNED,0,b8841bb0d191488acfd8029e41b747f08c32c521fce1fbfae08ec70483c35b4a,,
ep_000251,stop_resume,295224391,medium,PLANNED,0,d888e274228551bda4f17a09775d7533dd05489af40ab7e0e8e24b9d6e5558dd,,
ep_000252,stop_resume,1154489031,low,PLANNED,0,95f8be57a14e2b2a5c066d876f31583ee5e69a1398198f8a1554cb07a4c04406,,
ep_000253,stop_resume,514690945,low,PLANNED,0,dcbe0fdcf214e71d76a9daa98c2b0fb9180d53e5d1b4e0b208d9a2d285ccae99,,
ep_000254,stop_resume,1789408576,low,PLANNED,0,ade037c691919a26717bf9db946a9ee87df2a528d340cddab03bfd4fd066c824,,
ep_000255,stop_resume,495590193,high,PLANNED,0,099efd8f69677f54bbe9fcade6a3f218841a654b9abf96ddbf0690e899af1474,,
ep_000256,stop_resume,1253462941,low,PLANNED,0,21d1429462717b252558c453c319534ad50b8c1add3181abc2f0dd0c20b8f250,,
ep_000257,stop_resume,743315116,low,PLANNED,0,2bf8b33757e2f06f7e1e56418909ffcb6c17c2f399b58656ce6b7ea6e4a101da,,
ep_000258,stop_resume,1086339923,high,PLANNED,0,b327e5a1d6f4381606b968dc5cbbd2be1e19c8b6f8f6001e22cfceaae13b5001,,
ep_000259,stop_resume,1836705012,low,PLANNED,0,40057f9975c0c3e5aa05f6c7b2689416846acd01d32bbd08d50f420eb887addc,,
ep_000260,stop_resume,422350609,medium,PLANNED,0,c1689332965fc2b56a9f121e7c8dde225be074644e00b681a2fd131dfdaaabbf,,
ep_000261,stop_resume,1178272695,high,PLANNED,0,392c0964f35a17fda2241c793e8198eb86f50412865770a2f20957b16af57038,,
ep_000262,stop_resume,43184803,medium,PLANNED,0,f3998874413e9804926cd636e0c969e6b575d30b367c8cd4141f45d4ece6d502,,
ep_000263,stop_resume,1907753429,low,PLANNED,0,d7ed7c99b7200216fad108bc921c3aaa03459511abd38f4725955561acad5df3,,
ep_000264,stop_resume,2025549622,medium,PLANNED,0,79458284d2e42a604aef1eb5d686424b1889d0700ed14cce252806952f8e9510,,
ep_000265,stop_resume,1341301639,medium,PLANNED,0,99730c4ab9acb70848a5ae08d266b1023ab55cbe8868119d51f3daf9428d7d24,,
ep_000266,stop_resume,786480119,medium,PLANNED,0,d998cbb22f615a5cc77797932e5ce9021c76c1ba33500c5d6807c28d5078468c,,
ep_000267,stop_resume,1562997316,low,PLANNED,0,35c7591be136a88b7b3b2ef6a4c8ff42e9c995ebafb807e001886e3b887241ff,,
ep_000268,stop_resume,1062032171,high,PLANNED,0,c8eefb10060abbf3a6e31e04aba60f8eb76c58180d38ea6824a38ae4954c8bf3,,
ep_000269,stop_resume,1250015010,high,PLANNED,0,598eee11f66bc844410b14adacb1c60154677813188abd68e563cd053ed3bc4a,,
ep_000270,stop_resume,1260991557,high,PLANNED,0,83c6886362917037ed20b63f28c7a19f6803e1e3c575c1f99fc95e663eb07156,,
ep_000271,waiting_person,663275688,low,PLANNED,0,34cbc13011a49a0dffd9c281c9ad95db4a26af373cc0e44540b3a4e719863255,,
ep_000272,waiting_person,1103992889,low,PLANNED,0,e3d2467d9589f9eda7987b0b0ac21080914dff8dbf44779ea1f24bb8e0b4956b,,
ep_000273,waiting_person,164824562,high,PLANNED,0,45dc3c31daeb2e04783aaf03602a16d3f2515d963f6bb719e6b2c02b0f8479ca,,
ep_000274,waiting_person,2086330383,low,PLANNED,0,9aaec404d0ecf93abbb2d42832b65d1078831e63421ff6ce9213b46a138ef224,,
ep_000275,waiting_person,1404733991,low,PLANNED,0,7811fa048e928c69c4bbd01d6219ce9588795420103633fc356881fb7231a6a1,,
ep_000276,waiting_person,1911283302,medium,PLANNED,0,03108d9d6c46535f8262f17722d5d7961acd19c830f4a88491193571c413e4ab,,
ep_000277,waiting_person,904821630,low,PLANNED,0,f901d2f78580eb9d611364688037e4d1f235c92c9ffadac331ccd45de2088f56,,
ep_000278,waiting_person,1121632552,medium,PLANNED,0,7c1c6fc67f5b44bc5e0eee7a53570e549d1e33c4489362ac18e7b19afb4f896d,,
ep_000279,waiting_person,90792683,medium,PLANNED,0,39ecec86ed154f42e82b970b2a6423ebf7ac8bdec2821f93487fd0fb1048026e,,
ep_000280,waiting_person,32557048,low,PLANNED,0,d9180e451b878a0bbe1b00b939ccb9f95d8034dc323f7470e25a3d8cd4f65730,,
ep_000281,waiting_person,1693755705,high,PLANNED,0,6b6bc35be5b1a125e307627acd7ce9eda7295a9f053332cc9d094a23a11a7a90,,
ep_000282,waiting_person,386921540,high,PLANNED,0,eebe1c6f4d9f8ccf29134ca6af89802a6503d6f70a90e8d906c6065f99fc8c9f,,
ep_000283,waiting_person,1375898634,medium,PLANNED,0,97ab3a3ad7ec89b2c73e32bd9bb1f0cdb2b5a083da495aa2962397a72fb4cfbc,,
ep_000284,waiting_person,1765444057,high,PLANNED,0,4732b06799b6437ac23342ba2009e262b682deb9078ee15ee02cfe7b1d699d52,,
ep_000285,waiting_person,1925763434,medium,PLANNED,0,c16ac014f40d7f7a2f2f91ba4fd2c3a7b8b03b46e2bdaaed58619b10d1fd2902,,
ep_000286,waiting_person,1458371566,low,PLANNED,0,d9e351275f6c2cabe53da474073941d2b15deced4cb63523ffd10235f0046a73,,
ep_000287,waiting_person,374753432,low,PLANNED,0,6462af768de8160db0c82838aba05dcf815051855078bd31d521bd33cc48bd77,,
ep_000288,waiting_person,65294491,medium,PLANNED,0,ae0e3e623c5c2e96f1ae128922f9c3e268c53647be776fcbba365442c0deab92,,
ep_000289,waiting_person,1060203944,high,PLANNED,0,3caec97c0b372bc00f19c133cb0bb78b93dc5325e45600b41bdbc4e857266e24,,
ep_000290,waiting_person,1467754902,medium,PLANNED,0,d6606034d9bfd191c1d2325f5fccf03c7279057f1d3b92dcd9f8bd7af447169f,,
ep_000291,waiting_person,516895366,high,PLANNED,0,924dc7a671d8be04bbba83bc50d4c2536fef58256a5da7335e98d0fb54ad7fdc,,
ep_000292,waiting_person,873280711,low,PLANNED,0,0c1db359a37e5b257b2e1e381907bb7c08fb1d96c0d3ece785ac2f41ced0b655,,
ep_000293,waiting_person,1424673343,medium,PLANNED,0,5f0fbe6b64d18333712df402a5f4aaa33e0ac1521ad32d170027dc098a97609c,,
ep_000294,waiting_person,1476127494,high,PLANNED,0,09eb5ad3ab6b8baa3ef58e80160cf848c3e59b2c981d209b3ce6565ab89ad1e8,,
ep_000295,waiting_person,1150110050,high,PLANNED,0,e770ec711fe541f630a73f46ef7143e4d85757bacd5eb9a9b3c3d9e1c1d3c3b2,,
ep_000296,sudden_entry,782563784,high,PLANNED,0,18c91491ac24148fb5c87fe6726e967a8d17000de96c00beab668ba32a9d5856,,
ep_000297,sudden_entry,304177622,low,PLANNED,0,d4680d6d911dc58ccf39abb458efebf6304f006b4aff1375197862e7a81e09c3,,
ep_000298,sudden_entry,2038069250,medium,PLANNED,0,4683f84b10916e23fe24c5b093dc2c5dda0bba07f7f00deebb89c54727803cc5,,
ep_000299,sudden_entry,181164221,high,PLANNED,0,f1cc8865fc6a6171edcedc5287ea331d2f3514587cd69a8b7d17c65267011fd3,,
ep_000300,sudden_entry,1080217326,medium,PLANNED,0,4e9e558d88d854e311b73fe66ccf91bb0263107415f70380f910f2a92fc79226,,
ep_000301,sudden_entry,1868925849,medium,PLANNED,0,4a73b466874f45ebafe37c687dbc68c7c646e166efcb2c67571015fac911c9b7,,
ep_000302,sudden_entry,901937479,low,PLANNED,0,220d9e2534cc3ad51d61e6e6326599aaf475b829b3d37ecb168b2d1d07d6d74c,,
ep_000303,sudden_entry,304472905,low,PLANNED,0,0d0117df527a343b09b3359cfc3c96e339cfadb8816d3aad5585c105637932d3,,
ep_000304,sudden_entry,878386601,high,PLANNED,0,a2482a862c69e446996cfc9c3e4eadda5935f9a6b1bf93a3160a2d45989b7846,,
ep_000305,sudden_entry,1077571669,low,PLANNED,0,b757247ced600c50ba85c687a6adf97cf94b1f946d04851858a77294f2b8c176,,
ep_000306,sudden_entry,759978870,medium,PLANNED,0,07f88604683f9b41abe68e3d3a847f5048ab5138440fcd28cb928fe5dd91cde5,,
ep_000307,sudden_entry,454232820,high,PLANNED,0,4976cd594ca5c565fc176a5d64dc9f775917379de3fd30a7141f7ba55c05a7f9,,
ep_000308,sudden_entry,1595940889,high,PLANNED,0,3703eea6c324f0a4afb74a123075b234653804dd85d718e47c8bd17b02dd4543,,
ep_000309,sudden_entry,41382310,high,PLANNED,0,04884fe3927172cb2c718ba383cb5991d8c30ede3f3bc654f7c7adde46038df3,,
ep_000310,sudden_entry,1890215794,low,PLANNED,0,ac2a75a7ba480e44abb5b0c7663e540c5004d359b5207708382e37fe5b93b323,,
ep_000311,sudden_entry,1115062178,low,PLANNED,0,38aca5fce13be9e22e04b502c1829835efe81a0467abf09b500504d00530eb36,,
ep_000312,sudden_entry,2137887606,medium,PLANNED,0,94404c5c39c145d4b8d0216fd2f6e47b527caf04c48a9fe317fcdf2a142b6745,,
ep_000313,sudden_entry,1208585901,high,PLANNED,0,f3f2ade8612c3f24aa58f9029bf91a31136c388156538aebbf2bcb901d02ae48,,
ep_000314,sudden_entry,1278857410,low,PLANNED,0,efc85e657aa018d5008e1747c39a134f4aaf22cf9fe59f9320c046f2fe74e254,,
ep_000315,sudden_entry,2018848848,low,PLANNED,0,c2045ed44a0a32f53d88433d05adb8bc195c72ad2fbcd66eb317a56553143578,,
ep_000316,sudden_entry,64675279,medium,PLANNED,0,020cd7f913e6af0b58b93fad44fd346a074a2c363c678c5b94c62ea6174ae5b0,,
ep_000317,sudden_entry,1175726756,low,PLANNED,0,81583c1c9a812e19d8557895d343acecd031ed58aeed4a88b74e0bb38d0e5ba9,,
ep_000318,sudden_entry,481151326,high,PLANNED,0,b3ee5764e8d5a71a496935da98bdcf4b627ee69b70389e546cf07ecf5bc83a00,,
ep_000319,sudden_entry,830633397,medium,PLANNED,0,9ab9baa2c45ed2dae261f37a9d87ed9cfc5e4bf31a56fba98b9175ba7b71976d,,
ep_000320,sudden_entry,1128450380,medium,PLANNED,0,d5aff0a9b43c40b664dae811e61e6f6a4bf6760a72730625262798f683bd671d,,
ep_000321,blind_corner,1128625809,medium,PLANNED,0,aa6bc5f80e5522a90fc78d8cdaad8528e5433b48bc9ce8658ea37b11b90f3c41,,
ep_000322,blind_corner,1418565672,medium,PLANNED,0,6608ed11da0b9c5b38f6619d84d2480dfb4025f783eb8bc7d5c517849b147543,,
ep_000323,blind_corner,77744309,low,PLANNED,0,dd2443adaa8ec5acca0c318b08e7dbc8855cac25d23895a4e96828a754684053,,
ep_000324,blind_corner,544906989,high,PLANNED,0,fd687f4582b6cac13c9f3bb23205d8f50496985cccdf5db822f970105831e974,,
ep_000325,blind_corner,1854646853,high,PLANNED,0,5a323f5c805c78f4d83e3ece40bdf243423999fd960d9c204b9b87fe03617da0,,
ep_000326,blind_corner,458260871,low,PLANNED,0,9e758f17c1e4f4aa02ec405978eee23dbe71d63b9c504f5778865e3158a24add,,
ep_000327,blind_corner,709890087,high,PLANNED,0,7b3d153d6680073131324a859a8c4d8d2972444eadb4aa2667ba027491a44a85,,
ep_000328,blind_corner,1278179740,high,PLANNED,0,6e72812125282573596b43f183cca01312cb371794ddd805f97a0394c3d60941,,
ep_000329,blind_corner,90481229,medium,PLANNED,0,71f8d6fc6e21820432a552e6310f77841c67beb04a2e8953acec6ff52a114e38,,
ep_000330,blind_corner,1487493782,medium,PLANNED,0,88db203d1f732e4d8a101623927840fb8b0d94f0d70f3c6e2d02c60e7f67ea9a,,
ep_000331,blind_corner,1680998375,low,PLANNED,0,f5285f04628a85bca76de0ba40fefaf34962ec8e508f1e3b998fc58f24c248d0,,
ep_000332,blind_corner,1456406697,high,PLANNED,0,98436a02c6f861ebaa74cf12ed3f4cefd1ee6877e6d78abeaf1047e020602b03,,
ep_000333,blind_corner,682185892,low,PLANNED,0,85b3856c144561b396cf70a42dc29da18f2039c2de1c8cc04c3ddd455d49ff89,,
ep_000334,blind_corner,1291537759,medium,PLANNED,0,5289f106a4cd943ecc17044499f750f32d8e8589971bb7d7e9d23f5b262b7915,,
ep_000335,blind_corner,513791765,medium,PLANNED,0,52aaf91974cfbe378ff4fac651778fc1d0597cce0e536f82f2184d8a5b976421,,
ep_000336,blind_corner,708263125,high,PLANNED,0,ffa32fd72ef2118eb59d57c1f685a09144bd9488e1d2046ca51e311d5d96fce5,,
ep_000337,blind_corner,1465076184,low,PLANNED,0,eb53664665717e84735970376e94dad448a7e6e01c34c1226b3ec4457226ad5d,,
ep_000338,blind_corner,1058413963,low,PLANNED,0,5238d07092c5b4a9993acbc546a2d3ff8bc400f19dc58979a10b434491275cc8,,
ep_000339,blind_corner,1558410110,high,PLANNED,0,db7f768b15b77baf86ec8d5f173f9f9c7abc0ee66ca5d036a15508de9b91cdc6,,
ep_000340,blind_corner,1268280881,low,PLANNED,0,94ec234baf096ffb78c42e3e087a942f5bb3f47802c32805356f476ab73350be,,
ep_000341,blind_corner,777184788,medium,PLANNED,0,87a1274e3a187c11d36e4fcc10b58926b42b79041099354049b091a8441c5ad0,,
ep_000342,blind_corner,1796825407,low,PLANNED,0,08321707c69d62d3b1046a7644943b5e73998fc05e2ae3841b3954868ddf4b1d,,
ep_000343,blind_corner,967328970,medium,PLANNED,0,e3901a237b9df9533831bf583eaf91e273a3e19cfa161ece2ff3088183e67624,,
ep_000344,blind_corner,2050186244,low,PLANNED,0,662f2d5e34bfd8dd92248a31cd213c589d2628262d34e99e896e1495648e0443,,
ep_000345,blind_corner,1774572889,high,PLANNED,0,2227cc05fe34d368a9f412854633de3538a9edf47e7ac7478020ce6907deb3b6,,
ep_000346,door_bottleneck,787159584,medium,PLANNED,0,535bd79a6618f00182cc2736bd1e477fcb81379171498795ca31a9748c04321a,,
ep_000347,door_bottleneck,270711509,high,PLANNED,0,8713a94f407ca1d0985e01c3bb857b77eb7b7c005b24a7d6604b3744b91956d0,,
ep_000348,door_bottleneck,882158331,low,PLANNED,0,4f4c9624faeddd75816356195fc0a1ab94f4ab80cbb0cca6347db55d86cd647a,,
ep_000349,door_bottleneck,1755012969,high,PLANNED,0,fa43753a800d0ad47aee30bbfda917d0a52c7365c447bf570e311129c11231c7,,
ep_000350,door_bottleneck,1363065199,high,PLANNED,0,acf8a1c9b96651a217aafabb79f9aaaad40563df73aa07b9d8f9c3dda4be1eb1,,
ep_000351,door_bottleneck,1229279336,medium,PLANNED,0,cfad70fb7e830015e0cd0282de5976b9e6c4d2d5425ae87f771f20559f852d9c,,
ep_000352,door_bottleneck,670875371,low,PLANNED,0,9141643f163b2ba18d25d8dac89dd32c0b8c9aaed2a825a2b96ffd02e064496b,,
ep_000353,door_bottleneck,979445878,low,PLANNED,0,008a0b8d1a07933e030f8d43fffd24cd073cc1a8d717b665c5fd55923eb97ea1,,
ep_000354,door_bottleneck,2031437918,high,PLANNED,0,0ab96d4b2950c58679cc1bea4e92e48a734e5b6fb38d28658dc30ee209e1a2ee,,
ep_000355,door_bottleneck,676626853,medium,PLANNED,0,de41f846085912ce24dc0a39c8606398213a9f77f4e77981b553cd0a6a32ea0d,,
ep_000356,door_bottleneck,374153818,high,PLANNED,0,e059a40cc5561adc0257a56efbed9edb48c72d84e8ea4a6975a4ec14987e5fae,,
ep_000357,door_bottleneck,2138023055,medium,PLANNED,0,241f7a8e6df5c2e8e6d4e1ca57cee6ec295d7c9ba8190f33370c870ce4514c87,,
ep_000358,door_bottleneck,1101784239,high,PLANNED,0,6ac845e4ce8587ef12643eee40f5805a1d08e207206292c0e275c7ecb928b975,,
ep_000359,door_bottleneck,2137055777,low,PLANNED,0,354d95ab5195dc7b90956ee466e81269378923519e92c4c26f1071e2d6515c84,,
ep_000360,door_bottleneck,1701256342,low,PLANNED,0,c24a8e0bcd7bd2be2cd7d672ef739f1926fe26af11d6603c14d431b63ed02e5e,,
ep_000361,door_bottleneck,150858949,high,PLANNED,0,ebf507de7827a3c2e5ea8b039b486c7cd8f53058b0994a9c99ebe2071fb069ff,,
ep_000362,door_bottleneck,281059051,medium,PLANNED,0,2f5793190da5f8a2cd333af0e794edef2ad2075024312d0afd1420b94db92e7e,,
ep_000363,door_bottleneck,1612709443,medium,PLANNED,0,a0fce035f7e9d20f39bb151b552a52a4104d057d57329d337709e0a696da355d,,
ep_000364,door_bottleneck,1350653702,low,PLANNED,0,2f3906899e46346407120d498fe62fc993b5fc114473cbf7b9efd7e0d32a8353,,
ep_000365,door_bottleneck,1333389798,high,PLANNED,0,dc1a436c3d068994c932be28a77c9391a4a901717e511799ef0d15b2f0fa3b77,,
ep_000366,door_bottleneck,1554811722,medium,PLANNED,0,efb6c7a34826f57a9e05ccdf169cbd2feebbb36390a010133697c44ae1c88c1c,,
ep_000367,door_bottleneck,954980593,low,PLANNED,0,068c2ca202dfcd61cf90d806ed2c2268a4e38d17b0b26cd09c909676ff7932a2,,
ep_000368,door_bottleneck,1779650036,low,PLANNED,0,f4406ddd2ba50a9b285ae8ae6142052bc55d21bd2d407415b2e000df4725a51e,,
ep_000369,door_bottleneck,452502400,low,PLANNED,0,a197c040a0d58e0a66c5d7be59c1361bfa85f315f54f62ff89a8be3b2b977c23,,
ep_000370,door_bottleneck,613217876,medium,PLANNED,0,3ac12e7fbe20fdc9e66b0be0961fc4ca92a7b7cae7600f8fdff9ca725fa669ac,,
ep_000371,narrow_passing,1375849416,high,PLANNED,0,7b9163675f42719eedac2d8a383baf6c880ca12467faae3e0c384c6264ccbf21,,
ep_000372,narrow_passing,1100392750,high,PLANNED,0,1ce0baed9341f425054063b7237a2610545709c801106b8bf07f3924857857b3,,
ep_000373,narrow_passing,1991670870,medium,PLANNED,0,0fa22c0a5e379253eec467344b208c5789f14de4eaeab7638a1ac14e7b3d2587,,
ep_000374,narrow_passing,1445469961,medium,PLANNED,0,038f1c4199d364fa79fa8499c6d8d1d4023bddf06dd994a0abc464fc1053b5e4,,
ep_000375,narrow_passing,988122123,medium,PLANNED,0,2d9ebc8c3697da03c5d4bc7a2712c433c01f30424d8a693bb00a281fb599125d,,
ep_000376,narrow_passing,685573205,low,PLANNED,0,1bf9d4d581ee4c8bcabf17f96f89d9a72fcfe15c78e08e0f8df95db1d466e4ef,,
ep_000377,narrow_passing,286131692,medium,PLANNED,0,ec3410bcbfbae6846f171f97584d12aea6a9043ca42787f52a39040b7420108e,,
ep_000378,narrow_passing,34075466,low,PLANNED,0,e3f54a3e6197aa6ebb5786c79a21c5c4ce4f0f6d10d872e74336a242c7e7c9af,,
ep_000379,narrow_passing,1232771682,medium,PLANNED,0,fe7f41dfbc2eeab3ec92d86f7c8129ab2d5e27c41fd1f026b9b03406cd2b1381,,
ep_000380,narrow_passing,1535111173,low,PLANNED,0,219e0ce01b8861e66015042976e1e21f0e6175ba769b5629177c5612ed62c1b0,,
ep_000381,narrow_passing,793832473,medium,PLANNED,0,f86a53abd9c714c14d33de0294b23e69f9c8e6630a1fbfb92f866be49e306ed4,,
ep_000382,narrow_passing,619223512,high,PLANNED,0,ffc3ebcd9d62d13d2eee9e47c3e89b25e8afd0c9d0d60975a3d121e29dd611d2,,
ep_000383,narrow_passing,541069650,high,PLANNED,0,092c4232d8e315115352cea2268b3cfb8ed255029733ef954add25a86787c4f9,,
ep_000384,narrow_passing,685405101,medium,PLANNED,0,c1cef06e010a3cc17df0a2922caa4d0b861b46e751bdc29ccae77e82662525d2,,
ep_000385,narrow_passing,1619000837,low,PLANNED,0,cc69b1f61bccdf8c53e86c3f7661dc36267b5001084ee865e9197c1a33c8d619,,
ep_000386,narrow_passing,775762057,high,PLANNED,0,2d1637b71b53c12a51b47aab02c4eea5caf3536063e450e49909797de04597ae,,
ep_000387,narrow_passing,329323255,low,PLANNED,0,61c122ae8340a9b268dce61e4f575f04e874fdcb5a4b4b92db7c7b7875eb993d,,
ep_000388,narrow_passing,2121476861,low,PLANNED,0,9d0060b9f6bdbd32e4bb573641f6b59473f94561fc621ca1c1a4c8dbe7b30613,,
ep_000389,narrow_passing,2084001993,high,PLANNED,0,57390d249c6a9f3c875d0fc389a0f294e5205d3b04e2217721f18569e2418ce4,,
ep_000390,narrow_passing,922575782,high,PLANNED,0,3750883e87a860a094b8b2864b32e35932fa05d4832759784c444e4001b13e34,,
ep_000391,narrow_passing,502790344,low,PLANNED,0,8d46b17e592a5d2485a110076d9629110d86a86226b31f4d2f783ea580276bec,,
ep_000392,narrow_passing,1951847408,high,PLANNED,0,1309facb9315427aea423da5fde10414de8612ad192edae2c937869b1ac6f095,,
ep_000393,narrow_passing,477151059,low,PLANNED,0,5a86e62f38533755549fa3581b1e62cc82fed635bb9f96105a7248d517734fb5,,
ep_000394,narrow_passing,1678281251,medium,PLANNED,0,e2677ad380c446d1915e7f4a0db29d414ef192e78a79bdea71f60c1a9bb311ce,,
ep_000395,narrow_passing,1481379758,low,PLANNED,0,60c51bb03a9a04c282ff818d1a1ac11bb80fa44ba4686902449c06e285058802,,
ep_000396,walking_group,341917791,medium,PLANNED,0,62caffeb3c3cb8186350e27b46b5fe8616355fc9917cd0385b8685739dd550d7,,
ep_000397,walking_group,1360517353,medium,PLANNED,0,d1f7cda7d5b66b2d4f8f330c636ab444c3b54b88b83fb5241a9f21c77a3140ea,,
ep_000398,walking_group,2001679428,medium,PLANNED,0,a79673370388f180e2a7b245c277b2ffc5844e1e2b10ae59730d86335c402143,,
ep_000399,walking_group,441843343,low,PLANNED,0,8f1fa67c4c6fa87274cce74cf21567542ff32bae032c1495d047506598e49673,,
ep_000400,walking_group,113615670,high,PLANNED,0,9747f9f14d3095f328765bd5d402ab282b85667ae5b14d103cc7b9031b16d587,,
ep_000401,walking_group,259140747,low,PLANNED,0,99726811f9bedc3ea7bfcf9847361d44f00607f7acaa5fdda6b1d6ded19d22e1,,
ep_000402,walking_group,1255359013,low,PLANNED,0,d4b10cda8249bc77daa006fd64720c8c4e3e5380f48157b8c0f311629a812fb2,,
ep_000403,walking_group,976923816,high,PLANNED,0,3ead083ee393ced7429d732e68ceda9b75478d9931d3090169e5d5fec8f943c4,,
ep_000404,walking_group,1771716575,low,PLANNED,0,464344e8e3ef4db9ba7fe17e6acc982b7c03cb9c83534f6d50ff3be6ec11fd62,,
ep_000405,walking_group,1519581422,high,PLANNED,0,f08e7925ec1257b1bdd0e5dc7873ce530bef5b504d8a15ca49a4b302196993df,,
ep_000406,walking_group,2006970905,high,PLANNED,0,ecadf996e16ac805a36f834beee3cd8b16b8bab87925d86c628a91160d19e6ec,,
ep_000407,walking_group,531612270,high,PLANNED,0,6052bd388ec77237de6e2614b8c031066eabc458f94f58c23772d562b4b88612,,
ep_000408,walking_group,204844821,low,PLANNED,0,faa05451594ca3f0fac7b6e4be88a8b6be806cbede5dbe800a705845de031320,,
ep_000409,walking_group,1655701857,medium,PLANNED,0,3fa4198ed64b590226ed56802255542ba03fc69f5ebd044e3c9c90a3016f82e0,,
ep_000410,walking_group,1618982852,high,PLANNED,0,e3e63baa49ea18e8df1875287a910677d63341f787991a9ffc6bfbb787179eeb,,
ep_000411,walking_group,997007972,low,PLANNED,0,18c8973730f31a319f4ab17f125f991c6c9871cb11be3bb62c5e95604094a5b2,,
ep_000412,walking_group,861854364,high,PLANNED,0,c349b87104b4c7d1347ef4a4f306d8355593124004bb766b2fcb4b4d449ba3c3,,
ep_000413,walking_group,187210784,low,PLANNED,0,2818aba73a175c93b89f0664dfe01b6ee05ca9462e662f4ad9520b9a2c094edc,,
ep_000414,walking_group,1060416,low,PLANNED,0,04d393246ed8c390033d89f7522419f1a7c4daaa9a48696ab5aa9782cc6cb15d,,
ep_000415,walking_group,1876723061,medium,PLANNED,0,fd69bb369ef13d40ba9ad0880d0e2cd7e90c21a838b8138b02d16c81cf1fd810,,
ep_000416,walking_group,256740596,medium,PLANNED,0,42fa12ce8ee1fe738b825600390beb71f6077cedc79963bc62066b0fb57ef374,,
ep_000417,walking_group,749132475,medium,PLANNED,0,7fe285c32ced879533b26ca683ffa82dfe82a538a75fb35b5bf0f0e71d15f70d,,
ep_000418,walking_group,1939567853,medium,PLANNED,0,ff9bf608dec206a17e0066a12a7316738c1188a6c7f170a5ca58cf687f89894d,,
ep_000419,walking_group,699245201,high,PLANNED,0,6d41c5a846172f15f21c68768940187f8d756340ad8bfcdf5c40585e8443578b,,
ep_000420,walking_group,1776389279,low,PLANNED,0,7f6c55c2bec5be0433bd06deb2e2d1ae82734bddabb6d33fd2cd357d754da1d2,,
ep_000421,opposing_group,1302293204,low,PLANNED,0,184afa2dcbb232cc1c1e150d51bf5267b932a83514344907229792e18388fc62,,
ep_000422,opposing_group,1706955504,medium,PLANNED,0,645a093809a37e21fe9e6f36bff1b6b0681e9320138f73602b45ffbf371eb217,,
ep_000423,opposing_group,1715371129,high,PLANNED,0,37c1c0c8d3a4a301f193257c9a03b30a421ff1e0750efe5b8482a5bb69cd38ff,,
ep_000424,opposing_group,740077938,medium,PLANNED,0,9e1a12811f48b4ae957d71d4d3ee1989839b77e3c418edcc6df5c703bf87b5f6,,
ep_000425,opposing_group,365790463,high,PLANNED,0,a9761a1b10fd58db491c053a5c4cce7553b0ca624b68df71adaa708793e34517,,
ep_000426,opposing_group,329076512,low,PLANNED,0,c9ee6aad7fb55789cd0a0a6ba87a633c2a0b7f5e09f123b81e6ed26426c0fbf6,,
ep_000427,opposing_group,1896429352,high,PLANNED,0,f3293b63bbf2684e4b95b62a7f9b53897ce1f79bb95080eca5c123a05d30160e,,
ep_000428,opposing_group,1032642966,high,PLANNED,0,44d0551272a7aba47ae6d1564eb7baf40786b1b9596a20b02abb4163c13e88d4,,
ep_000429,opposing_group,2056388246,low,PLANNED,0,fa8850ef14a26f165d623860591322f4205f664d6efeb35fe058bc19bc4252ee,,
ep_000430,opposing_group,772309715,medium,PLANNED,0,69273014c169510e11906d124c028daa63e9b387ae877e26d1d9d6846660d81c,,
ep_000431,opposing_group,895877030,medium,PLANNED,0,7e553e6066f6313bc2e620d2fe8cbff23b164d89f401753f7f5591aa2e0c9e88,,
ep_000432,opposing_group,2003669575,high,PLANNED,0,c6f206cfe75410719d8de04072e67729f5d51f17ef598d830f54dcc6c11f94b1,,
ep_000433,opposing_group,2001862178,high,PLANNED,0,0250006a57d4668f61e85d032b2afcce07c398043dd8d2f75f05f275d05e6d24,,
ep_000434,opposing_group,1924184799,low,PLANNED,0,a9ad4fb845160cff072f5638db62071b6d78f5816019d92bfe41cf24e635f01a,,
ep_000435,opposing_group,827713641,medium,PLANNED,0,1d9a05cfcda8ae38f1b9ae1031a4f248037e1cfb69ad407b2e41d0dfa788a4d7,,
ep_000436,opposing_group,306007513,low,PLANNED,0,dc64a692880bf8ffa95fe8f4634cc888ee8d78f5e083f8a6d7f24d34182edbbe,,
ep_000437,opposing_group,229500362,low,PLANNED,0,22eae1e3fa6c359d5cc553ca7a49469fa32e5daca1e7f63b6bd1306da65b556e,,
ep_000438,opposing_group,680246560,medium,PLANNED,0,3c073274cc18d91b5014136365a438ad12bd643af8842038fe0d32bd2ce05efb,,
ep_000439,opposing_group,2058568245,high,PLANNED,0,78466b440ac9a534ed28908addd3f80ba29bae3e059f03db3f4af6ac84efeb87,,
ep_000440,opposing_group,571008818,low,PLANNED,0,d56269e197fabfd174f80fc2eccaa5ffc71bc5e356408ab7a8b6b059061796f3,,
ep_000441,opposing_group,1435752684,medium,PLANNED,0,0f79d4597025e1ffaaf7dd7c68160cf5d31e7f9fc371533dad829ebe93199056,,
ep_000442,opposing_group,1644450922,low,PLANNED,0,e3f54d6d64a396c8e811e389338643458795ff5f7431c0498398fc91ed1f13a4,,
ep_000443,opposing_group,1225364399,medium,PLANNED,0,d2cfb496b1459238db698e7920b3489f8d9a77864ecaa2514dc53a43eb553222,,
ep_000444,opposing_group,603500690,high,PLANNED,0,afebd0d0a36029d04c601e7e51274e88bbd8002941974c45ec125657cafe3e40,,
ep_000445,opposing_group,1733146337,low,PLANNED,0,f108b7c66a9526bc0e6bb4d2ca5373bd7c754d6755b010c0455dcbea071c4745,,
ep_000446,crossing_group,323619309,high,PLANNED,0,4df991b113226e62a585a835bc2c1430d4047b57a7bea099c8c67fa576c3eb78,,
ep_000447,crossing_group,1744698325,medium,PLANNED,0,f1965c23cf13f469ca8e09627d5325fc87643c8cf3eabc9149fac7512848d596,,
ep_000448,crossing_group,1465288209,low,PLANNED,0,353c7595da5fe64f59455111639ab7e796b27ddc61573f923d38861bf50a58fd,,
ep_000449,crossing_group,1143117449,high,PLANNED,0,ec9068c0763c5edd1eeada0ad9145dca6ab353d583274ceeaf4d8cd335f6524e,,
ep_000450,crossing_group,87735592,medium,PLANNED,0,4b9b67797e4d1d80f1f43a3dacaadc9ff405edd53104a141fd616d7813aed5a2,,
ep_000451,crossing_group,1710600749,medium,PLANNED,0,a9fbbcb8f973c7cc22d4063617c8f85e7779ffc865e58060f189334e8967f131,,
ep_000452,crossing_group,2048383736,medium,PLANNED,0,fd1d6bd8cd258108e13f030a365364fa0380bdf72a3bc1c38f08d3aab69dcced,,
ep_000453,crossing_group,1080943228,high,PLANNED,0,d45e0a64ed1ebeda5206715b9387f5bc163dca51a25dd98d5722934d4cff6b24,,
ep_000454,crossing_group,23433931,low,PLANNED,0,161f38465d758002602f5ba95020291dce65c8b42065c049bb8cb57d65ce30a7,,
ep_000455,crossing_group,940568132,high,PLANNED,0,3a3e7c52c4e81c44d1fabe3919996202c6edb8ad500866ac03418ce72d0478ce,,
ep_000456,crossing_group,801418299,medium,PLANNED,0,516be49c4097712a43430f3e4b4994172ad3fbe5e3b3449f9a4dd20b112b034a,,
ep_000457,crossing_group,703593335,high,PLANNED,0,6331dfea4a101cef9c71a0db6200fcd33bb88d9fd07fbc30910152f3c2e89758,,
ep_000458,crossing_group,14030052,low,PLANNED,0,16307d04fb6b75bdfad3c1002e074be682de207f0dd0921656a5c81add6f9c67,,
ep_000459,crossing_group,327148082,high,PLANNED,0,df75c350da8c983ec62aef2e8add3662d5958f27d14faba5078f45f92d0b57bf,,
ep_000460,crossing_group,144677755,medium,PLANNED,0,a93e34e857c7f6ce969f08edb49336f641f97e07a57ab3d7f62f223fc9267e57,,
ep_000461,crossing_group,2085124310,low,PLANNED,0,f5a9aebbbd2cdb1b28bf8263b82d73323622c82f50c02195a021a62760b8c4d2,,
ep_000462,crossing_group,556061275,low,PLANNED,0,7d5268c29f80722fb8508597a35ee9fd16b7eb7a67843457651df5a188f730b8,,
ep_000463,crossing_group,1744132191,low,PLANNED,0,50651e17c2114ebfb72c9e73dd057ad3b7e13503e001b4e860ce3a340742c77d,,
ep_000464,crossing_group,216838784,low,PLANNED,0,eedca7ee1d7d2663490ed2d271d81d69d5ca69cb6dce0cd308cedda98747d9ae,,
ep_000465,crossing_group,1587923113,low,PLANNED,0,7ee8d8c555a7c21cfe8d6364320436cf531745cfc1e3ef93ad3ab60733b9a5d6,,
ep_000466,crossing_group,624501492,low,PLANNED,0,52e5fbaa4283f83acd9972fb6add155323ab9374f9ecc53a3f7b76eb88ef8e19,,
ep_000467,crossing_group,1512876697,medium,PLANNED,0,dd3af862aec4b05e90d670629cbefb184f200b87ce012f320c95c9d911238522,,
ep_000468,crossing_group,1376421137,high,PLANNED,0,4791966b2c8edd47203879b4cdc9e35edec548c2e5c515da9aab981629905e8e,,
ep_000469,crossing_group,1357188581,high,PLANNED,0,b3b7d496824f92d9e62f183d280b58106b757a5193e2135584251b0099c0a44e,,
ep_000470,crossing_group,1971476761,medium,PLANNED,0,eedc79fb44103e10084f0206d6ad174c219bd936f5cc3703ad5496c805af9c7b,,
ep_000471,conversation_group,272272306,medium,PLANNED,0,14a8d3d517f6c7a18ca3470c3f787a4e000377b264cfcbbf6258b33b481e11c2,,
ep_000472,conversation_group,1590533850,high,PLANNED,0,a3fdf8447d4cdd07e3ea37f76ea8af8495632c8a477fd4bd780ee4598ce7e9aa,,
ep_000473,conversation_group,843450816,medium,PLANNED,0,f9fc3cca20773505c176cef7963e31add0849349677d9902b0828fbc13380348,,
ep_000474,conversation_group,1460817799,medium,PLANNED,0,e84e1777873de20ef14cf0340e5cbbd70161803be0a2cebf9fd6a4bc01179e77,,
ep_000475,conversation_group,679718561,medium,PLANNED,0,0a35570a77168a5b781c479045276ddee8e53b0206e01ed306d86ad9780a8c37,,
ep_000476,conversation_group,1442340200,high,PLANNED,0,6abfcbb92e1cdc25239bc32cb784e88037d7c4c9bba8c00a1dce9b8a24554e52,,
ep_000477,conversation_group,1561429058,high,PLANNED,0,074ca8382c852bc6f9872dd0ef3edcbc4d5cb7473dc5479aa522c62fd2a93203,,
ep_000478,conversation_group,839410516,low,PLANNED,0,712172cc69e2b647ba55eaec1da74221c244efc183b2438c93e7c50d167c9112,,
ep_000479,conversation_group,1276905238,high,PLANNED,0,3d3aae0a00116a9904e3c66be4f703f19d58e88bea68c3a784e2e469f5b8491b,,
ep_000480,conversation_group,608110810,low,PLANNED,0,82de5dad26e3a2125331f3eb76dc472ae095502cc87f77636dd3a3afa17d9a03,,
ep_000481,conversation_group,504943264,low,PLANNED,0,537e206d315ce3311603da390aedcf310eff1ef9d1ea9d418afc92e527ce8887,,
ep_000482,conversation_group,1451924800,low,PLANNED,0,2a6d88b1673bc720927b70ecb000b1c188841fab2450dad76f8697b015afc9ff,,
ep_000483,conversation_group,1324722573,medium,PLANNED,0,790920092e2502fa9ee452a0ba7365d2424347dc8527c1895bf144336994b955,,
ep_000484,conversation_group,1980939341,high,PLANNED,0,dabe8fbd53a72d17b1bf58551a2957d84cdac9eeff354aeef47b1f80b7faeaad,,
ep_000485,conversation_group,1444285702,low,PLANNED,0,9579e81f70eecd805ba957d31b20d6aa9d2c441845c181182727eb7915280435,,
ep_000486,conversation_group,106875076,low,PLANNED,0,f1adf717c099a8ac9abccdff87f330fd56d6542f9417d5b443682b524d67d7f7,,
ep_000487,conversation_group,1156875968,high,PLANNED,0,59c8344ca49548cb8b8b0158938bd9e13cf680ea7de34504642e95989b3b7d42,,
ep_000488,conversation_group,1714028933,high,PLANNED,0,78a3836f08abd1908da07d9d9cb379fb6d5c6ceb034463beaf706e3a1efc18d3,,
ep_000489,conversation_group,1012541625,low,PLANNED,0,4d15ea96ef84093d72d0387ca6468acbea8e5d12c5235eee2b928b7f958ec53f,,
ep_000490,conversation_group,1812665486,medium,PLANNED,0,d1d2f2b7255bbff7ad67d7020759678b3241ced3b323939f6e6d03a699c94ec1,,
ep_000491,conversation_group,2105206038,low,PLANNED,0,51102acb5943e0eb17e054778aa5697d3f90e34bc8bef8e3658cf088a5bd2c33,,
ep_000492,conversation_group,2124939229,medium,PLANNED,0,125957572ad760f2a4514889fceaa434539c96c55a2cd3e85e25fcec04a7eadc,,
ep_000493,conversation_group,1167254228,high,PLANNED,0,ab3c3ed81fb5f37df0192618c695cb077a2da87d712d921d7289115f4379e54e,,
ep_000494,conversation_group,1861901899,low,PLANNED,0,a0ce9af589ae54d83065e098f6abc148c7828c4de5c784c954bd25aaebcb3fc3,,
ep_000495,conversation_group,1755798904,medium,PLANNED,0,5864ac5cd6e8c4afd2207f8b6cfc1fecf5ddc67b7aa971e68a87fce843633960,,
ep_000496,bidirectional_flow,1475487098,low,PLANNED,0,f73e0eb3612776afe5cdc2811997ceec257ca67de1d48f9cabcf09ea2ce83ae3,,
ep_000497,bidirectional_flow,2032716080,medium,PLANNED,0,959ed23f47092fb543dacc35ecbe1b02232b349b8d5be62035443f52a8a2fa26,,
ep_000498,bidirectional_flow,87949242,high,PLANNED,0,cc0104c7af88a1e38debc1954da3929b7097f016eab54a8e264ff30e9a20e674,,
ep_000499,bidirectional_flow,127634011,high,PLANNED,0,c10ca7c6f7cc502009d3a215d5f0656f9de00001194dcf8aeef2df4e595cc542,,
ep_000500,bidirectional_flow,209997620,low,PLANNED,0,bd641043258bd5a8470fd117fff3f2ac1547dc126745039b9fd1b68ea5c8dced,,
ep_000501,bidirectional_flow,1423017431,medium,PLANNED,0,cf6238b133036b5c9f9f714ab1430060b67f7724529f0a5f93ac5498bb3978a0,,
ep_000502,bidirectional_flow,820588593,low,PLANNED,0,cefe4fe002a9f8e77335bbb95cab9b58b316719d407784a5aefcfb83e107e814,,
ep_000503,bidirectional_flow,1076206857,high,PLANNED,0,570dea024a97182aaf9e5f06cd3e3ba23a2fca01fb9918f051101c1c54893bd3,,
ep_000504,bidirectional_flow,947636185,high,PLANNED,0,9bd5d3e6482993a496fc2c75a6f3a11682b9989a7fe39c26f8e6b5adc5894150,,
ep_000505,bidirectional_flow,436193976,medium,PLANNED,0,74f246489423f84d16c56ddb77b76e531b37c3a2447f6645fc3452494db60afc,,
ep_000506,bidirectional_flow,1003794280,medium,PLANNED,0,3d76b5afeff962a7e10ca5c0ee1b1aee4138b5aad3d4339862a3b3caa5cfacc1,,
ep_000507,bidirectional_flow,586529063,high,PLANNED,0,1d10c986de3313dced06f412f38b6c77c5217944189e20a83eea09591cd53087,,
ep_000508,bidirectional_flow,1165266371,low,PLANNED,0,7c26e3a5cac79e7f3d835ae06f24b8160126ed8eb933cfbb6e926368634d0799,,
ep_000509,bidirectional_flow,879914392,low,PLANNED,0,d955e85389578cf8300988cd58bffae8cb8089d11c350f435f923d9f87b8cc80,,
ep_000510,bidirectional_flow,1109160041,low,PLANNED,0,52d0c1c36c9b252f75b0c2d7fd1c5213ba509c286bda57b9762f117e72ba4402,,
ep_000511,bidirectional_flow,487885522,medium,PLANNED,0,1b6be777183796faa746b39d4adca2e56577cb49d369c7033cc9c20284b3c956,,
ep_000512,bidirectional_flow,1632911013,low,PLANNED,0,4b289df0ce587c2011b10efb9ae2cfe346b7d6e1b0bba42b4a141ad9d3d0f73b,,
ep_000513,bidirectional_flow,1848988548,medium,PLANNED,0,4871a6d0f7448e1b91dea44d7a06644d16d9538962ace8cd74b48248c3170a60,,
ep_000514,bidirectional_flow,158390479,low,PLANNED,0,2d81602f0cee7da8daa3dd6d090bfce3f7c78f9778d434377ec9eebca06960c4,,
ep_000515,bidirectional_flow,1322862117,medium,PLANNED,0,f916e8b6284834d1c30854f915c2ac31b8f04bd524a31905864c2ff240d458bb,,
ep_000516,bidirectional_flow,2127418898,low,PLANNED,0,d3a7efb599278a68588d130f8ecd17b7aaede821a71129d07c23f890334030d7,,
ep_000517,bidirectional_flow,1593704427,high,PLANNED,0,7fe51cc38ea88b0bcc9782c2f1e924b75af95774148fc5ee15d5d0b959e63f58,,
ep_000518,bidirectional_flow,283538874,medium,PLANNED,0,a65670d58101f7229323743049220bcd47cc13fe31cefa691cdae28b1c73aa9f,,
ep_000519,bidirectional_flow,571523787,high,PLANNED,0,5ac8a717991e8ef2730575873871a86bc1c88359eae07e97ea434e135f7068dc,,
ep_000520,bidirectional_flow,574295578,high,PLANNED,0,86189af493e56a0b7e610adc3a5f1b2facf9c01eaa15f9c5c02602b51106d389,,
ep_000521,multi_crossing,2144391825,low,PLANNED,0,df8118b1343909efb3736bf0b5513423eafe411a8c8b3e9c0c62d9a9ccd9100d,,
ep_000522,multi_crossing,1981556753,low,PLANNED,0,a72c3494a8daa959d36677f72b40dfeaafbfbfa8e68d7886593a2d62d71a3cb2,,
ep_000523,multi_crossing,1631948004,low,PLANNED,0,19986ccc237243d43c62e5e5200347e8272b8c4052d2af133d09eae4b9ad9a43,,
ep_000524,multi_crossing,488338528,low,PLANNED,0,a0acfeba5e3805283b8aea9a7b9644b25f790e689d480ef05dcb46f70ef5c398,,
ep_000525,multi_crossing,436429729,high,PLANNED,0,6d6dadf43f0c1abede2ba1ae2040a87dac7e1c58b161c5f878b455db093d8bd8,,
ep_000526,multi_crossing,1112878821,high,PLANNED,0,6c939a2aa4503c838e819fae40791910f59565fa3c1fcec97adfdb98ca8b2f73,,
ep_000527,multi_crossing,1150591251,high,PLANNED,0,00b444a599226388b23633070f673d6b418a7eea571118c9f0caf15a4df054b5,,
ep_000528,multi_crossing,2099992865,high,PLANNED,0,5d1b11f21e369df556c3b06a70cfb0a39cecd45687996bfaf7d86c15b69825ca,,
ep_000529,multi_crossing,1614991583,medium,PLANNED,0,8d4064b3787e74473c8c2d240acd95c87ac3adbe5d4a558144cd280b0a1d2b30,,
ep_000530,multi_crossing,482136746,high,PLANNED,0,5b3f7838fef6149d16198fc6d2b566319cf170032e1c70bd13ee80cc8aa1b610,,
ep_000531,multi_crossing,2109744838,medium,PLANNED,0,7b72f7269d7ebb0be053a6c03a5fef0664fee24d2f7e68a46aff1bbd237b2cd4,,
ep_000532,multi_crossing,783077798,low,PLANNED,0,e2a7539f7c04bcbf8a4b4f5ee49eaba60858a43f8b9bda288d08cd6f21888d7f,,
ep_000533,multi_crossing,908750055,medium,PLANNED,0,d2c1ba04d4542f6b374703d4002177e71ca843a71b70c8222378bb768c2e13b2,,
ep_000534,multi_crossing,589769021,medium,PLANNED,0,26fb4aee4657523720c6c33cfb2235d33bd28b29bdd2e48fd147287a58d55926,,
ep_000535,multi_crossing,1901515856,low,PLANNED,0,fd26315eb36d9306ed0d23c5bbb7658f596cc6be0c14e94762ba4d559e5595b3,,
ep_000536,multi_crossing,127187126,low,PLANNED,0,8160f9fafca3ae6788c0a0be4c75cb9a21de1f715c36ca3db0e16d17ff6f1fee,,
ep_000537,multi_crossing,1101079784,medium,PLANNED,0,1c2d55f77a9424e0531a43bd15401269cff7d8ddad529ac7528209db65d8ef7d,,
ep_000538,multi_crossing,1840849600,medium,PLANNED,0,63466bf97dd6bff15bc6924a0ffff4a4425238ffb9b45db48a243d18750c4a25,,
ep_000539,multi_crossing,1844748196,low,PLANNED,0,011c6cbf296d5d17abdc023859dcc1f47a50a3226172cb55164c7fe44c5e1a1f,,
ep_000540,multi_crossing,318242025,medium,PLANNED,0,41647f17ab681e9e16853dfe5c82011feeaef4530d0a3e49cec4d03289ed2cd3,,
ep_000541,multi_crossing,364629997,low,PLANNED,0,5ecc4d5a4d159a2e59b37d4e80009414064797edc0fec5530c89431f4b502e6e,,
ep_000542,multi_crossing,1036953277,medium,PLANNED,0,5ef8901a863f030be087d2960e0924c25449a0af840cf037ff327ca84c9c4c2a,,
ep_000543,multi_crossing,1487389314,high,PLANNED,0,cdeddbf0374c00546a9feec8dcea9310403ccf7949d95c26f6dd1bc17f82b32d,,
ep_000544,multi_crossing,76852548,high,PLANNED,0,3ca085c687eabb7bd21f76d9f9da67920233b206ade2c6533e7c581038fa0fd2,,
ep_000545,multi_crossing,1964971570,high,PLANNED,0,252baecd01f5b341475f6d0d07279d03f44fe2904afeec8bd481a55b912dea93,,
ep_000546,class_change_burst,2057776266,medium,PLANNED,0,40cf3547e0bbed58cb558451d5a1c2bfd9032d0235f589816231ca0706156d96,,
ep_000547,class_change_burst,1008331941,high,PLANNED,0,b9fcb0413a48f1176d324eaa913136e8c2a4b3d0265e84292a59e0bfcde3db26,,
ep_000548,class_change_burst,43103345,high,PLANNED,0,2f143d3e67d1fbf3df8fd2011781f6e0a14b59798b74de736960931e7ec71eaa,,
ep_000549,class_change_burst,94069156,low,PLANNED,0,9c74a4877d6b550a0882521091efd8f1da5e10f2716220a0d48afee28d9d2aee,,
ep_000550,class_change_burst,1405941799,high,PLANNED,0,e0d0f4184dc4107c8b73871920177165a537e73bc33561b32193948b4c1f162d,,
ep_000551,class_change_burst,2033914375,low,PLANNED,0,3bbd2ad9752d7b38f4d9fd2fe7b407a7ad814466d3e02d2bc7379747978612e7,,
ep_000552,class_change_burst,91513558,medium,PLANNED,0,6cbc9091c4b8cb31cb17e8a8ca1e1ad28830c0cc8714c43fb278e02f7f7677e3,,
ep_000553,class_change_burst,113405279,low,PLANNED,0,56c35e7a064a84f429a5a60b0f6407de71d5fad0608e1d6a30263beaf423d785,,
ep_000554,class_change_burst,640652415,low,PLANNED,0,8b55b98967b671082922982437153810fc57e9a0b158bdd4adea2b9cb1af5569,,
ep_000555,class_change_burst,581236080,medium,PLANNED,0,248d24e835ea20d18640b8f74b1dbef760ba92a5343b325a76ec3237d3338ad3,,
ep_000556,class_change_burst,1191675259,high,PLANNED,0,2170b1fadae95580dc82849225a669d08bb0dcdc81385a6ae5f77635c815e063,,
ep_000557,class_change_burst,367377967,low,PLANNED,0,052a47bac19ef10e6fff47de615ae443779ddca644c607ab73e186772d53d043,,
ep_000558,class_change_burst,1185366842,high,PLANNED,0,989419d957e567b16e1a8afb4bb3869febab444ccba8d7029cda4a06295372ba,,
ep_000559,class_change_burst,2101981791,medium,PLANNED,0,8b4fcaacaa277711419f6f7963f90c3d0ef209226c5ce5071722012e97010537,,
ep_000560,class_change_burst,2102219206,low,PLANNED,0,b9b96c5fbd1c30aa554daf2c180cbec09aedcb54a631502664120a6636ad67a1,,
ep_000561,class_change_burst,2102281000,medium,PLANNED,0,92527347ad86140468a5db87a0af060f29a860030bd3f85a3bfd856c0b2aed5a,,
ep_000562,class_change_burst,536265947,high,PLANNED,0,d0802eccaace80fdcab95abdd50128ef0ef2d059eed15fd5fa314c6bafc6167a,,
ep_000563,class_change_burst,519315847,medium,PLANNED,0,61fe5a41648fb9a45822bb486b2b40a6b6c123120218cde15a987c1b1ebec67f,,
ep_000564,class_change_burst,124717438,high,PLANNED,0,0246f596136969209ba011e89be46c75526130e304291841ff3ecc0026bf64cb,,
ep_000565,class_change_burst,340299854,medium,PLANNED,0,dbcc8e4695abf35a46b19a767f74d494749994a53ee5ccf6c1c8add32fd128f8,,
ep_000566,class_change_burst,1774888624,medium,PLANNED,0,183ffc0c44887960b2abbd44823de988c8318f1fc6e3d807344df71985dc0b07,,
ep_000567,class_change_burst,694005208,low,PLANNED,0,7377ddb2c740e198a16660124c7ac8bce49fa77451a65a7bb740ada43894bd5e,,
ep_000568,class_change_burst,359185249,medium,PLANNED,0,908055a92cc60e4aee49037ab64d0805fc45c91d09895ebf631a9bf6fa92981e,,
ep_000569,class_change_burst,771711157,low,PLANNED,0,703a0aad482e4638f67297720fbb9cce368c134ff1a585f4c37524d397778b26,,
ep_000570,class_change_burst,1566448162,low,PLANNED,0,d73ee1923678cf813fbd3b1fec180c5eae90d7c63f5f961985b4c181599dcc44,,
ep_000571,class_change_burst,1686768816,low,PLANNED,0,e21f53354160e1a57bd6b5fd7cfc6cab8b9a55714e2aec719c1cc7f860be8608,,
ep_000572,class_change_burst,381191722,high,PLANNED,0,4473c5b71e69540e4b991a9cf21b5015b97cfd092403fabd425eb64823876656,,
ep_000573,class_change_burst,1721238658,high,PLANNED,0,bf841d923f42d64e293a46dec074254dc985c846e9c8340e5f27351b84bfbfb3,,
ep_000574,class_change_burst,1870521444,medium,PLANNED,0,724b42344196af342a5fc8802b3d6739940e929d91ec1446846d8ce6716bb6f2,,
ep_000575,class_change_burst,310677898,high,PLANNED,0,1cde5d8b50791362b628a51a905593f80af35bad8115529e617a9885f0ad778e,,
ep_000576,mixed_interaction,1525416133,low,PLANNED,0,ca07fb6017d90634530d617cb273d5429ac96a8822c43b1f287556234dbbef4c,,
ep_000577,mixed_interaction,735601557,medium,PLANNED,0,9dd93874628fa32e89629f34a386f37f9c9836146d76c9744cf62c5b3b1de883,,
ep_000578,mixed_interaction,1906609756,low,PLANNED,0,1bd7ddb3ec9717b747c2da2c6f94b1a8eee33dc8d8349f227f7abe1a42650180,,
ep_000579,mixed_interaction,1091094570,medium,PLANNED,0,ad881b4be77a372dc8ed73235a325404facbcacb602d94aed205ea23100c579f,,
ep_000580,mixed_interaction,1455715434,low,PLANNED,0,954ce843937f3ef2ee3dcfb1e78185f2fc9fe4846e66acb0a6e3cd0e31bb96eb,,
ep_000581,mixed_interaction,1495184041,high,PLANNED,0,6f85d4f1c5a2958eb3946a5ddfa32c58eded8b8ca51265e2fe004a59feb57814,,
ep_000582,mixed_interaction,1676173932,high,PLANNED,0,9cc4b98131b5695ecafb7eddd766b3153e2fb7353d496a4966866094ab6e5eb3,,
ep_000583,mixed_interaction,1732684612,medium,PLANNED,0,990851d1b988c4701edd1ed8852a60c679f7790f51ee066b0860152c97a1cda5,,
ep_000584,mixed_interaction,399639119,low,PLANNED,0,6a6afc42ec582267bb46169d639ce2c539a0d57067cdeaae367bc0cd9cba30b8,,
ep_000585,mixed_interaction,1199252859,medium,PLANNED,0,f895fb5bddb39373dd092533bf9d6f7c139c176087743ae14370ba94923214f1,,
ep_000586,mixed_interaction,1893880220,low,PLANNED,0,e23699a8632631c1673d61c6af73912d7c18f9441e494ba7d0eaed1ac137538a,,
ep_000587,mixed_interaction,134846292,medium,PLANNED,0,9d2339ed918203b443bd32aa715fef9b4dc6c7990e6dec9fcb5b4337c169695a,,
ep_000588,mixed_interaction,138652053,high,PLANNED,0,9d31333a22d041d79f62acef7c8ee2abfc3fc02eb6d49cb3adbcbb562985d580,,
ep_000589,mixed_interaction,868382765,high,PLANNED,0,331744ce0daf0e26f97e339ae42410528546575f5a63ccd159b7a03f1996ca1b,,
ep_000590,mixed_interaction,1732392373,low,PLANNED,0,35429fd3d3b77f30697b03a12c4a32742821a84ffeb4b2a1ac692db0d702278c,,
ep_000591,mixed_interaction,1614255271,high,PLANNED,0,eb84accb8312a396934555b765dca760146725b9a62d56da58426607dc464ad9,,
ep_000592,mixed_interaction,804427682,high,PLANNED,0,58c972f230fb3b641a849dd2671724b9b9c4dee6d72d4cefd2e584961f468342,,
ep_000593,mixed_interaction,1112505093,medium,PLANNED,0,dc3646606516fde2ad54656b45a966a1acdd0b862aa769b40a4869a1dd88f914,,
ep_000594,mixed_interaction,183993535,low,PLANNED,0,240d9e328c51e5e50e3ea3ce9280cf0a9fd4b18d0880eddd2775dcfc744744cf,,
ep_000595,mixed_interaction,2147261530,medium,PLANNED,0,b41dc8e8f65e9fa16ceb9bb09e7167bab890f64f75aeba413930f68adcaaeeae,,
ep_000596,mixed_interaction,135316472,high,PLANNED,0,c36827f4d9751a46f79414882bbe343b2d6eb65fe94c7125a605d00adadf46e5,,
ep_000597,mixed_interaction,1698906858,medium,PLANNED,0,626509b66d20b2ab5c74e757face46a6da97d66706424f628427e29569512da5,,
ep_000598,mixed_interaction,1124958199,high,PLANNED,0,5e507aebfd4c7f34b7d7ebe701ea37779f04798956d13294e5ff97589513dc24,,
ep_000599,mixed_interaction,1788264710,low,PLANNED,0,a6de8ce098cb939cb2932deef461c76b6d4bf366d159dc82c62d65bf129d80ac,,
ep_000600,mixed_interaction,626783267,low,PLANNED,0,cd653dc74a94cce10edca8e50f125f46329bd5e0c32f3ba6396bd6606b3d04cc,,
ep_000601,mixed_interaction,48340103,high,PLANNED,0,46b129530b61027b578bdea00d26673571432d425f797833490f1aaa9eece98a,,
ep_000602,mixed_interaction,1907035041,high,PLANNED,0,c4ec2fef956bab2e5555455c3c621a126377159b058d2672c378e99ff443e091,,
ep_000603,mixed_interaction,1690251817,medium,PLANNED,0,1d9949119aea6c782cf05f66e257444117c924e5f5ba78593bd0e095102e116f,,
ep_000604,mixed_interaction,1744791981,medium,PLANNED,0,9a70bfbb51580f6bf0ac7346aeef7569bd98241d4c1bfc494f96556f529e9a9d,,
ep_000605,mixed_interaction,2023211499,low,PLANNED,0,028da824754a5a64ec9ac3faea21079ef0474bce839ae85b996188a1f5ae74ca,,
