scenario_family,target,planned,pass,fail_infrastructure,low,medium,high
empty,20,20,4,4,0,2,2
head_on,25,25,1,0,0,0,1
same_direction,25,25,0,0,0,0,0
crossing,25,25,0,0,0,0,0
exit_room,25,25,0,0,0,0,0
enter_room,25,25,0,0,0,0,0
merge,25,25,0,0,0,0,0
diverge,25,25,0,0,0,0,0
overtake_robot,25,25,0,0,0,0,0
robot_overtake,25,25,0,0,0,0,0
stop_resume,25,25,0,0,0,0,0
waiting_person,25,25,0,0,0,0,0
sudden_entry,25,25,0,0,0,0,0
blind_corner,25,25,0,0,0,0,0
door_bottleneck,25,25,0,0,0,0,0
narrow_passing,25,25,0,0,0,0,0
walking_group,25,25,0,0,0,0,0
opposing_group,25,25,0,0,0,0,0
crossing_group,25,25,0,0,0,0,0
conversation_group,25,25,0,0,0,0,0
bidirectional_flow,25,25,0,0,0,0,0
multi_crossing,25,25,0,0,0,0,0
class_change_burst,30,30,0,0,0,0,0
mixed_interaction,30,30,0,0,0,0,0
