episode_id,candidate_id,robot_v,robot_w,lidar_front_min,lidar_left_min,lidar_right_min,traj_v,traj_w,traj_duration,traj_length,traj_max_abs_w,traj_curvature,traj_end_x_rel,traj_end_y_rel,traj_end_yaw_rel,scenario_family,obs_rel_x0,obs_rel_y0,obs_speed,obs_heading_rel,obs_world_x0,obs_world_y0
1,C0,5.88418203051333e-13,-1.5265566588595902e-12,3.5,3.5,3.5,0.3,0.4,3.0,0.8999999999999999,0.4,1.3333333333333335,0.7085007417641406,0.4641873319279901,1.2000000000000008,safe_far,4.504863900796387,0.8150265307738653,0.12597912754427099,3.141592653589793,-8.495136099203613,0.8150265307738653
1,C1,5.88418203051333e-13,-1.5265566588595902e-12,3.5,3.5,3.5,0.3,0.2,3.0,0.8999999999999999,0.2,0.6666666666666667,0.8495554435570221,0.2535182072570806,0.6000000000000004,safe_far,4.504863900796387,0.8150265307738653,0.12597912754427099,3.141592653589793,-8.495136099203613,0.8150265307738653
1,C2,5.995204332975845e-13,-1.3877787807814457e-12,3.5,3.5,3.5,0.3,0.0,3.0,0.8999999999999999,0.0,0.0,0.9000000000000006,0.0,0.0,safe_far,4.504863900796387,0.8150265307738653,0.12597912754427099,3.141592653589793,-8.495136099203613,0.8150265307738653
1,C3,4.884981308350689e-13,0.0,3.5,3.5,3.5,0.3,-0.2,3.0,0.8999999999999999,0.2,0.6666666666666667,0.8495554435570221,-0.2535182072570806,-0.6000000000000004,safe_far,4.504863900796387,0.8150265307738653,0.12597912754427099,3.141592653589793,-8.495136099203613,0.8150265307738653
1,C4,7.105427357601002e-13,-2.7755575615628914e-12,3.5,3.5,3.5,0.3,-0.4,3.0,0.8999999999999999,0.4,1.3333333333333335,0.7085007417641406,-0.4641873319279901,-1.2000000000000008,safe_far,4.504863900796387,0.8150265307738653,0.12597912754427099,3.141592653589793,-8.495136099203613,0.8150265307738653
2,C0,7.105427357601002e-13,-2.7755575615628914e-12,3.5,3.5,3.5,0.3,0.4,3.0,0.8999999999999999,0.4,1.3333333333333335,0.7085007417641406,0.4641873319279901,1.2000000000000008,safe_side,1.0815068561101455,-1.6135749296195085,0.14371553477652743,0.0,-11.918493143889854,-1.6135749296195085
2,C1,6.217248937900877e-13,-2.220446049250313e-12,3.5,3.5,3.5,0.3,0.2,3.0,0.8999999999999999,0.2,0.6666666666666667,0.8495554435570221,0.2535182072570806,0.6000000000000004,safe_side,1.0815068561101455,-1.6135749296195085,0.14371553477652743,0.0,-11.918493143889854,-1.6135749296195085
2,C2,4.884981308350689e-13,0.0,3.5,3.5,3.5,0.3,0.0,3.0,0.8999999999999999,0.0,0.0,0.9000000000000006,0.0,0.0,safe_side,1.0815068561101455,-1.6135749296195085,0.14371553477652743,0.0,-11.918493143889854,-1.6135749296195085
2,C3,0.0,0.0,3.5,3.5,3.5,0.3,-0.2,3.0,0.8999999999999999,0.2,0.6666666666666667,0.8495554435570221,-0.2535182072570806,-0.6000000000000004,safe_side,1.0815068561101455,-1.6135749296195085,0.14371553477652743,0.0,-11.918493143889854,-1.6135749296195085
2,C4,7.105427357601002e-13,-2.7755575615628914e-12,3.5,3.5,3.5,0.3,-0.4,3.0,0.8999999999999999,0.4,1.3333333333333335,0.7085007417641406,-0.4641873319279901,-1.2000000000000008,safe_side,1.0815068561101455,-1.6135749296195085,0.14371553477652743,0.0,-11.918493143889854,-1.6135749296195085
3,C0,7.105427357601002e-13,-2.7755575615628914e-12,3.5,3.5,3.5,0.3,0.4,3.0,0.8999999999999999,0.4,1.3333333333333335,0.7085007417641406,0.4641873319279901,1.2000000000000008,static_center,0.5719146350660509,-0.023673274021059745,0.0,0.0,-12.428085364933949,-0.023673274021059745
3,C1,6.217248937900877e-13,-1.6653345369377348e-12,3.5,3.5,3.5,0.3,0.2,3.0,0.8999999999999999,0.2,0.6666666666666667,0.8495554435570221,0.2535182072570806,0.6000000000000004,static_center,0.5719146350660509,-0.023673274021059745,0.0,0.0,-12.428085364933949,-0.023673274021059745
3,C2,6.883382752675971e-13,-1.942890293094024e-12,3.5,3.5,3.5,0.3,0.0,3.0,0.8999999999999999,0.0,0.0,0.9000000000000006,0.0,0.0,static_center,0.5719146350660509,-0.023673274021059745,0.0,0.0,-12.428085364933949,-0.023673274021059745
3,C3,7.549516567451064e-13,2.7755575615628914e-12,3.5,3.5,3.5,0.3,-0.2,3.0,0.8999999999999999,0.2,0.6666666666666667,0.8495554435570221,-0.2535182072570806,-0.6000000000000004,static_center,0.5719146350660509,-0.023673274021059745,0.0,0.0,-12.428085364933949,-0.023673274021059745
3,C4,8.881784197001252e-13,0.0,3.5,3.5,3.5,0.3,-0.4,3.0,0.8999999999999999,0.4,1.3333333333333335,0.7085007417641406,-0.4641873319279901,-1.2000000000000008,static_center,0.5719146350660509,-0.023673274021059745,0.0,0.0,-12.428085364933949,-0.023673274021059745
4,C0,8.881784197001252e-13,0.0,3.5,3.5,3.5,0.3,0.4,3.0,0.8999999999999999,0.4,1.3333333333333335,0.7085007417641406,0.4641873319279901,1.2000000000000008,cross_left_to_right,0.6651792201869959,-0.8643202204594693,0.3313706905056669,1.5707963267948966,-12.334820779813004,-0.8643202204594693
4,C1,9.325873406851315e-13,-5.551115123125783e-13,3.5,3.5,3.5,0.3,0.2,3.0,0.8999999999999999,0.2,0.6666666666666667,0.8495554435570221,0.2535182072570806,0.6000000000000004,cross_left_to_right,0.6651792201869959,-0.8643202204594693,0.3313706905056669,1.5707963267948966,-12.334820779813004,-0.8643202204594693
4,C2,8.881784197001252e-13,0.0,3.5,3.5,3.5,0.3,0.0,3.0,0.8999999999999999,0.0,0.0,0.9000000000000006,0.0,0.0,cross_left_to_right,0.6651792201869959,-0.8643202204594693,0.3313706905056669,1.5707963267948966,-12.334820779813004,-0.8643202204594693
4,C3,9.325873406851315e-13,-5.551115123125783e-13,3.5,3.5,3.5,0.3,-0.2,3.0,0.8999999999999999,0.2,0.6666666666666667,0.8495554435570221,-0.2535182072570806,-0.6000000000000004,cross_left_to_right,0.6651792201869959,-0.8643202204594693,0.3313706905056669,1.5707963267948966,-12.334820779813004,-0.8643202204594693
4,C4,9.769962616701378e-13,0.0,3.5,3.5,3.5,0.3,-0.4,3.0,0.8999999999999999,0.4,1.3333333333333335,0.7085007417641406,-0.4641873319279901,-1.2000000000000008,cross_left_to_right,0.6651792201869959,-0.8643202204594693,0.3313706905056669,1.5707963267948966,-12.334820779813004,-0.8643202204594693
5,C0,9.769962616701378e-13,0.0,3.5,3.5,3.5,0.3,0.4,3.0,0.8999999999999999,0.4,1.3333333333333335,0.7085007417641406,0.4641873319279901,1.2000000000000008,cross_right_to_left,0.7063229921895928,0.922582608400809,0.2689580086076474,-1.5707963267948966,-12.293677007810407,0.922582608400809
5,C1,9.769962616701378e-13,0.0,3.5,3.5,3.5,0.3,0.2,3.0,0.8999999999999999,0.2,0.6666666666666667,0.8495554435570221,0.2535182072570806,0.6000000000000004,cross_right_to_left,0.7063229921895928,0.922582608400809,0.2689580086076474,-1.5707963267948966,-12.293677007810407,0.922582608400809
5,C2,9.769962616701378e-13,0.0,3.5,3.5,3.5,0.3,0.0,3.0,0.8999999999999999,0.0,0.0,0.9000000000000006,0.0,0.0,cross_right_to_left,0.7063229921895928,0.922582608400809,0.2689580086076474,-1.5707963267948966,-12.293677007810407,0.922582608400809
5,C3,9.769962616701378e-13,0.0,3.5,3.5,3.5,0.3,-0.2,3.0,0.8999999999999999,0.2,0.6666666666666667,0.8495554435570221,-0.2535182072570806,-0.6000000000000004,cross_right_to_left,0.7063229921895928,0.922582608400809,0.2689580086076474,-1.5707963267948966,-12.293677007810407,0.922582608400809
5,C4,9.325873406851315e-13,-5.551115123125783e-13,3.5,3.5,3.5,0.3,-0.4,3.0,0.8999999999999999,0.4,1.3333333333333335,0.7085007417641406,-0.4641873319279901,-1.2000000000000008,cross_right_to_left,0.7063229921895928,0.922582608400809,0.2689580086076474,-1.5707963267948966,-12.293677007810407,0.922582608400809
6,C0,9.325873406851315e-13,-5.551115123125783e-13,3.5,3.5,3.5,0.3,0.4,3.0,0.8999999999999999,0.4,1.3333333333333335,0.7085007417641406,0.4641873319279901,1.2000000000000008,head_on,1.268663047284452,0.04633192621080906,0.4198236296568688,3.141592653589793,-11.731336952715548,0.04633192621080906
6,C1,9.325873406851315e-13,-5.551115123125783e-13,3.5,3.5,3.5,0.3,0.2,3.0,0.8999999999999999,0.2,0.6666666666666667,0.8495554435570221,0.2535182072570806,0.6000000000000004,head_on,1.268663047284452,0.04633192621080906,0.4198236296568688,3.141592653589793,-11.731336952715548,0.04633192621080906
6,C2,8.881784197001252e-13,0.0,3.5,3.5,3.5,0.3,0.0,3.0,0.8999999999999999,0.0,0.0,0.9000000000000006,0.0,0.0,head_on,1.268663047284452,0.04633192621080906,0.4198236296568688,3.141592653589793,-11.731336952715548,0.04633192621080906
6,C3,9.769962616701378e-13,0.0,3.5,3.5,3.5,0.3,-0.2,3.0,0.8999999999999999,0.2,0.6666666666666667,0.8495554435570221,-0.2535182072570806,-0.6000000000000004,head_on,1.268663047284452,0.04633192621080906,0.4198236296568688,3.141592653589793,-11.731336952715548,0.04633192621080906
6,C4,9.769962616701378e-13,0.0,3.5,3.5,3.5,0.3,-0.4,3.0,0.8999999999999999,0.4,1.3333333333333335,0.7085007417641406,-0.4641873319279901,-1.2000000000000008,head_on,1.268663047284452,0.04633192621080906,0.4198236296568688,3.141592653589793,-11.731336952715548,0.04633192621080906
7,C0,9.769962616701378e-13,0.0,3.5,3.5,3.5,0.3,0.4,3.0,0.8999999999999999,0.4,1.3333333333333335,0.7085007417641406,0.4641873319279901,1.2000000000000008,same_direction_slow,0.5855305903041721,-0.058458812877726966,0.09511918327122522,0.0,-12.414469409695828,-0.058458812877726966
7,C1,9.325873406851315e-13,5.551115123125783e-13,3.5,3.5,3.5,0.3,0.2,3.0,0.8999999999999999,0.2,0.6666666666666667,0.8495554435570221,0.2535182072570806,0.6000000000000004,same_direction_slow,0.5855305903041721,-0.058458812877726966,0.09511918327122522,0.0,-12.414469409695828,-0.058458812877726966
7,C2,9.325873406851315e-13,5.551115123125783e-13,3.5,3.5,3.5,0.3,0.0,3.0,0.8999999999999999,0.0,0.0,0.9000000000000006,0.0,0.0,same_direction_slow,0.5855305903041721,-0.058458812877726966,0.09511918327122522,0.0,-12.414469409695828,-0.058458812877726966
7,C3,9.769962616701378e-13,0.0,3.5,3.5,3.5,0.3,-0.2,3.0,0.8999999999999999,0.2,0.6666666666666667,0.8495554435570221,-0.2535182072570806,-0.6000000000000004,same_direction_slow,0.5855305903041721,-0.058458812877726966,0.09511918327122522,0.0,-12.414469409695828,-0.058458812877726966
7,C4,9.769962616701378e-13,1.1102230246251565e-12,3.5,3.5,3.5,0.3,-0.4,3.0,0.8999999999999999,0.4,1.3333333333333335,0.7085007417641406,-0.4641873319279901,-1.2000000000000008,same_direction_slow,0.5855305903041721,-0.058458812877726966,0.09511918327122522,0.0,-12.414469409695828,-0.058458812877726966
8,C0,9.769962616701378e-13,1.1102230246251565e-12,3.5,3.5,3.5,0.3,0.4,3.0,0.8999999999999999,0.4,1.3333333333333335,0.7085007417641406,0.4641873319279901,1.2000000000000008,diagonal_cross,0.7320733892179359,0.627444035665694,0.3853180220508466,-1.8320419773947634,-12.267926610782064,0.627444035665694
8,C1,4.440892098500626e-13,-5.551115123125783e-12,3.5,3.5,3.5,0.3,0.2,3.0,0.8999999999999999,0.2,0.6666666666666667,0.8495554435570221,0.2535182072570806,0.6000000000000004,diagonal_cross,0.7320733892179359,0.627444035665694,0.3853180220508466,-1.8320419773947634,-12.267926610782064,0.627444035665694
8,C2,0.0,0.0,3.5,3.5,3.5,0.3,0.0,3.0,0.8999999999999999,0.0,0.0,0.9000000000000006,0.0,0.0,diagonal_cross,0.7320733892179359,0.627444035665694,0.3853180220508466,-1.8320419773947634,-12.267926610782064,0.627444035665694
8,C3,0.0,0.0,3.5,3.5,3.5,0.3,-0.2,3.0,0.8999999999999999,0.2,0.6666666666666667,0.8495554435570221,-0.2535182072570806,-0.6000000000000004,diagonal_cross,0.7320733892179359,0.627444035665694,0.3853180220508466,-1.8320419773947634,-12.267926610782064,0.627444035665694
8,C4,0.0,0.0,3.5,3.5,3.5,0.3,-0.4,3.0,0.8999999999999999,0.4,1.3333333333333335,0.7085007417641406,-0.4641873319279901,-1.2000000000000008,diagonal_cross,0.7320733892179359,0.627444035665694,0.3853180220508466,-1.8320419773947634,-12.267926610782064,0.627444035665694
9,C0,0.0,0.0,3.5,3.5,3.5,0.3,0.4,3.0,0.8999999999999999,0.4,1.3333333333333335,0.7085007417641406,0.4641873319279901,1.2000000000000008,static_center,0.7446951793360501,0.02606462250646166,0.0,0.0,-12.25530482066395,0.02606462250646166
9,C1,0.0,0.0,3.5,3.5,3.5,0.3,0.2,3.0,0.8999999999999999,0.2,0.6666666666666667,0.8495554435570221,0.2535182072570806,0.6000000000000004,static_center,0.7446951793360501,0.02606462250646166,0.0,0.0,-12.25530482066395,0.02606462250646166
9,C2,0.0,0.0,3.5,3.5,3.5,0.3,0.0,3.0,0.8999999999999999,0.0,0.0,0.9000000000000006,0.0,0.0,static_center,0.7446951793360501,0.02606462250646166,0.0,0.0,-12.25530482066395,0.02606462250646166
9,C3,0.0,0.0,3.5,3.5,3.5,0.3,-0.2,3.0,0.8999999999999999,0.2,0.6666666666666667,0.8495554435570221,-0.2535182072570806,-0.6000000000000004,static_center,0.7446951793360501,0.02606462250646166,0.0,0.0,-12.25530482066395,0.02606462250646166
9,C4,0.0,0.0,3.5,3.5,3.5,0.3,-0.4,3.0,0.8999999999999999,0.4,1.3333333333333335,0.7085007417641406,-0.4641873319279901,-1.2000000000000008,static_center,0.7446951793360501,0.02606462250646166,0.0,0.0,-12.25530482066395,0.02606462250646166
10,C0,0.0,0.0,3.5,3.5,3.5,0.3,0.4,3.0,0.8999999999999999,0.4,1.3333333333333335,0.7085007417641406,0.4641873319279901,1.2000000000000008,head_on,1.117994250314828,-0.09357256669374188,0.31445142910896934,3.141592653589793,-11.882005749685172,-0.09357256669374188
10,C1,0.0,0.0,3.5,3.5,3.5,0.3,0.2,3.0,0.8999999999999999,0.2,0.6666666666666667,0.8495554435570221,0.2535182072570806,0.6000000000000004,head_on,1.117994250314828,-0.09357256669374188,0.31445142910896934,3.141592653589793,-11.882005749685172,-0.09357256669374188
10,C2,0.0,0.0,3.5,3.5,3.5,0.3,0.0,3.0,0.8999999999999999,0.0,0.0,0.9000000000000006,0.0,0.0,head_on,1.117994250314828,-0.09357256669374188,0.31445142910896934,3.141592653589793,-11.882005749685172,-0.09357256669374188
10,C3,0.0,0.0,3.5,3.5,3.5,0.3,-0.2,3.0,0.8999999999999999,0.2,0.6666666666666667,0.8495554435570221,-0.2535182072570806,-0.6000000000000004,head_on,1.117994250314828,-0.09357256669374188,0.31445142910896934,3.141592653589793,-11.882005749685172,-0.09357256669374188
10,C4,0.0,0.0,3.5,3.5,3.5,0.3,-0.4,3.0,0.8999999999999999,0.4,1.3333333333333335,0.7085007417641406,-0.4641873319279901,-1.2000000000000008,head_on,1.117994250314828,-0.09357256669374188,0.31445142910896934,3.141592653589793,-11.882005749685172,-0.09357256669374188
11,C0,0.0,0.0,3.5,3.5,3.5,0.3,0.4,3.0,0.8999999999999999,0.4,1.3333333333333335,0.7085007417641406,0.4641873319279901,1.2000000000000008,safe_far,4.465742496388071,-1.4533368882319277,0.0893000390144047,0.0,-8.53425750361193,-1.4533368882319277
11,C1,0.0,0.0,3.5,3.5,3.5,0.3,0.2,3.0,0.8999999999999999,0.2,0.6666666666666667,0.8495554435570221,0.2535182072570806,0.6000000000000004,safe_far,4.465742496388071,-1.4533368882319277,0.0893000390144047,0.0,-8.53425750361193,-1.4533368882319277
11,C2,0.0,0.0,3.5,3.5,3.5,0.3,0.0,3.0,0.8999999999999999,0.0,0.0,0.9000000000000006,0.0,0.0,safe_far,4.465742496388071,-1.4533368882319277,0.0893000390144047,0.0,-8.53425750361193,-1.4533368882319277
11,C3,0.0,0.0,3.5,3.5,3.5,0.3,-0.2,3.0,0.8999999999999999,0.2,0.6666666666666667,0.8495554435570221,-0.2535182072570806,-0.6000000000000004,safe_far,4.465742496388071,-1.4533368882319277,0.0893000390144047,0.0,-8.53425750361193,-1.4533368882319277
11,C4,0.0,0.0,3.5,3.5,3.5,0.3,-0.4,3.0,0.8999999999999999,0.4,1.3333333333333335,0.7085007417641406,-0.4641873319279901,-1.2000000000000008,safe_far,4.465742496388071,-1.4533368882319277,0.0893000390144047,0.0,-8.53425750361193,-1.4533368882319277
12,C0,0.0,0.0,3.5,3.5,3.5,0.3,0.4,3.0,0.8999999999999999,0.4,1.3333333333333335,0.7085007417641406,0.4641873319279901,1.2000000000000008,safe_side,1.040284180600045,-2.144565218112492,0.0891525847076848,0.0,-11.959715819399955,-2.144565218112492
12,C1,0.0,0.0,3.5,3.5,3.5,0.3,0.2,3.0,0.8999999999999999,0.2,0.6666666666666667,0.8495554435570221,0.2535182072570806,0.6000000000000004,safe_side,1.040284180600045,-2.144565218112492,0.0891525847076848,0.0,-11.959715819399955,-2.144565218112492
12,C2,0.0,0.0,3.5,3.5,3.5,0.3,0.0,3.0,0.8999999999999999,0.0,0.0,0.9000000000000006,0.0,0.0,safe_side,1.040284180600045,-2.144565218112492,0.0891525847076848,0.0,-11.959715819399955,-2.144565218112492
12,C3,0.0,0.0,3.5,3.5,3.5,0.3,-0.2,3.0,0.8999999999999999,0.2,0.6666666666666667,0.8495554435570221,-0.2535182072570806,-0.6000000000000004,safe_side,1.040284180600045,-2.144565218112492,0.0891525847076848,0.0,-11.959715819399955,-2.144565218112492
12,C4,0.0,0.0,3.5,3.5,3.5,0.3,-0.4,3.0,0.8999999999999999,0.4,1.3333333333333335,0.7085007417641406,-0.4641873319279901,-1.2000000000000008,safe_side,1.040284180600045,-2.144565218112492,0.0891525847076848,0.0,-11.959715819399955,-2.144565218112492
13,C0,0.0,0.0,3.5,3.5,3.5,0.3,0.4,3.0,0.8999999999999999,0.4,1.3333333333333335,0.7085007417641406,0.4641873319279901,1.2000000000000008,static_center,0.5644457557986868,0.050284132523173014,0.0,0.0,-12.435554244201313,0.050284132523173014
13,C1,0.0,0.0,3.5,3.5,3.5,0.3,0.2,3.0,0.8999999999999999,0.2,0.6666666666666667,0.8495554435570221,0.2535182072570806,0.6000000000000004,static_center,0.5644457557986868,0.050284132523173014,0.0,0.0,-12.435554244201313,0.050284132523173014
13,C2,0.0,0.0,3.5,3.5,3.5,0.3,0.0,3.0,0.8999999999999999,0.0,0.0,0.9000000000000006,0.0,0.0,static_center,0.5644457557986868,0.050284132523173014,0.0,0.0,-12.435554244201313,0.050284132523173014
13,C3,0.0,0.0,3.5,3.5,3.5,0.3,-0.2,3.0,0.8999999999999999,0.2,0.6666666666666667,0.8495554435570221,-0.2535182072570806,-0.6000000000000004,static_center,0.5644457557986868,0.050284132523173014,0.0,0.0,-12.435554244201313,0.050284132523173014
13,C4,0.0,0.0,3.5,3.5,3.5,0.3,-0.4,3.0,0.8999999999999999,0.4,1.3333333333333335,0.7085007417641406,-0.4641873319279901,-1.2000000000000008,static_center,0.5644457557986868,0.050284132523173014,0.0,0.0,-12.435554244201313,0.050284132523173014
14,C0,0.0,0.0,3.5,3.5,3.5,0.3,0.4,3.0,0.8999999999999999,0.4,1.3333333333333335,0.7085007417641406,0.4641873319279901,1.2000000000000008,cross_left_to_right,0.6151879292301103,-0.8004917068490252,0.4429286846125313,1.5707963267948966,-12.38481207076989,-0.8004917068490252
14,C1,0.0,0.0,3.5,3.5,3.5,0.3,0.2,3.0,0.8999999999999999,0.2,0.6666666666666667,0.8495554435570221,0.2535182072570806,0.6000000000000004,cross_left_to_right,0.6151879292301103,-0.8004917068490252,0.4429286846125313,1.5707963267948966,-12.38481207076989,-0.8004917068490252
14,C2,0.0,0.0,3.5,3.5,3.5,0.3,0.0,3.0,0.8999999999999999,0.0,0.0,0.9000000000000006,0.0,0.0,cross_left_to_right,0.6151879292301103,-0.8004917068490252,0.4429286846125313,1.5707963267948966,-12.38481207076989,-0.8004917068490252
14,C3,0.0,0.0,3.5,3.5,3.5,0.3,-0.2,3.0,0.8999999999999999,0.2,0.6666666666666667,0.8495554435570221,-0.2535182072570806,-0.6000000000000004,cross_left_to_right,0.6151879292301103,-0.8004917068490252,0.4429286846125313,1.5707963267948966,-12.38481207076989,-0.8004917068490252
14,C4,0.0,0.0,3.5,3.5,3.5,0.3,-0.4,3.0,0.8999999999999999,0.4,1.3333333333333335,0.7085007417641406,-0.4641873319279901,-1.2000000000000008,cross_left_to_right,0.6151879292301103,-0.8004917068490252,0.4429286846125313,1.5707963267948966,-12.38481207076989,-0.8004917068490252
15,C0,0.0,0.0,3.5,3.5,3.5,0.3,0.4,3.0,0.8999999999999999,0.4,1.3333333333333335,0.7085007417641406,0.4641873319279901,1.2000000000000008,cross_right_to_left,0.6721842196556942,0.6750058192005318,0.3750269521043458,-1.5707963267948966,-12.327815780344306,0.6750058192005318
15,C1,0.0,0.0,3.5,3.5,3.5,0.3,0.2,3.0,0.8999999999999999,0.2,0.6666666666666667,0.8495554435570221,0.2535182072570806,0.6000000000000004,cross_right_to_left,0.6721842196556942,0.6750058192005318,0.3750269521043458,-1.5707963267948966,-12.327815780344306,0.6750058192005318
15,C2,0.0,0.0,3.5,3.5,3.5,0.3,0.0,3.0,0.8999999999999999,0.0,0.0,0.9000000000000006,0.0,0.0,cross_right_to_left,0.6721842196556942,0.6750058192005318,0.3750269521043458,-1.5707963267948966,-12.327815780344306,0.6750058192005318
15,C3,0.0,0.0,3.5,3.5,3.5,0.3,-0.2,3.0,0.8999999999999999,0.2,0.6666666666666667,0.8495554435570221,-0.2535182072570806,-0.6000000000000004,cross_right_to_left,0.6721842196556942,0.6750058192005318,0.3750269521043458,-1.5707963267948966,-12.327815780344306,0.6750058192005318
15,C4,0.0,0.0,3.5,3.5,3.5,0.3,-0.4,3.0,0.8999999999999999,0.4,1.3333333333333335,0.7085007417641406,-0.4641873319279901,-1.2000000000000008,cross_right_to_left,0.6721842196556942,0.6750058192005318,0.3750269521043458,-1.5707963267948966,-12.327815780344306,0.6750058192005318
16,C0,0.0,0.0,3.5,3.5,3.5,0.3,0.4,3.0,0.8999999999999999,0.4,1.3333333333333335,0.7085007417641406,0.4641873319279901,1.2000000000000008,head_on,1.5446931003715534,-0.05760595841854291,0.28022021165637745,3.141592653589793,-11.455306899628447,-0.05760595841854291
16,C1,0.0,0.0,3.5,3.5,3.5,0.3,0.2,3.0,0.8999999999999999,0.2,0.6666666666666667,0.8495554435570221,0.2535182072570806,0.6000000000000004,head_on,1.5446931003715534,-0.05760595841854291,0.28022021165637745,3.141592653589793,-11.455306899628447,-0.05760595841854291
16,C2,0.0,0.0,3.5,3.5,3.5,0.3,0.0,3.0,0.8999999999999999,0.0,0.0,0.9000000000000006,0.0,0.0,head_on,1.5446931003715534,-0.05760595841854291,0.28022021165637745,3.141592653589793,-11.455306899628447,-0.05760595841854291
16,C3,0.0,0.0,3.5,3.5,3.5,0.3,-0.2,3.0,0.8999999999999999,0.2,0.6666666666666667,0.8495554435570221,-0.2535182072570806,-0.6000000000000004,head_on,1.5446931003715534,-0.05760595841854291,0.28022021165637745,3.141592653589793,-11.455306899628447,-0.05760595841854291
16,C4,0.0,0.0,3.5,3.5,3.5,0.3,-0.4,3.0,0.8999999999999999,0.4,1.3333333333333335,0.7085007417641406,-0.4641873319279901,-1.2000000000000008,head_on,1.5446931003715534,-0.05760595841854291,0.28022021165637745,3.141592653589793,-11.455306899628447,-0.05760595841854291
17,C0,0.0,0.0,3.5,3.5,3.5,0.3,0.4,3.0,0.8999999999999999,0.4,1.3333333333333335,0.7085007417641406,0.4641873319279901,1.2000000000000008,same_direction_slow,0.6040606263717017,-0.06426108654996462,0.15274287053348828,0.0,-12.395939373628298,-0.06426108654996462
17,C1,0.0,0.0,3.5,3.5,3.5,0.3,0.2,3.0,0.8999999999999999,0.2,0.6666666666666667,0.8495554435570221,0.2535182072570806,0.6000000000000004,same_direction_slow,0.6040606263717017,-0.06426108654996462,0.15274287053348828,0.0,-12.395939373628298,-0.06426108654996462
17,C2,0.0,0.0,3.5,3.5,3.5,0.3,0.0,3.0,0.8999999999999999,0.0,0.0,0.9000000000000006,0.0,0.0,same_direction_slow,0.6040606263717017,-0.06426108654996462,0.15274287053348828,0.0,-12.395939373628298,-0.06426108654996462
17,C3,0.0,0.0,3.5,3.5,3.5,0.3,-0.2,3.0,0.8999999999999999,0.2,0.6666666666666667,0.8495554435570221,-0.2535182072570806,-0.6000000000000004,same_direction_slow,0.6040606263717017,-0.06426108654996462,0.15274287053348828,0.0,-12.395939373628298,-0.06426108654996462
17,C4,0.0,0.0,3.5,3.5,3.5,0.3,-0.4,3.0,0.8999999999999999,0.4,1.3333333333333335,0.7085007417641406,-0.4641873319279901,-1.2000000000000008,same_direction_slow,0.6040606263717017,-0.06426108654996462,0.15274287053348828,0.0,-12.395939373628298,-0.06426108654996462
18,C0,0.0,0.0,3.5,3.5,3.5,0.3,0.4,3.0,0.8999999999999999,0.4,1.3333333333333335,0.7085007417641406,0.4641873319279901,1.2000000000000008,diagonal_cross,0.6562840583668734,-0.7042906330797136,0.26097126994618786,1.5847638611178576,-12.343715941633127,-0.7042906330797136
18,C1,0.0,0.0,3.5,3.5,3.5,0.3,0.2,3.0,0.8999999999999999,0.2,0.6666666666666667,0.8495554435570221,0.2535182072570806,0.6000000000000004,diagonal_cross,0.6562840583668734,-0.7042906330797136,0.26097126994618786,1.5847638611178576,-12.343715941633127,-0.7042906330797136
18,C2,0.0,0.0,3.5,3.5,3.5,0.3,0.0,3.0,0.8999999999999999,0.0,0.0,0.9000000000000006,0.0,0.0,diagonal_cross,0.6562840583668734,-0.7042906330797136,0.26097126994618786,1.5847638611178576,-12.343715941633127,-0.7042906330797136
18,C3,0.0,0.0,3.5,3.5,3.5,0.3,-0.2,3.0,0.8999999999999999,0.2,0.6666666666666667,0.8495554435570221,-0.2535182072570806,-0.6000000000000004,diagonal_cross,0.6562840583668734,-0.7042906330797136,0.26097126994618786,1.5847638611178576,-12.343715941633127,-0.7042906330797136
18,C4,-3.907985046680551e-12,8.881784197001252e-12,3.5,3.5,3.5,0.3,-0.4,3.0,0.8999999999999999,0.4,1.3333333333333335,0.7085007417641406,-0.4641873319279901,-1.2000000000000008,diagonal_cross,0.6562840583668734,-0.7042906330797136,0.26097126994618786,1.5847638611178576,-12.343715941633127,-0.7042906330797136
19,C0,0.0,0.0,3.5,3.5,3.5,0.3,0.4,3.0,0.8999999999999999,0.4,1.3333333333333335,0.7085007417641406,0.4641873319279901,1.2000000000000008,static_center,0.5949219714653822,-0.0168772353935034,0.0,0.0,-12.405078028534618,-0.0168772353935034
19,C1,0.0,0.0,3.5,3.5,3.5,0.3,0.2,3.0,0.8999999999999999,0.2,0.6666666666666667,0.8495554435570221,0.2535182072570806,0.6000000000000004,static_center,0.5949219714653822,-0.0168772353935034,0.0,0.0,-12.405078028534618,-0.0168772353935034
19,C2,0.0,0.0,3.5,3.5,3.5,0.3,0.0,3.0,0.8999999999999999,0.0,0.0,0.9000000000000006,0.0,0.0,static_center,0.5949219714653822,-0.0168772353935034,0.0,0.0,-12.405078028534618,-0.0168772353935034
19,C3,0.0,0.0,3.5,3.5,3.5,0.3,-0.2,3.0,0.8999999999999999,0.2,0.6666666666666667,0.8495554435570221,-0.2535182072570806,-0.6000000000000004,static_center,0.5949219714653822,-0.0168772353935034,0.0,0.0,-12.405078028534618,-0.0168772353935034
19,C4,0.0,0.0,3.5,3.5,3.5,0.3,-0.4,3.0,0.8999999999999999,0.4,1.3333333333333335,0.7085007417641406,-0.4641873319279901,-1.2000000000000008,static_center,0.5949219714653822,-0.0168772353935034,0.0,0.0,-12.405078028534618,-0.0168772353935034
20,C0,0.0,0.0,3.5,3.5,3.5,0.3,0.4,3.0,0.8999999999999999,0.4,1.3333333333333335,0.7085007417641406,0.4641873319279901,1.2000000000000008,head_on,1.519138134349788,0.0385488034233786,0.21885563954862988,3.141592653589793,-11.480861865650212,0.0385488034233786
20,C1,0.0,0.0,3.5,3.5,3.5,0.3,0.2,3.0,0.8999999999999999,0.2,0.6666666666666667,0.8495554435570221,0.2535182072570806,0.6000000000000004,head_on,1.519138134349788,0.0385488034233786,0.21885563954862988,3.141592653589793,-11.480861865650212,0.0385488034233786
20,C2,0.0,0.0,3.5,3.5,3.5,0.3,0.0,3.0,0.8999999999999999,0.0,0.0,0.9000000000000006,0.0,0.0,head_on,1.519138134349788,0.0385488034233786,0.21885563954862988,3.141592653589793,-11.480861865650212,0.0385488034233786
20,C3,0.0,0.0,3.5,3.5,3.5,0.3,-0.2,3.0,0.8999999999999999,0.2,0.6666666666666667,0.8495554435570221,-0.2535182072570806,-0.6000000000000004,head_on,1.519138134349788,0.0385488034233786,0.21885563954862988,3.141592653589793,-11.480861865650212,0.0385488034233786
20,C4,0.0,0.0,3.5,3.5,3.5,0.3,-0.4,3.0,0.8999999999999999,0.4,1.3333333333333335,0.7085007417641406,-0.4641873319279901,-1.2000000000000008,head_on,1.519138134349788,0.0385488034233786,0.21885563954862988,3.141592653589793,-11.480861865650212,0.0385488034233786
21,C0,0.0,0.0,3.5,3.5,3.5,0.3,0.4,3.0,0.8999999999999999,0.4,1.3333333333333335,0.7085007417641406,0.4641873319279901,1.2000000000000008,safe_far,4.5675136108867935,-0.9838309592136872,0.0940244713091199,3.141592653589793,-8.432486389113206,-0.9838309592136872
21,C1,0.0,0.0,3.5,3.5,3.5,0.3,0.2,3.0,0.8999999999999999,0.2,0.6666666666666667,0.8495554435570221,0.2535182072570806,0.6000000000000004,safe_far,4.5675136108867935,-0.9838309592136872,0.0940244713091199,3.141592653589793,-8.432486389113206,-0.9838309592136872
21,C2,0.0,0.0,3.5,3.5,3.5,0.3,0.0,3.0,0.8999999999999999,0.0,0.0,0.9000000000000006,0.0,0.0,safe_far,4.5675136108867935,-0.9838309592136872,0.0940244713091199,3.141592653589793,-8.432486389113206,-0.9838309592136872
21,C3,0.0,0.0,3.5,3.5,3.5,0.3,-0.2,3.0,0.8999999999999999,0.2,0.6666666666666667,0.8495554435570221,-0.2535182072570806,-0.6000000000000004,safe_far,4.5675136108867935,-0.9838309592136872,0.0940244713091199,3.141592653589793,-8.432486389113206,-0.9838309592136872
21,C4,0.0,0.0,3.5,3.5,3.5,0.3,-0.4,3.0,0.8999999999999999,0.4,1.3333333333333335,0.7085007417641406,-0.4641873319279901,-1.2000000000000008,safe_far,4.5675136108867935,-0.9838309592136872,0.0940244713091199,3.141592653589793,-8.432486389113206,-0.9838309592136872
22,C0,0.0,0.0,3.5,3.5,3.5,0.3,0.4,3.0,0.8999999999999999,0.4,1.3333333333333335,0.7085007417641406,0.4641873319279901,1.2000000000000008,safe_side,0.5160076398159195,-1.8687546339822512,0.052033353588267356,0.0,-12.48399236018408,-1.8687546339822512
22,C1,-3.730349362740526e-12,6.661338147750939e-12,3.5,3.5,3.5,0.3,0.2,3.0,0.8999999999999999,0.2,0.6666666666666667,0.8495554435570221,0.2535182072570806,0.6000000000000004,safe_side,0.5160076398159195,-1.8687546339822512,0.052033353588267356,0.0,-12.48399236018408,-1.8687546339822512
22,C2,0.0,0.0,3.5,3.5,3.5,0.3,0.0,3.0,0.8999999999999999,0.0,0.0,0.9000000000000006,0.0,0.0,safe_side,0.5160076398159195,-1.8687546339822512,0.052033353588267356,0.0,-12.48399236018408,-1.8687546339822512
22,C3,0.0,0.0,3.5,3.5,3.5,0.3,-0.2,3.0,0.8999999999999999,0.2,0.6666666666666667,0.8495554435570221,-0.2535182072570806,-0.6000000000000004,safe_side,0.5160076398159195,-1.8687546339822512,0.052033353588267356,0.0,-12.48399236018408,-1.8687546339822512
22,C4,0.0,0.0,3.5,3.5,3.5,0.3,-0.4,3.0,0.8999999999999999,0.4,1.3333333333333335,0.7085007417641406,-0.4641873319279901,-1.2000000000000008,safe_side,0.5160076398159195,-1.8687546339822512,0.052033353588267356,0.0,-12.48399236018408,-1.8687546339822512
23,C0,0.0,0.0,3.5,3.5,3.5,0.3,0.4,3.0,0.8999999999999999,0.4,1.3333333333333335,0.7085007417641406,0.4641873319279901,1.2000000000000008,static_center,0.772525263213792,0.07881903146996327,0.0,0.0,-12.227474736786208,0.07881903146996327
23,C1,0.0,0.0,3.5,3.5,3.5,0.3,0.2,3.0,0.8999999999999999,0.2,0.6666666666666667,0.8495554435570221,0.2535182072570806,0.6000000000000004,static_center,0.772525263213792,0.07881903146996327,0.0,0.0,-12.227474736786208,0.07881903146996327
23,C2,0.0,0.0,3.5,3.5,3.5,0.3,0.0,3.0,0.8999999999999999,0.0,0.0,0.9000000000000006,0.0,0.0,static_center,0.772525263213792,0.07881903146996327,0.0,0.0,-12.227474736786208,0.07881903146996327
23,C3,0.0,0.0,3.5,3.5,3.5,0.3,-0.2,3.0,0.8999999999999999,0.2,0.6666666666666667,0.8495554435570221,-0.2535182072570806,-0.6000000000000004,static_center,0.772525263213792,0.07881903146996327,0.0,0.0,-12.227474736786208,0.07881903146996327
23,C4,0.0,0.0,3.5,3.5,3.5,0.3,-0.4,3.0,0.8999999999999999,0.4,1.3333333333333335,0.7085007417641406,-0.4641873319279901,-1.2000000000000008,static_center,0.772525263213792,0.07881903146996327,0.0,0.0,-12.227474736786208,0.07881903146996327
24,C0,0.0,0.0,3.5,3.5,3.5,0.3,0.4,3.0,0.8999999999999999,0.4,1.3333333333333335,0.7085007417641406,0.4641873319279901,1.2000000000000008,cross_left_to_right,0.6037293924616094,-0.8986196621777208,0.41772418155493496,1.5707963267948966,-12.39627060753839,-0.8986196621777208
24,C1,0.0,0.0,3.5,3.5,3.5,0.3,0.2,3.0,0.8999999999999999,0.2,0.6666666666666667,0.8495554435570221,0.2535182072570806,0.6000000000000004,cross_left_to_right,0.6037293924616094,-0.8986196621777208,0.41772418155493496,1.5707963267948966,-12.39627060753839,-0.8986196621777208
24,C2,0.0,0.0,3.5,3.5,3.5,0.3,0.0,3.0,0.8999999999999999,0.0,0.0,0.9000000000000006,0.0,0.0,cross_left_to_right,0.6037293924616094,-0.8986196621777208,0.41772418155493496,1.5707963267948966,-12.39627060753839,-0.8986196621777208
24,C3,0.0,0.0,3.5,3.5,3.5,0.3,-0.2,3.0,0.8999999999999999,0.2,0.6666666666666667,0.8495554435570221,-0.2535182072570806,-0.6000000000000004,cross_left_to_right,0.6037293924616094,-0.8986196621777208,0.41772418155493496,1.5707963267948966,-12.39627060753839,-0.8986196621777208
24,C4,0.0,0.0,3.5,3.5,3.5,0.3,-0.4,3.0,0.8999999999999999,0.4,1.3333333333333335,0.7085007417641406,-0.4641873319279901,-1.2000000000000008,cross_left_to_right,0.6037293924616094,-0.8986196621777208,0.41772418155493496,1.5707963267948966,-12.39627060753839,-0.8986196621777208
25,C0,0.0,0.0,3.5,3.5,3.5,0.3,0.4,3.0,0.8999999999999999,0.4,1.3333333333333335,0.7085007417641406,0.4641873319279901,1.2000000000000008,cross_right_to_left,0.4968406479994698,0.7893701928509572,0.3656152006460071,-1.5707963267948966,-12.50315935200053,0.7893701928509572
25,C1,0.0,0.0,3.5,3.5,3.5,0.3,0.2,3.0,0.8999999999999999,0.2,0.6666666666666667,0.8495554435570221,0.2535182072570806,0.6000000000000004,cross_right_to_left,0.4968406479994698,0.7893701928509572,0.3656152006460071,-1.5707963267948966,-12.50315935200053,0.7893701928509572
25,C2,0.0,0.0,3.5,3.5,3.5,0.3,0.0,3.0,0.8999999999999999,0.0,0.0,0.9000000000000006,0.0,0.0,cross_right_to_left,0.4968406479994698,0.7893701928509572,0.3656152006460071,-1.5707963267948966,-12.50315935200053,0.7893701928509572
25,C3,0.0,0.0,3.5,3.5,3.5,0.3,-0.2,3.0,0.8999999999999999,0.2,0.6666666666666667,0.8495554435570221,-0.2535182072570806,-0.6000000000000004,cross_right_to_left,0.4968406479994698,0.7893701928509572,0.3656152006460071,-1.5707963267948966,-12.50315935200053,0.7893701928509572
25,C4,0.0,0.0,3.5,3.5,3.5,0.3,-0.4,3.0,0.8999999999999999,0.4,1.3333333333333335,0.7085007417641406,-0.4641873319279901,-1.2000000000000008,cross_right_to_left,0.4968406479994698,0.7893701928509572,0.3656152006460071,-1.5707963267948966,-12.50315935200053,0.7893701928509572
26,C0,0.0,0.0,3.5,3.5,3.5,0.3,0.4,3.0,0.8999999999999999,0.4,1.3333333333333335,0.7085007417641406,0.4641873319279901,1.2000000000000008,head_on,1.3709301921221648,-0.01525622836671095,0.35642618758254574,3.141592653589793,-11.629069807877835,-0.01525622836671095
26,C1,0.0,0.0,3.5,3.5,3.5,0.3,0.2,3.0,0.8999999999999999,0.2,0.6666666666666667,0.8495554435570221,0.2535182072570806,0.6000000000000004,head_on,1.3709301921221648,-0.01525622836671095,0.35642618758254574,3.141592653589793,-11.629069807877835,-0.01525622836671095
26,C2,0.0,0.0,3.5,3.5,3.5,0.3,0.0,3.0,0.8999999999999999,0.0,0.0,0.9000000000000006,0.0,0.0,head_on,1.3709301921221648,-0.01525622836671095,0.35642618758254574,3.141592653589793,-11.629069807877835,-0.01525622836671095
26,C3,0.0,0.0,3.5,3.5,3.5,0.3,-0.2,3.0,0.8999999999999999,0.2,0.6666666666666667,0.8495554435570221,-0.2535182072570806,-0.6000000000000004,head_on,1.3709301921221648,-0.01525622836671095,0.35642618758254574,3.141592653589793,-11.629069807877835,-0.01525622836671095
26,C4,0.0,0.0,3.5,3.5,3.5,0.3,-0.4,3.0,0.8999999999999999,0.4,1.3333333333333335,0.7085007417641406,-0.4641873319279901,-1.2000000000000008,head_on,1.3709301921221648,-0.01525622836671095,0.35642618758254574,3.141592653589793,-11.629069807877835,-0.01525622836671095
27,C0,0.0,0.0,3.5,3.5,3.5,0.3,0.4,3.0,0.8999999999999999,0.4,1.3333333333333335,0.7085007417641406,0.4641873319279901,1.2000000000000008,same_direction_slow,0.5913595523022597,0.07890983165252732,0.1137404591764812,0.0,-12.40864044769774,0.07890983165252732
27,C1,0.0,0.0,3.5,3.5,3.5,0.3,0.2,3.0,0.8999999999999999,0.2,0.6666666666666667,0.8495554435570221,0.2535182072570806,0.6000000000000004,same_direction_slow,0.5913595523022597,0.07890983165252732,0.1137404591764812,0.0,-12.40864044769774,0.07890983165252732
27,C2,0.0,0.0,3.5,3.5,3.5,0.3,0.0,3.0,0.8999999999999999,0.0,0.0,0.9000000000000006,0.0,0.0,same_direction_slow,0.5913595523022597,0.07890983165252732,0.1137404591764812,0.0,-12.40864044769774,0.07890983165252732
27,C3,0.0,0.0,3.5,3.5,3.5,0.3,-0.2,3.0,0.8999999999999999,0.2,0.6666666666666667,0.8495554435570221,-0.2535182072570806,-0.6000000000000004,same_direction_slow,0.5913595523022597,0.07890983165252732,0.1137404591764812,0.0,-12.40864044769774,0.07890983165252732
27,C4,0.0,0.0,3.5,3.5,3.5,0.3,-0.4,3.0,0.8999999999999999,0.4,1.3333333333333335,0.7085007417641406,-0.4641873319279901,-1.2000000000000008,same_direction_slow,0.5913595523022597,0.07890983165252732,0.1137404591764812,0.0,-12.40864044769774,0.07890983165252732
28,C0,0.0,0.0,3.5,3.5,3.5,0.3,0.4,3.0,0.8999999999999999,0.4,1.3333333333333335,0.7085007417641406,0.4641873319279901,1.2000000000000008,diagonal_cross,0.5730167016676333,0.7619409398287844,0.3786898327648379,-1.4504589016394513,-12.426983298332367,0.7619409398287844
28,C1,0.0,0.0,3.5,3.5,3.5,0.3,0.2,3.0,0.8999999999999999,0.2,0.6666666666666667,0.8495554435570221,0.2535182072570806,0.6000000000000004,diagonal_cross,0.5730167016676333,0.7619409398287844,0.3786898327648379,-1.4504589016394513,-12.426983298332367,0.7619409398287844
28,C2,0.0,0.0,3.5,3.5,3.5,0.3,0.0,3.0,0.8999999999999999,0.0,0.0,0.9000000000000006,0.0,0.0,diagonal_cross,0.5730167016676333,0.7619409398287844,0.3786898327648379,-1.4504589016394513,-12.426983298332367,0.7619409398287844
28,C3,0.0,0.0,3.5,3.5,3.5,0.3,-0.2,3.0,0.8999999999999999,0.2,0.6666666666666667,0.8495554435570221,-0.2535182072570806,-0.6000000000000004,diagonal_cross,0.5730167016676333,0.7619409398287844,0.3786898327648379,-1.4504589016394513,-12.426983298332367,0.7619409398287844
28,C4,0.0,0.0,3.5,3.5,3.5,0.3,-0.4,3.0,0.8999999999999999,0.4,1.3333333333333335,0.7085007417641406,-0.4641873319279901,-1.2000000000000008,diagonal_cross,0.5730167016676333,0.7619409398287844,0.3786898327648379,-1.4504589016394513,-12.426983298332367,0.7619409398287844
29,C0,0.0,0.0,3.5,3.5,3.5,0.3,0.4,3.0,0.8999999999999999,0.4,1.3333333333333335,0.7085007417641406,0.4641873319279901,1.2000000000000008,static_center,0.7377435035075912,-0.07006528233171826,0.0,0.0,-12.262256496492409,-0.07006528233171826
29,C1,0.0,0.0,3.5,3.5,3.5,0.3,0.2,3.0,0.8999999999999999,0.2,0.6666666666666667,0.8495554435570221,0.2535182072570806,0.6000000000000004,static_center,0.7377435035075912,-0.07006528233171826,0.0,0.0,-12.262256496492409,-0.07006528233171826
29,C2,0.0,0.0,3.5,3.5,3.5,0.3,0.0,3.0,0.8999999999999999,0.0,0.0,0.9000000000000006,0.0,0.0,static_center,0.7377435035075912,-0.07006528233171826,0.0,0.0,-12.262256496492409,-0.07006528233171826
29,C3,0.0,0.0,3.5,3.5,3.5,0.3,-0.2,3.0,0.8999999999999999,0.2,0.6666666666666667,0.8495554435570221,-0.2535182072570806,-0.6000000000000004,static_center,0.7377435035075912,-0.07006528233171826,0.0,0.0,-12.262256496492409,-0.07006528233171826
29,C4,0.0,0.0,3.5,3.5,3.5,0.3,-0.4,3.0,0.8999999999999999,0.4,1.3333333333333335,0.7085007417641406,-0.4641873319279901,-1.2000000000000008,static_center,0.7377435035075912,-0.07006528233171826,0.0,0.0,-12.262256496492409,-0.07006528233171826
30,C0,0.0,0.0,3.5,3.5,3.5,0.3,0.4,3.0,0.8999999999999999,0.4,1.3333333333333335,0.7085007417641406,0.4641873319279901,1.2000000000000008,head_on,1.1530771828186683,-0.06492417847047316,0.2935770750458415,3.141592653589793,-11.846922817181332,-0.06492417847047316
30,C1,0.0,0.0,3.5,3.5,3.5,0.3,0.2,3.0,0.8999999999999999,0.2,0.6666666666666667,0.8495554435570221,0.2535182072570806,0.6000000000000004,head_on,1.1530771828186683,-0.06492417847047316,0.2935770750458415,3.141592653589793,-11.846922817181332,-0.06492417847047316
30,C2,-5.5067062021407764e-12,6.661338147750939e-12,3.5,3.5,3.5,0.3,0.0,3.0,0.8999999999999999,0.0,0.0,0.9000000000000006,0.0,0.0,head_on,1.1530771828186683,-0.06492417847047316,0.2935770750458415,3.141592653589793,-11.846922817181332,-0.06492417847047316
30,C3,0.0,0.0,3.5,3.5,3.5,0.3,-0.2,3.0,0.8999999999999999,0.2,0.6666666666666667,0.8495554435570221,-0.2535182072570806,-0.6000000000000004,head_on,1.1530771828186683,-0.06492417847047316,0.2935770750458415,3.141592653589793,-11.846922817181332,-0.06492417847047316
30,C4,0.0,0.0,3.5,3.5,3.5,0.3,-0.4,3.0,0.8999999999999999,0.4,1.3333333333333335,0.7085007417641406,-0.4641873319279901,-1.2000000000000008,head_on,1.1530771828186683,-0.06492417847047316,0.2935770750458415,3.141592653589793,-11.846922817181332,-0.06492417847047316
31,C0,-9.947598300641403e-12,8.881784197001252e-12,3.5,3.5,3.5,0.3,0.4,3.0,0.8999999999999999,0.4,1.3333333333333335,0.7085007417641406,0.4641873319279901,1.2000000000000008,safe_far,4.637703925227967,-0.10627615528091172,0.12998384101228444,3.141592653589793,-8.362296074772033,-0.10627615528091172
31,C1,0.0,0.0,3.5,3.5,3.5,0.3,0.2,3.0,0.8999999999999999,0.2,0.6666666666666667,0.8495554435570221,0.2535182072570806,0.6000000000000004,safe_far,4.637703925227967,-0.10627615528091172,0.12998384101228444,3.141592653589793,-8.362296074772033,-0.10627615528091172
31,C2,0.0,0.0,3.5,3.5,3.5,0.3,0.0,3.0,0.8999999999999999,0.0,0.0,0.9000000000000006,0.0,0.0,safe_far,4.637703925227967,-0.10627615528091172,0.12998384101228444,3.141592653589793,-8.362296074772033,-0.10627615528091172
31,C3,0.0,0.0,3.5,3.5,3.5,0.3,-0.2,3.0,0.8999999999999999,0.2,0.6666666666666667,0.8495554435570221,-0.2535182072570806,-0.6000000000000004,safe_far,4.637703925227967,-0.10627615528091172,0.12998384101228444,3.141592653589793,-8.362296074772033,-0.10627615528091172
31,C4,0.0,0.0,3.5,3.5,3.5,0.3,-0.4,3.0,0.8999999999999999,0.4,1.3333333333333335,0.7085007417641406,-0.4641873319279901,-1.2000000000000008,safe_far,4.637703925227967,-0.10627615528091172,0.12998384101228444,3.141592653589793,-8.362296074772033,-0.10627615528091172
32,C0,0.0,0.0,3.5,3.5,3.5,0.3,0.4,3.0,0.8999999999999999,0.4,1.3333333333333335,0.7085007417641406,0.4641873319279901,1.2000000000000008,safe_side,0.5590252757136938,-1.6371847598593756,0.2223843688020831,0.0,-12.440974724286306,-1.6371847598593756
32,C1,0.0,0.0,3.5,3.5,3.5,0.3,0.2,3.0,0.8999999999999999,0.2,0.6666666666666667,0.8495554435570221,0.2535182072570806,0.6000000000000004,safe_side,0.5590252757136938,-1.6371847598593756,0.2223843688020831,0.0,-12.440974724286306,-1.6371847598593756
32,C2,0.0,0.0,3.5,3.5,3.5,0.3,0.0,3.0,0.8999999999999999,0.0,0.0,0.9000000000000006,0.0,0.0,safe_side,0.5590252757136938,-1.6371847598593756,0.2223843688020831,0.0,-12.440974724286306,-1.6371847598593756
32,C3,-4.263256414560601e-12,8.881784197001252e-12,3.5,3.5,3.5,0.3,-0.2,3.0,0.8999999999999999,0.2,0.6666666666666667,0.8495554435570221,-0.2535182072570806,-0.6000000000000004,safe_side,0.5590252757136938,-1.6371847598593756,0.2223843688020831,0.0,-12.440974724286306,-1.6371847598593756
32,C4,0.0,0.0,3.5,3.5,3.5,0.3,-0.4,3.0,0.8999999999999999,0.4,1.3333333333333335,0.7085007417641406,-0.4641873319279901,-1.2000000000000008,safe_side,0.5590252757136938,-1.6371847598593756,0.2223843688020831,0.0,-12.440974724286306,-1.6371847598593756
33,C0,0.0,0.0,3.5,3.5,3.5,0.3,0.4,3.0,0.8999999999999999,0.4,1.3333333333333335,0.7085007417641406,0.4641873319279901,1.2000000000000008,static_center,0.7996598007702929,0.05116117631946182,0.0,0.0,-12.200340199229707,0.05116117631946182
33,C1,0.0,0.0,3.5,3.5,3.5,0.3,0.2,3.0,0.8999999999999999,0.2,0.6666666666666667,0.8495554435570221,0.2535182072570806,0.6000000000000004,static_center,0.7996598007702929,0.05116117631946182,0.0,0.0,-12.200340199229707,0.05116117631946182
33,C2,0.0,0.0,3.5,3.5,3.5,0.3,0.0,3.0,0.8999999999999999,0.0,0.0,0.9000000000000006,0.0,0.0,static_center,0.7996598007702929,0.05116117631946182,0.0,0.0,-12.200340199229707,0.05116117631946182
33,C3,0.0,0.0,3.5,3.5,3.5,0.3,-0.2,3.0,0.8999999999999999,0.2,0.6666666666666667,0.8495554435570221,-0.2535182072570806,-0.6000000000000004,static_center,0.7996598007702929,0.05116117631946182,0.0,0.0,-12.200340199229707,0.05116117631946182
33,C4,0.0,0.0,3.5,3.5,3.5,0.3,-0.4,3.0,0.8999999999999999,0.4,1.3333333333333335,0.7085007417641406,-0.4641873319279901,-1.2000000000000008,static_center,0.7996598007702929,0.05116117631946182,0.0,0.0,-12.200340199229707,0.05116117631946182
34,C0,-5.6843418860808015e-12,8.881784197001252e-12,3.5,3.5,3.5,0.3,0.4,3.0,0.8999999999999999,0.4,1.3333333333333335,0.7085007417641406,0.4641873319279901,1.2000000000000008,cross_left_to_right,0.7935312621245725,-0.9687589485504512,0.483639281128404,1.5707963267948966,-12.206468737875428,-0.9687589485504512
34,C1,0.0,0.0,3.5,3.5,3.5,0.3,0.2,3.0,0.8999999999999999,0.2,0.6666666666666667,0.8495554435570221,0.2535182072570806,0.6000000000000004,cross_left_to_right,0.7935312621245725,-0.9687589485504512,0.483639281128404,1.5707963267948966,-12.206468737875428,-0.9687589485504512
34,C2,0.0,0.0,3.5,3.5,3.5,0.3,0.0,3.0,0.8999999999999999,0.0,0.0,0.9000000000000006,0.0,0.0,cross_left_to_right,0.7935312621245725,-0.9687589485504512,0.483639281128404,1.5707963267948966,-12.206468737875428,-0.9687589485504512
34,C3,0.0,0.0,3.5,3.5,3.5,0.3,-0.2,3.0,0.8999999999999999,0.2,0.6666666666666667,0.8495554435570221,-0.2535182072570806,-0.6000000000000004,cross_left_to_right,0.7935312621245725,-0.9687589485504512,0.483639281128404,1.5707963267948966,-12.206468737875428,-0.9687589485504512
34,C4,0.0,0.0,3.5,3.5,3.5,0.3,-0.4,3.0,0.8999999999999999,0.4,1.3333333333333335,0.7085007417641406,-0.4641873319279901,-1.2000000000000008,cross_left_to_right,0.7935312621245725,-0.9687589485504512,0.483639281128404,1.5707963267948966,-12.206468737875428,-0.9687589485504512
35,C0,0.0,0.0,3.5,3.5,3.5,0.3,0.4,3.0,0.8999999999999999,0.4,1.3333333333333335,0.7085007417641406,0.4641873319279901,1.2000000000000008,cross_right_to_left,0.5523909637289108,0.9763113065331849,0.29326882061032,-1.5707963267948966,-12.44760903627109,0.9763113065331849
35,C1,0.0,0.0,3.5,3.5,3.5,0.3,0.2,3.0,0.8999999999999999,0.2,0.6666666666666667,0.8495554435570221,0.2535182072570806,0.6000000000000004,cross_right_to_left,0.5523909637289108,0.9763113065331849,0.29326882061032,-1.5707963267948966,-12.44760903627109,0.9763113065331849
35,C2,0.0,0.0,3.5,3.5,3.5,0.3,0.0,3.0,0.8999999999999999,0.0,0.0,0.9000000000000006,0.0,0.0,cross_right_to_left,0.5523909637289108,0.9763113065331849,0.29326882061032,-1.5707963267948966,-12.44760903627109,0.9763113065331849
35,C3,0.0,0.0,3.5,3.5,3.5,0.3,-0.2,3.0,0.8999999999999999,0.2,0.6666666666666667,0.8495554435570221,-0.2535182072570806,-0.6000000000000004,cross_right_to_left,0.5523909637289108,0.9763113065331849,0.29326882061032,-1.5707963267948966,-12.44760903627109,0.9763113065331849
35,C4,0.0,0.0,3.5,3.5,3.5,0.3,-0.4,3.0,0.8999999999999999,0.4,1.3333333333333335,0.7085007417641406,-0.4641873319279901,-1.2000000000000008,cross_right_to_left,0.5523909637289108,0.9763113065331849,0.29326882061032,-1.5707963267948966,-12.44760903627109,0.9763113065331849
36,C0,0.0,0.0,3.5,3.5,3.5,0.3,0.4,3.0,0.8999999999999999,0.4,1.3333333333333335,0.7085007417641406,0.4641873319279901,1.2000000000000008,head_on,1.3385694782278943,0.06610757757195346,0.28617913243603066,3.141592653589793,-11.661430521772106,0.06610757757195346
36,C1,0.0,0.0,3.5,3.5,3.5,0.3,0.2,3.0,0.8999999999999999,0.2,0.6666666666666667,0.8495554435570221,0.2535182072570806,0.6000000000000004,head_on,1.3385694782278943,0.06610757757195346,0.28617913243603066,3.141592653589793,-11.661430521772106,0.06610757757195346
36,C2,0.0,0.0,3.5,3.5,3.5,0.3,0.0,3.0,0.8999999999999999,0.0,0.0,0.9000000000000006,0.0,0.0,head_on,1.3385694782278943,0.06610757757195346,0.28617913243603066,3.141592653589793,-11.661430521772106,0.06610757757195346
36,C3,0.0,0.0,3.5,3.5,3.5,0.3,-0.2,3.0,0.8999999999999999,0.2,0.6666666666666667,0.8495554435570221,-0.2535182072570806,-0.6000000000000004,head_on,1.3385694782278943,0.06610757757195346,0.28617913243603066,3.141592653589793,-11.661430521772106,0.06610757757195346
36,C4,0.0,0.0,3.5,3.5,3.5,0.3,-0.4,3.0,0.8999999999999999,0.4,1.3333333333333335,0.7085007417641406,-0.4641873319279901,-1.2000000000000008,head_on,1.3385694782278943,0.06610757757195346,0.28617913243603066,3.141592653589793,-11.661430521772106,0.06610757757195346
37,C0,0.0,0.0,3.5,3.5,3.5,0.3,0.4,3.0,0.8999999999999999,0.4,1.3333333333333335,0.7085007417641406,0.4641873319279901,1.2000000000000008,same_direction_slow,0.7558766139564081,0.010025899208909006,0.07449922950563453,0.0,-12.244123386043592,0.010025899208909006
37,C1,0.0,0.0,3.5,3.5,3.5,0.3,0.2,3.0,0.8999999999999999,0.2,0.6666666666666667,0.8495554435570221,0.2535182072570806,0.6000000000000004,same_direction_slow,0.7558766139564081,0.010025899208909006,0.07449922950563453,0.0,-12.244123386043592,0.010025899208909006
37,C2,0.0,0.0,3.5,3.5,3.5,0.3,0.0,3.0,0.8999999999999999,0.0,0.0,0.9000000000000006,0.0,0.0,same_direction_slow,0.7558766139564081,0.010025899208909006,0.07449922950563453,0.0,-12.244123386043592,0.010025899208909006
37,C3,0.0,0.0,3.5,3.5,3.5,0.3,-0.2,3.0,0.8999999999999999,0.2,0.6666666666666667,0.8495554435570221,-0.2535182072570806,-0.6000000000000004,same_direction_slow,0.7558766139564081,0.010025899208909006,0.07449922950563453,0.0,-12.244123386043592,0.010025899208909006
37,C4,0.0,0.0,3.5,3.5,3.5,0.3,-0.4,3.0,0.8999999999999999,0.4,1.3333333333333335,0.7085007417641406,-0.4641873319279901,-1.2000000000000008,same_direction_slow,0.7558766139564081,0.010025899208909006,0.07449922950563453,0.0,-12.244123386043592,0.010025899208909006
