episode_id,candidate_id,robot_v,robot_w,lidar_front_min,lidar_left_min,lidar_right_min,traj_v,traj_w,traj_duration,traj_length,traj_max_abs_w,traj_curvature,traj_end_x_rel,traj_end_y_rel,traj_end_yaw_rel,robot_world_x0,robot_world_y0,robot_world_yaw0,robot_world_z0,human_01_world_x0,human_01_world_y0,human_01_world_yaw0,human_01_world_z0,human_01_rel_x0,human_01_rel_y0,human_02_world_x0,human_02_world_y0,human_02_world_yaw0,human_02_world_z0,human_02_rel_x0,human_02_rel_y0,human_03_world_x0,human_03_world_y0,human_03_world_yaw0,human_03_world_z0,human_03_rel_x0,human_03_rel_y0,human_04_world_x0,human_04_world_y0,human_04_world_yaw0,human_04_world_z0,human_04_rel_x0,human_04_rel_y0
2,C0,5.551115123125783e-13,-8.326672684688674e-13,3.5,3.5,3.5,0.3,0.4,3.0,0.8999999999999999,0.4,1.3333333333333335,0.7085007417641406,0.4641873319279901,1.2000000000000008,-13.001334758684342,1.495365030750104e-09,-3.7502682862396975e-09,0.010152896243556189,-10.999999995348643,0.8500210766236131,1.5707963268007166,0.8499937425054247,2.0013347601478917,0.8500210826337904,-6.200000001776271,-0.8500305290962236,-1.5707963267955396,0.8499850764131721,6.801334760095914,-0.8500305050847585,-0.9999999959228577,0.8500011534927014,1.5707963278190338,0.8499829768290963,12.001334759573751,0.8500011970055615,1.49999901259302,-0.8500033398411353,-1.5707976537715942,0.8499934129455247,14.501333774465103,-0.8500032869526082
2,C1,5.551115123125783e-13,-1.3877787807814457e-12,3.5,3.5,3.5,0.3,0.2,3.0,0.8999999999999999,0.2,0.6666666666666667,0.8495554435570221,0.2535182072570806,0.6000000000000004,-13.001413690568949,1.5714737465833283e-09,-3.874056018617093e-09,0.010073074408003918,-10.999999995348643,0.8500210766236131,1.5707963268007166,0.8499937425054247,2.0014136919272763,0.8500210828057282,-6.200000001776271,-0.8500305290962236,-1.5707963267955396,0.8499850764131721,6.801413692085744,-0.8500305043186397,-0.9999999957340419,0.8500001534729672,1.5707963278190338,0.849982938483728,12.00141369154196,0.8500001983956424,1.49999901259302,-0.8500033398411353,-1.5707976537715942,0.8499934129455247,14.50141270645493,-0.8500032852333239
2,C2,4.884981308350689e-13,0.0,3.5,3.5,3.5,0.3,0.0,3.0,0.8999999999999999,0.0,0.0,0.9000000000000006,0.0,0.0,-13.001251091434943,1.7075173089545814e-09,-3.652792500215261e-09,0.010208012610585522,-10.999999995348643,0.8500210766236131,1.5707963268007166,0.8499937425054247,2.001251092981349,0.8500210822262508,-6.200000001515352,-0.8500300196052891,-1.5707963267955392,0.8499840763553426,6.801251093024574,-0.8500299964692475,-0.999999995548708,0.8499991532156886,1.5707963278190338,0.8499829588191088,12.001251092781365,0.8499991953462512,1.49999901259302,-0.8500033398411353,-1.5707976537715942,0.8499934129455247,14.501250107132849,-0.850003288578595
2,C3,4.440892098500626e-13,0.0,3.5,3.5,3.5,0.3,-0.2,3.0,0.8999999999999999,0.2,0.6666666666666667,0.8495554435570221,-0.2535182072570806,-0.6000000000000004,-13.001251082250636,1.7069117512815354e-09,-3.652827655533128e-09,0.010207989795596908,-10.999999995348643,0.8500210766236131,1.5707963268007166,0.8499937425054247,2.0012510837970128,0.8500210822269267,-6.200000001515352,-0.8500300196052891,-1.5707963267955392,0.8499840763553426,6.801251083840298,-0.8500299964684028,-0.9999999953669177,0.8499981529789998,1.5707963278190338,0.849983038060205,12.001251083778822,0.8499981951105899,1.49999901259302,-0.8500033398411353,-1.5707976537715942,0.8499934129455247,14.501250097948573,-0.8500032885774796
2,C4,4.884981308350689e-13,0.0,3.5,3.5,3.5,0.3,-0.4,3.0,0.8999999999999999,0.4,1.3333333333333335,0.7085007417641406,-0.4641873319279901,-1.2000000000000008,-13.001349874199128,1.5940899063012396e-09,-3.7819385860585415e-09,0.01013939681732828,-10.999999995348643,0.8500210766236131,1.5707963268007166,0.8499937425054247,2.0013498756357575,0.8500210825985056,-6.200000001232549,-0.8500294673615765,-1.5707963267955392,0.849983076236725,6.801349876181338,-0.8500294432333788,-0.9999999951887315,0.8499971528218399,1.5707963278190338,0.8499831770257378,12.001349875795759,0.8499971966161182,1.49999901259302,-0.8500033398411353,-1.5707976537715942,0.8499934129455247,14.50134889000681,-0.8500032865920143
3,C0,4.662936703425657e-13,-2.7755575615628914e-13,3.5,3.5,3.5,0.3,0.4,3.0,0.8999999999999999,0.4,1.3333333333333335,0.7085007417641406,0.4641873319279901,1.2000000000000008,-13.001365325236765,1.4026085916075683e-09,-3.785740808713055e-09,0.010124666064483168,-10.999999994380925,-2.799978930455386,1.5707963268007166,0.8499937187118253,2.001365341455835,-2.799978924281344,-12.799971091377422,2.999999999053569,-6.431121781042652e-13,0.8499821385694054,0.20139422250212066,2.999999998413387,2.2300050340554605,3.450000005174514,3.1415900010241367,0.8499836973263389,15.23137034623142,3.4500000614339257,-10.059996021865913,3.899999141441002,-1.3269766984401892e-06,0.8499937585159097,2.941369288606466,3.8999991511736547
3,C1,4.884981308350689e-13,0.0,3.5,3.5,3.5,0.3,0.2,3.0,0.8999999999999999,0.2,0.6666666666666667,0.8495554435570221,0.2535182072570806,0.6000000000000004,-13.00122587403966,1.4611136792302712e-09,-3.5942962021381356e-09,0.010216524230357418,-10.999999994169764,-2.7999789320000743,1.5707963268007166,0.8499937135329407,2.0012258899338495,-2.7999789262681896,-12.799971482115216,2.999999999253651,-6.431121781042652e-13,0.8499815211090685,0.201254381141555,2.999999998515905,2.2300063196888438,3.450000005383601,3.1415900010241367,0.8499841513277028,15.231232181328181,3.450000058668047,-10.059995887960746,3.8999991716969498,-1.3269766984401892e-06,0.8499938417660616,2.941229972061162,3.8999991808074874
3,C2,4.662936703425657e-13,-2.7755575615628914e-13,3.5,3.5,3.5,0.3,0.0,3.0,0.8999999999999999,0.0,0.0,0.9000000000000006,0.0,0.0,-13.001079336703858,1.5452526122518731e-09,-3.4267072568929796e-09,0.010123300728397625,-10.999999994030727,-2.799978933017167,1.5707963268007166,0.8499937101254678,2.0010793522678396,-2.7999789277053067,-12.799971746423289,2.999999999388991,-6.431121781042652e-13,0.8499811194659554,0.20110758000044793,2.999999998532875,2.230007144117811,3.450000005513895,3.1415900010241367,0.8499845054699992,15.23108646899953,3.450000056161117,-10.059995800909942,3.899999192019593,-1.3269766984401892e-06,0.8499938980651958,2.941083522429761,3.8999992005525725
3,C3,7.105427357601002e-13,3.3306690738754696e-12,3.5,3.5,3.5,0.3,-0.2,3.0,0.8999999999999999,0.2,0.6666666666666667,0.8495554435570221,-0.2535182072570806,-0.6000000000000004,-13.001158237684598,1.5455496489289657e-09,-3.515027624216122e-09,0.010212501813840412,-10.999999993891972,-2.799978934032172,1.5707963268007166,0.8499937067269953,2.0011582536346286,-2.7999789285435948,-12.799972015680549,2.9999999995268634,-6.431121781042652e-13,0.8499807226291265,0.20118621145896592,2.999999998688489,2.2300079467309373,3.4500000056376665,3.1415900010241367,0.8499849013793586,15.23116617228869,3.450000057630087,-10.059995714942193,3.8999992126123417,-1.3269766984401892e-06,0.8499939554075182,2.9411625090337994,3.89999922140506
3,C4,-7.904787935331115e-12,1.1102230246251565e-11,3.5,3.5,3.5,0.3,-0.4,3.0,0.8999999999999999,0.4,1.3333333333333335,0.7085007417641406,-0.4641873319279901,-1.2000000000000008,-13.000998065650492,1.5482972266083564e-09,-3.2858785246744157e-09,0.010007229635534652,-10.999999993755265,-2.799978935032214,1.5707963268007166,0.8499937033805792,2.0009980810956174,-2.7999789300054747,-12.799972286272991,2.9999999996654183,-6.431121781042652e-13,0.8499803356032796,0.2010257695198652,2.9999999987776675,2.230008715734214,3.450000005753184,3.1415900010241367,0.8499853318421858,15.231006770048426,3.4500000542521247,-10.059995631140838,3.8999992332016147,-1.3269766984401892e-06,0.8499940130234782,2.9410024216947304,3.8999992413170945
4,C0,9.325873406851315e-13,-5.551115123125783e-13,3.5,3.5,3.5,0.3,0.4,3.0,0.8999999999999999,0.4,1.3333333333333335,0.7085007417641406,0.4641873319279901,1.2000000000000008,-13.001158237685605,1.5496485452456705e-09,-3.515430092325079e-09,0.010212501815775545,-11.499999993475765,-2.7999789370768418,1.5707963268007166,0.8499936965447222,1.5011582540529704,-2.7999789333492733,-10.200000000043046,2.7999728556415073,-1.5707963267955396,0.8499795568357329,2.80115822779945,2.799972863939135,-6.499999994004641,-2.8000102123027917,1.570796327819034,0.8499863315053723,6.501158253524204,-2.800010190998073,-12.799995462645864,2.999999276205277,-1.3269766984401892e-06,0.8499941342232693,0.20116276449345316,2.9999992753628026
4,C1,9.769962616701378e-13,0.0,3.5,3.5,3.5,0.3,0.2,3.0,0.8999999999999999,0.2,0.6666666666666667,0.8495554435570221,0.2535182072570806,0.6000000000000004,-13.00115823768561,1.5850665914403343e-09,-3.518909136453787e-09,0.010212501815774133,-11.499999993245913,-2.799978938758254,1.5707963268007166,0.8499936909292714,1.5011582542925686,-2.7999789350608815,-10.199999999795148,2.799973339792915,-1.5707963267955392,0.8499789293445438,2.80115822803761,2.79997334806487,-6.49999999384728,-2.8000113574844305,1.5707963278190338,0.8499872671126919,6.501158253691316,-2.800011336192512,-12.799995327013898,2.9999993124607713,-1.3269766984401892e-06,0.8499942372499002,0.20116290011498733,2.999999311583579
4,C2,9.325873406851315e-13,5.551115123125783e-13,3.5,3.5,3.5,0.3,0.0,3.0,0.8999999999999999,0.0,0.0,0.9000000000000006,0.0,0.0,-13.001251090055609,1.6944049693918259e-09,-3.6515185635925124e-09,0.010208009184193895,-11.499999993107508,-2.7999789397707313,1.5707963268007166,0.8499936875505069,1.501251107172276,-2.7999789359832903,-10.199999999642397,2.7999736381272675,-1.5707963267955392,0.8499785572662866,2.801251080189056,2.799973646661683,-6.499999993762959,-2.800012005985575,1.5707963278190338,0.8499878766679033,6.501251106516946,-2.800011983940541,-12.7999952466487,2.999999334670308,-1.3269766984401892e-06,0.8499943007205861,0.20125583245235523,2.9999993337107926
4,C3,8.881784197001252e-13,0.0,3.5,3.5,3.5,0.3,-0.2,3.0,0.8999999999999999,0.2,0.6666666666666667,0.8495554435570221,-0.2535182072570806,-0.6000000000000004,-13.001094527604145,1.6955533312416768e-09,-3.4566303527403782e-09,0.010151750440645245,-11.499999992969345,-2.7999789407814335,1.5707963268007166,0.849993684179634,1.5010945443132928,-2.799978937288258,-10.199999999487346,2.7999739409540476,-1.5707963267955392,0.8499781902478929,2.8010945184383242,2.7999739489408424,-6.499999993686878,-2.800012620449636,1.5707963278190338,0.8499885177040282,6.501094543595876,-2.8000125996733085,-12.79999516742181,2.999999357118321,-1.3269766984401892e-06,0.8499943651362745,0.20109934981244593,2.9999993561178937
4,C4,9.769962616701378e-13,0.0,3.5,3.5,3.5,0.3,-0.4,3.0,0.8999999999999999,0.4,1.3333333333333335,0.7085007417641406,-0.4641873319279901,-1.2000000000000008,-13.001036029702226,1.5978336384191074e-09,-3.3958618967607364e-09,0.010008182723920817,-11.499999992836903,-2.799978941750281,1.5707963268007166,0.8499936809501965,1.5010360463736643,-2.7999789382508036,-10.19999999933634,2.7999742358820625,-1.5707963267955392,0.8499778426222288,2.80103602085756,2.7999742437961608,-6.499999993621717,-2.8000131771176195,1.5707963278190338,0.8499891610683102,6.501036045588966,-2.8000131566388324,-12.800002921164756,2.999998908576099,-1.4151774183152738e-06,0.8499936233232044,0.2010330983498875,2.999998907660946
5,C0,0.0,0.0,3.5,3.5,3.5,0.3,0.4,3.0,0.8999999999999999,0.4,1.3333333333333335,0.7085007417641406,0.4641873319279901,1.2000000000000008,-13.000983659216178,1.5785463724128226e-09,-3.2029762779325522e-09,0.010006941935801376,2.7999789439086222,0.6500000074581391,-3.1415926535839733,0.849993673762317,15.800962601042865,0.6500000564897012,-12.79997490893276,3.00000000100826,-6.431121781042652e-13,0.8499770832483345,0.20100874067448865,3.0000000000735403,2.23001429668024,3.4500000064574268,3.1415900010241367,0.8499906874384799,15.23099794484615,3.450000053663406,-10.060002641109202,3.89999889167663,-1.415177418316686e-06,0.8499935051883706,2.9409810056153725,3.899998899517976
5,C1,8.881784197001252e-13,0.0,3.5,3.5,3.5,0.3,0.2,3.0,0.8999999999999999,0.2,0.6666666666666667,0.8495554435570221,0.2535182072570806,0.6000000000000004,-13.001102625610393,1.6016594734577357e-09,-3.4559429274080076e-09,0.010164126253747387,2.799978945492235,0.6500000076746187,-3.1415926535839733,0.8499936684941103,15.801081568856265,0.6500000606805953,-12.799975416520555,3.0000000012681407,-6.431121781042652e-13,0.8499765395716177,0.2011271987220096,3.000000000361565,2.2300150062459334,3.4500000065162095,3.1415900010241367,0.8499918801816417,15.231117619933324,3.450000057552423,-10.060002432719944,3.89999888103853,-1.4151774183177213e-06,0.8499934260958693,2.9411001794122753,3.899998889601145
5,C2,9.769962616701378e-13,0.0,3.5,3.5,3.5,0.3,0.0,3.0,0.8999999999999999,0.0,0.0,0.9000000000000006,0.0,0.0,-13.001102625609546,1.6040232969337288e-09,-3.4561748376053242e-09,0.010164126252522828,2.7999789464993463,0.6500000078122896,-3.1415926535839733,0.849993665146239,15.801081569862378,0.6500000608195668,-12.79997574524231,3.0000000014364416,-6.431121781042652e-13,0.8499761998762504,0.20112686999871096,3.0000000005275482,2.2300154058631287,3.45000000654242,3.1415900010241367,0.8499926666345993,15.231118019548873,3.4500000575798038,-10.060002299023141,3.8999988750523484,-1.415177418318379e-06,0.8499933791690859,2.941100313107327,3.899998883613282
5,C3,9.769962616701378e-13,0.0,3.5,3.5,3.5,0.3,-0.2,3.0,0.8999999999999999,0.2,0.6666666666666667,0.8495554435570221,-0.2535182072570806,-0.6000000000000004,-13.001482885251122,1.5935260505583986e-09,-3.98094855765345e-09,0.00998701850875176,2.7999789464993463,0.6500000078122896,-3.1415926535839733,0.849993665146239,15.80146182916285,0.6500000691235702,-12.79997574524231,3.0000000014364416,-6.431121781042652e-13,0.8499761998762504,0.2015071280659654,3.000000000645105,2.2300154058631287,3.45000000654242,3.1415900010241367,0.8499926666345993,15.231498277379977,3.450000065584705,-10.060002299023141,3.8999988750523484,-1.415177418318379e-06,0.8499933791690859,2.9414805707022853,3.899998885168705
5,C4,9.769962616701378e-13,0.0,3.5,3.5,3.5,0.3,-0.4,3.0,0.8999999999999999,0.4,1.3333333333333335,0.7085007417641406,-0.4641873319279901,-1.2000000000000008,-13.00146508111237,1.4683215748757776e-09,-3.941491158918739e-09,0.010010382715044045,2.7999789485633637,0.6500000080944374,-3.1415926535839733,0.8499936582910054,15.801444027113766,0.6500000689073677,-12.799976432972242,3.0000000017885453,-6.431121781042652e-13,0.8499755186936089,0.2014886363156542,3.0000000011143895,2.230016094639442,3.4500000065687404,3.1415900010241367,0.8499943359512945,15.231481162153667,3.450000065135167,-10.060002022441589,3.899998864683848,-1.4151774183197264e-06,0.8499932912591445,2.94146304329897,3.8999988748092775
6,C0,8.43769498715119e-13,5.551115123125783e-13,3.5,3.5,3.5,0.3,0.4,3.0,0.8999999999999999,0.4,1.3333333333333335,0.7085007417641406,0.4641873319279901,1.2000000000000008,-13.003674907417441,1.0567807821648984e-09,-4.983455603849023e-09,0.010006484802953563,-10.499978950643255,-0.5500000083787542,5.8198834308942204e-12,0.8499936513912254,2.5036959595150865,-0.5499999969584773,-12.799976717853395,3.0000000019343975,-6.431121781042652e-13,0.8499752476100375,0.2036981746136787,3.0000000018927375,2.2300168023296414,3.4500000065367513,3.1415900010241367,0.849997033421915,15.23369169255416,3.450000081396397,-10.060001909091362,3.8999988612002916,-1.4151774183202736e-06,0.8499932587151066,2.943672978890608,3.8999988748131744
6,C1,9.325873406851315e-13,5.551115123125783e-13,3.5,3.5,3.5,0.3,0.2,3.0,0.8999999999999999,0.2,0.6666666666666667,0.8495554435570221,0.2535182072570806,0.6000000000000004,-13.001430484245393,1.184826817398527e-09,-3.86127794735198e-09,0.010053410903537017,-10.499978952567853,-0.5500000086418418,5.8198834308942204e-12,0.8499936450139047,2.5014515338012435,-0.550000000167869,-12.799977819039833,3.000000002498169,-6.431121781042652e-13,0.849974256182043,0.20145265362172587,3.0000000020912068,2.230016910900693,3.4500000065146867,3.1415900010241367,0.8499977327759348,15.231447381824676,3.4500000641427118,-10.06000147750258,3.8999988518754054,-1.4151774183223361e-06,0.849993152722245,2.9414289916838343,3.8999988620482533
6,C2,9.769962616701378e-13,0.0,3.5,3.5,3.5,0.3,0.0,3.0,0.8999999999999999,0.0,0.0,0.9000000000000006,0.0,0.0,-13.001334758695204,1.3115981859629652e-09,-3.7322152594307316e-09,0.010152896274907931,-10.49997895369501,-0.550000008795921,5.8198834308942204e-12,0.8499936412822178,2.501355807052913,-0.5500000007719209,-12.799978221003721,3.000000002703958,-6.431121781042652e-13,0.8499739152443567,0.2013565264948372,3.0000000021438655,2.230017013447653,3.4500000064747547,3.1415900010241367,0.8499987110210611,15.231351759266715,3.4500000620098397,-10.060001322511155,3.8999988500121625,-1.4151774183230696e-06,0.849993121416655,2.9413334216284137,3.8999988596782535
6,C3,9.769962616701378e-13,0.0,3.5,3.5,3.5,0.3,-0.2,3.0,0.8999999999999999,0.2,0.6666666666666667,0.8495554435570221,-0.2535182072570806,-0.6000000000000004,-13.001349861156893,1.3108526695066887e-09,-3.754249451534983e-09,0.010139358192998243,-10.499978954737461,-0.5500000089384209,5.8198834308942204e-12,0.8499936378330979,2.501370908484269,-0.5500000008585032,-12.799978597212156,3.0000000028965603,-6.431121781042652e-13,0.8499736056857017,0.20137125268198788,3.0000000023417055,2.230017057954184,3.450000006428367,3.1415900010241367,0.8499996191228666,15.231366906158916,3.450000062299865,-10.060001178666575,3.899998848969816,-1.4151774183237477e-06,0.8499930954876179,2.9413486678487497,3.8999988587015197
6,C4,9.325873406851315e-13,-5.551115123125783e-13,3.5,3.5,3.5,0.3,-0.4,3.0,0.8999999999999999,0.4,1.3333333333333335,0.7085007417641406,-0.4641873319279901,-1.2000000000000008,-13.001079336673543,1.2545984268414975e-09,-3.398157392371143e-09,0.010123300691899938,-10.499978955823183,-0.5500000090868357,5.8198834308942204e-12,0.8499936342429775,2.501100382719347,-0.5500000018423014,-12.799978993492307,3.000000003099437,-6.431121781042652e-13,0.8499732892196287,0.2011003329867644,3.000000002528209,2.230017052831719,3.450000006370554,3.1415900010241367,0.8500005655081184,15.23109637778162,3.450000056873618,-10.060001028407891,3.899998848579111,-1.4151774183244535e-06,0.8499930715785521,2.9410782950128422,3.8999988573187596
7,C0,8.881784197001252e-13,0.0,3.5,3.5,3.5,0.3,0.4,3.0,0.8999999999999999,0.4,1.3333333333333335,0.7085007417641406,0.4641873319279901,1.2000000000000008,-13.000946400579837,1.23116593610546e-09,-2.5661890818505303e-09,0.010006310942742097,-10.499978957902941,0.719999990628869,5.8198834308942204e-12,0.8499936273720904,2.500967440829239,0.7199999958156584,-7.199979764935277,-0.7199999965056246,-6.431121781042652e-13,0.8499727001592199,5.800966637492216,-0.7199999828504133,2.8000168968669668,0.350000006278305,-3.141592652565656,0.8500023695478351,15.800963296548636,0.35000004559539855,1.0000007395693604,-0.3499988498066946,3.1415912384123748,0.8499930346206755,14.00094714104736,-0.34999881510878283
7,C1,0.0,0.0,3.5,3.5,3.5,0.3,0.2,3.0,0.8999999999999999,0.2,0.6666666666666667,0.8495554435570221,0.2535182072570806,0.6000000000000004,-13.000979929571852,1.4215345175973867e-09,-3.1587405044387706e-09,0.010006873141007063,-10.499978959391193,0.7199999904254308,5.8198834308942204e-12,0.8499936224603267,2.5010009679063656,0.7199999969039094,-7.199980326619011,-0.7199999962180746,-6.431121781042652e-13,0.8499722926502649,5.800999605227133,-0.7199999793157568,2.800016668511202,0.3500000061591216,-3.141592652565656,0.850003644119376,15.800996596977495,0.35000005464883505,1.0000005322897496,-0.34999885227406385,3.1415912384123748,0.8499930153160836,14.000980462967156,-0.3499988094701343
7,C2,9.769962616701378e-13,-1.1102230246251565e-12,3.5,3.5,3.5,0.3,0.0,3.0,0.8999999999999999,0.0,0.0,0.9000000000000006,0.0,0.0,-13.001065487440682,1.4530004751689365e-09,-3.4050378650594705e-09,0.010089919092706288,-10.499978960391578,0.7199999902886824,5.8198834308942204e-12,0.8499936191610201,2.5010865245974765,0.7199999973519763,-7.199980708554537,-0.719999996022547,-6.431121781042652e-13,0.8499720253815168,5.801084781337773,-0.7199999777226342,2.8000164611031284,0.3500000060696678,-3.141592652565656,0.8500044889816887,15.801081947352047,0.35000005841994963,1.0000003927856222,-0.34999885467469066,3.1415912384123748,0.8499930056904555,14.001065881418064,-0.3499988084535317
7,C3,0.0,0.0,3.5,3.5,3.5,0.3,-0.2,3.0,0.8999999999999999,0.2,0.6666666666666667,0.8495554435570221,-0.2535182072570806,-0.6000000000000004,-13.000983659216123,1.449420525396067e-09,-3.1902937706525713e-09,0.010006941935735529,-10.499978961475133,0.7199999901405654,5.8198834308942204e-12,0.8499936155895245,2.501004695443979,0.7199999966700846,-7.199981126110252,-0.7199999958087853,-6.431121781042652e-13,0.8499717419846524,5.8010025354028825,-0.7199999787513035,2.800016188353978,0.3500000059646306,-3.141592652565656,0.8500053903682203,15.800999846453497,0.35000005492504144,1.0000002415996987,-0.349998857945507,3.1415912384123748,0.8499929983032246,14.00098390193242,-0.3499988147276758
7,C4,0.0,0.0,3.5,3.5,3.5,0.3,-0.4,3.0,0.8999999999999999,0.4,1.3333333333333335,0.7085007417641406,-0.4641873319279901,-1.2000000000000008,-13.001291419895056,1.4016035872531988e-09,-3.6790134719505254e-09,0.010185997918716615,-10.499978962528155,0.7199999899966221,5.8198834308942204e-12,0.8499936121207551,2.501312454718011,0.7199999977973807,-7.199981535662619,-0.719999995599122,-6.431121781042652e-13,0.8499714726904722,5.801309886881326,-0.7199999756576284,2.8000158762136356,0.3500000058547453,-3.141592652565656,0.8500062501772747,15.801307294821036,0.35000006258636407,1.0000000946539835,-0.34999886178987366,3.1415912384123748,0.8499929941499484,14.00129151583669,-0.34999881168053715
1,C0,0.0,0.0,3.5,3.5,3.5,0.3,0.4,3.0,0.8999999999999999,0.4,1.3333333333333335,0.7085007417641406,0.4641873319279901,1.2000000000000008,-13.001277642522934,1.360007657803904e-09,-3.655532199540636e-09,0.01019456728441552,-12.199999984132644,-4.199979005427707,1.5707963268007166,0.8499934725192162,0.801277673743449,-4.199979003858618,-10.499999986031263,4.20000022722844,-1.5707963267955392,0.849966019309376,2.5012776411384356,4.200000235011934,3.7999859801300273,0.6000000000701179,-3.141592652565656,0.8500097243074615,16.80126362045964,0.6000000601276704,-11.799994812235314,-0.6500004868390697,-1.415177418356287e-06,0.8499951795745112,1.2012828326637186,-0.6500004838077493
1,C1,0.0,0.0,3.5,3.5,3.5,0.3,0.2,3.0,0.8999999999999999,0.2,0.6666666666666667,0.8495554435570221,0.2535182072570806,0.6000000000000004,-13.001251090284734,1.4473002887121164e-09,-3.627241972271529e-09,0.01020800975334516,-12.199999983907055,-4.199979007078108,1.5707963268007166,0.8499934672138869,0.801251121612019,-4.199979005619076,-10.499999985646793,4.200000978382454,-1.5707963267955392,0.8499660326373569,2.501251089403521,4.200000986007797,3.799985229193079,0.6000000000011939,-3.141592652565656,0.8500085406189802,16.801236317301466,0.6000000594960432,-11.79999466191222,-0.6500004461583976,-1.4151774183573328e-06,0.8499953425137534,1.201256430730224,-0.6500004432484501
1,C2,0.0,0.0,3.5,3.5,3.5,0.3,0.0,3.0,0.8999999999999999,0.0,0.0,0.9000000000000006,0.0,0.0,-13.001442696904364,1.5608896073645212e-09,-2.7125718246458707e-10,0.009989281159620706,-12.199999983756827,-4.199979008177179,1.5707963268007166,0.849993463683471,0.8014427142868117,-4.199979009520671,-10.499999985391058,4.200001478026724,-1.5707963267955392,0.8499660507085972,2.5014427103740253,4.20000147714437,3.7999847844181898,0.599999999967528,-3.141592652565656,0.850007720426143,16.801427481159802,0.6000000029641462,-11.799994564863214,-0.650000418616934,-1.4151774183580286e-06,0.8499954535217377,1.2014481322174677,-0.6500004198519223
1,C3,0.0,0.0,3.5,3.5,3.5,0.3,-0.2,3.0,0.8999999999999999,0.2,0.6666666666666667,0.8495554435570221,-0.2535182072570806,-0.6000000000000004,-13.001319917362004,-1.2470499534975477e-07,8.667964986010075e-09,0.010164991625351977,-12.20000510325626,-4.19999215307116,1.570797784498821,0.8500199282269796,0.8013147777003604,-4.199992035311933,-10.499999985152048,4.200001944997797,-1.5707963267955392,0.849966074258648,2.501319968615427,4.200002048021439,3.7999933566594666,0.5999945102068267,-3.141591818962634,0.8499972717993004,16.801313279222203,0.5999944892786269,-11.79999435721501,-0.6500000561459386,-1.4680546380798942e-06,0.849994181799024,1.2013255545128176,-0.6499999418539911
1,C4,0.0,0.0,3.5,3.5,3.5,0.3,-0.4,3.0,0.8999999999999999,0.4,1.3333333333333335,0.7085007417641406,-0.4641873319279901,-1.2000000000000008,-13.001413690599229,-1.2502329852691595e-07,8.562483204158905e-09,0.010073074502799349,-12.200005209657036,-4.199992361892346,1.570797784498821,0.8500199817549844,0.8014084449798301,-4.199992243731095,-10.499999984899386,4.200002438641429,-1.5707963267955392,0.8499661061662965,2.501413741662294,4.200002542246415,3.799993409053015,0.5999945735096475,-3.141591818962634,0.8499970288887803,16.80140710478969,0.5999945546711799,-11.799994288834288,-0.6500000204071239,-1.4680546380805826e-06,0.8499942486690967,1.2014193961993278,-0.6499999056709589
