episode_id,candidate_id,start_odom_x,start_odom_y,start_odom_yaw,end_odom_x,end_odom_y,end_odom_yaw,actual_displacement,expected_distance,progress_ratio,actual_min_range_raw,rollout_front_min,rollout_left_min,rollout_right_min,actual_min_range,stuck,scenario_family,scenario_expected_risk_hint,scenario_obstacle_speed,scenario_obstacle_heading
1,C0,3.42289857973338,5.294788420757919,-0.007200000024612185,4.076936047656956,5.756522637393071,1.1784000000620942,0.8006019586908091,0.8999999999999999,0.8895577318786768,1.8610715866088867,3.379972457885742,2.630591869354248,3.5,2.630591869354248,0,safe_far,safe,0.12597912754427099,3.141592653589793
1,C1,4.076936047656996,5.756522637392979,1.1784000000612502,4.167229894114537,6.439130291282397,1.6712000000959046,0.6885536927912839,0.8999999999999999,0.7650596586569821,1.8471605777740479,3.1001665592193604,3.5,3.5,3.1001665592193604,0,safe_far,safe,0.12597912754427099,3.141592653589793
1,C2,4.167229894114665,6.439130291282357,1.671200000095383,4.097586570851215,7.130431128490404,1.6712000000974259,0.6947999999998014,0.8999999999999999,0.7719999999997793,1.8569819927215576,3.0053863525390625,3.186467170715332,3.5,3.0053863525390625,0,safe_far,safe,0.12597912754427099,3.141592653589793
1,C3,4.0975865708513135,7.130431128490637,1.6712000000968261,4.208530402469855,7.812354421515658,1.1768000000653345,0.6908892178521036,0.8999999999999999,0.7676546865023374,1.857664704322815,3.4710452556610107,3.084548234939575,3.5,3.084548234939575,0,safe_far,safe,0.12597912754427099,3.141592653589793
1,C4,4.208530402469952,7.812354421515805,1.1768000000651566,4.748142952394499,8.222053077745512,0.1799999999873878,0.6775209907836796,0.8999999999999999,0.7528011008707551,1.8606709241867065,3.5,3.158459186553955,3.5,3.158459186553955,0,safe_far,safe,0.12597912754427099,3.141592653589793
2,C0,4.748142952394631,8.222053077745324,0.17999999998683266,5.2732160261948255,8.688025237474452,1.213600000054047,0.702019790655942,0.8999999999999999,0.7800219896177134,1.868891954421997,3.3846585750579834,2.725492477416992,3.5,2.725492477416992,0,safe_side,safe,0.14371553477652743,0.0
2,C1,5.2732160261949526,8.688025237474484,1.2136000000551237,5.339104757208267,9.375765440208635,1.7080000000930105,0.6908892178427422,0.8999999999999999,0.7676546864919358,1.856611728668213,3.1141791343688965,3.5,3.5,3.1141791343688965,0,safe_side,safe,0.14371553477652743,0.0
2,C2,5.3391047572084105,9.375765440208442,1.7080000000934434,5.243253814630485,10.069979554733731,1.7080000000952975,0.7007999999994352,0.8999999999999999,0.7786666666660392,1.8646501302719116,2.977905035018921,3.157965898513794,3.5,2.977905035018921,0,safe_side,safe,0.14371553477652743,0.0
2,C3,5.243253814630566,10.06997955473399,1.708000000094365,5.340688983010973,10.785753200920992,1.1920000000582884,0.7223749197010876,0.8999999999999999,0.8026387996678752,1.8439770936965942,3.478454113006592,3.0519936084747314,3.5,3.0519936084747314,0,safe_side,safe,0.14371553477652743,0.0
2,C4,5.3406889830109705,10.785753200920764,1.192000000058577,5.8634325706673485,11.20143531743863,0.20959999998622947,0.6678716047479739,0.8999999999999999,0.7420795608310822,1.8493000268936157,3.5,3.1738710403442383,3.5,3.1738710403442383,0,safe_side,safe,0.14371553477652743,0.0
3,C0,5.863432570667256,11.201435317438357,0.20959999998654036,6.405029390411704,11.806064485370293,1.4128000000658925,0.8117287390941416,0.8999999999999999,0.9019208212157129,1.8389397859573364,3.4068987369537354,2.624207019805908,3.5,2.624207019805908,0,static_center,risky,0.0,0.0
3,C1,6.405029390411556,11.806064485370126,1.412800000065959,6.272930596138998,12.640813058634192,2.0136000001125898,0.8451362446461863,0.8999999999999999,0.939040271829096,1.8608605861663818,3.1024489402770996,3.5,3.5,3.1024489402770996,0,static_center,risky,0.0,0.0
3,C2,6.272930596139124,12.640813058633885,2.0136000001133447,5.905299547381149,13.41606231660743,2.0136000001175525,0.8579999999996629,0.8999999999999999,0.9533333333329589,1.8565561771392822,2.85380220413208,2.98418927192688,3.5,2.85380220413208,0,static_center,risky,0.0,0.0
3,C3,5.905299547380757,13.416062316608162,2.013600000123681,5.801500999257805,14.277969697699557,1.3968000000800096,0.8681350541086683,0.8999999999999999,0.9645945045651871,1.8506578207015991,3.4972116947174072,2.978184938430786,3.5,2.978184938430786,0,static_center,risky,0.0,0.0
3,C4,5.801500999258105,14.277969697700486,1.3968000000818084,6.408905499020056,14.84479157816755,0.16319999999641954,0.8307991757983906,0.8999999999999999,0.9231101953315451,1.8462822437286377,3.5,3.1501376628875732,3.5,3.1501376628875732,0,static_center,risky,0.0,0.0
4,C0,6.408905499021193,14.844791578167369,0.1631999999972633,6.944330665723536,15.308591990209283,1.206400000066452,0.7083720289145252,0.8999999999999999,0.7870800321272503,1.8527710437774658,3.399608612060547,2.703648567199707,3.5,2.703648567199707,0,cross_left_to_right,risky,0.3313706905056669,1.5707963267948966
4,C1,6.944330665723665,15.308591990210223,1.206400000067962,7.012898221191574,16.012485659396937,1.7120000001030178,0.707225428830143,0.8999999999999999,0.7858060320334923,1.8487226963043213,3.075873613357544,3.5,3.5,3.075873613357544,0,cross_left_to_right,risky,0.3313706905056669,1.5707963267948966
4,C2,7.012898221191222,16.012485659397846,1.712000000104994,6.913426786899487,16.71225110135677,1.7120000001070146,0.7068000000000162,0.8999999999999999,0.7853333333333514,1.8590673208236694,2.9664013385772705,3.1488845348358154,3.5,2.9664013385772705,0,cross_left_to_right,risky,0.3313706905056669,1.5707963267948966
4,C3,6.913426786899173,16.71225110135746,1.7120000001088131,6.998550183838661,17.403757612942346,1.2136000000718772,0.6967260927156502,0.8999999999999999,0.7741401030173892,1.849279522895813,3.5,3.0692288875579834,3.5,3.0692288875579834,0,cross_left_to_right,risky,0.3313706905056669,1.5707963267948966
4,C4,6.998550183838883,17.40375761294353,1.2136000000729652,7.530937194290782,17.834793056709554,0.20560000001169426,0.6850018121731393,0.8999999999999999,0.7611131246368215,1.8476639986038208,3.5,3.156100034713745,3.5,3.156100034713745,0,cross_left_to_right,risky,0.3313706905056669,1.5707963267948966
5,C0,7.530937194291725,17.834793056709287,0.20560000001318193,8.048467604376857,18.327712647677927,1.258400000086688,0.7147079463134407,0.8999999999999999,0.7941199403482675,1.8581783771514893,3.390291452407837,2.703670024871826,3.5,2.703670024871826,0,cross_right_to_left,risky,0.2689580086076474,-1.5707963267948966
5,C1,8.048467604377503,18.327712647678833,1.2584000000889308,8.077281682453682,19.04951267089644,1.7744000001239746,0.7223749197005103,0.8999999999999999,0.8026387996672337,1.8623075485229492,3.118363380432129,3.5,3.5,3.118363380432129,0,cross_right_to_left,risky,0.2689580086076474,-1.5707963267948966
5,C2,8.077281682453817,19.049512670897368,1.7744000001262619,7.933638892700111,19.74523884472668,1.7744000001283708,0.7103999999995773,0.8999999999999999,0.7893333333328637,1.854867696762085,2.974120616912842,3.1510844230651855,3.5,2.974120616912842,0,cross_right_to_left,risky,0.2689580086076474,-1.5707963267948966
5,C3,7.933638892699841,19.745238844727552,1.7744000001300142,7.983366892655408,20.465900104009087,1.2584000001081153,0.7223749196980943,0.8999999999999999,0.8026387996645493,1.8522827625274658,3.4583277702331543,3.061558961868286,3.5,3.061558961868286,0,cross_right_to_left,risky,0.2689580086076474,-1.5707963267948966
5,C4,7.983366892656233,20.465900104011936,1.2584000001032303,8.516916346357194,20.925396265834696,0.22160000005816194,0.7041390077778971,0.8999999999999999,0.7823766753087746,1.845515251159668,3.5,3.1717498302459717,3.5,3.1717498302459717,0,cross_right_to_left,risky,0.2689580086076474,-1.5707963267948966
6,C0,8.516916346358542,20.925396265834504,0.2216000000584062,9.023631527878813,21.41736969902614,1.2616000001269034,0.7062564223775138,0.8999999999999999,0.7847293581972377,1.8633103370666504,3.3821871280670166,2.741176128387451,3.5,2.741176128387451,0,head_on,risky,0.4198236296568688,3.141592653589793
6,C1,9.023631527880072,21.417369699027834,1.2616000001313443,9.053957723007718,22.120442623005534,1.7648000001650654,0.7037266618094509,0.8999999999999999,0.7819185131216122,1.8556017875671387,3.095069408416748,3.5,3.5,3.095069408416748,0,head_on,risky,0.4198236296568688,3.141592653589793
6,C2,9.053957723007873,22.120442623006294,1.764800000167086,8.91283617862159,22.838710476741543,1.7648000001696618,0.731999999999597,0.8999999999999999,0.8133333333328856,1.8521991968154907,2.9399831295013428,3.117288589477539,3.5,2.9399831295013428,0,head_on,risky,0.4198236296568688,3.141592653589793
6,C3,8.912836178621673,22.83871047674256,1.7648000001710387,8.970241456115817,23.561137191489237,1.247200000133972,0.7247038871593405,0.8999999999999999,0.8052265412881562,1.8641016483306885,3.5,3.047117233276367,3.5,3.047117233276367,0,head_on,risky,0.4198236296568688,3.141592653589793
6,C4,8.97024145611647,23.56113719149012,1.247200000135882,9.485517153983414,24.009241834340724,0.2424000000590043,0.6828666163728716,0.8999999999999999,0.7587406848587464,1.864982008934021,3.5,3.155179977416992,3.5,3.155179977416992,0,head_on,risky,0.4198236296568688,3.141592653589793
7,C0,9.485517153984489,24.009241834340386,0.24240000006066972,9.9798095271885,24.504755050056094,1.2728000001308892,0.6998987763645361,0.8999999999999999,0.7776653070717069,1.8542386293411255,3.3675713539123535,2.767199993133545,3.5,2.767199993133545,0,same_direction_slow,risky,0.09511918327122522,0.0
7,C1,9.979809527190218,24.504755050058318,1.2728000001365736,9.997444228166135,25.230409001211257,1.791200000173796,0.7258681970594812,0.8999999999999999,0.8065202189549793,1.8476873636245728,3.0761208534240723,3.5,3.5,3.0761208534240723,0,same_direction_slow,risky,0.09511918327122522,0.0
7,C2,9.997444228166257,25.230409001211914,1.7912000001751727,9.837411790195834,25.944701391481818,1.7912000001774155,0.7320000000001708,0.8999999999999999,0.8133333333335232,1.8556723594665527,2.9543521404266357,3.13415789604187,3.5,2.9543521404266357,0,same_direction_slow,risky,0.09511918327122522,0.0
7,C3,9.837411790196004,25.944701391482635,1.7912000001792583,9.874677119800392,26.664948250521892,1.2760000001418392,0.7212102625077094,0.8999999999999999,0.8013447361196772,1.8637001514434814,3.5,3.061145305633545,3.5,3.061145305633545,0,same_direction_slow,risky,0.09511918327122522,0.0
7,C4,9.874677119800811,26.66494825052288,1.2760000001434824,10.396561784884387,27.132901910557397,0.244000000074549,0.7009595078098996,0.8999999999999999,0.7788438975665551,1.855802297592163,3.5,3.1592447757720947,3.5,3.1592447757720947,0,same_direction_slow,risky,0.09511918327122522,0.0
8,C0,10.396561784885208,27.132901910557077,0.24400000007614775,10.886094414011996,27.61661552063534,1.256800000138134,0.6882013161530064,0.8999999999999999,0.764668129058896,1.8553621768951416,3.3764524459838867,2.716284990310669,3.5,2.716284990310669,0,diagonal_cross,risky,0.3853180220508466,-1.8320419773947634
8,C1,10.886094414012055,27.616615520634955,1.256800000127165,10.921351733845649,28.31128030334451,1.7544000001774895,0.6955589399459704,0.8999999999999999,0.7728432666066338,1.8649770021438599,3.1114084720611572,3.5,3.5,3.1114084720611572,0,diagonal_cross,risky,0.3853180220508466,-1.8320419773947634
8,C2,10.921351733845825,28.31128030334356,1.754400000179177,10.792965799275366,29.002661017422838,1.754400000166121,0.7031999999973726,0.8999999999999999,0.7813333333304141,1.8562959432601929,2.9860949516296387,3.168123960494995,3.5,2.9860949516296387,0,diagonal_cross,risky,0.3853180220508466,-1.8320419773947634
8,C3,10.792965799275203,29.00266101742373,1.7544000001647444,10.849446520138082,29.699435658716165,1.2544000001171487,0.6990600636407381,0.8999999999999999,0.7767334040452647,1.858877182006836,3.476801633834839,3.068497657775879,3.5,3.068497657775879,0,diagonal_cross,risky,0.3853180220508466,-1.8320419773947634
8,C4,10.849446520137699,29.699435658714993,1.2544000001183475,11.356835108232668,30.150038085219773,0.25600000005384427,0.678590985867777,0.8999999999999999,0.7539899842975301,1.8626439571380615,3.5,3.155557870864868,3.5,3.155557870864868,0,diagonal_cross,risky,0.3853180220508466,-1.8320419773947634
9,C0,11.356835108231675,30.150038085219514,0.2560000000544216,11.87127046603107,30.793462516274936,1.478400000149791,0.8237953239932758,0.8999999999999999,0.9153281377703065,1.8538600206375122,3.368781566619873,2.6173975467681885,3.5,2.6173975467681885,0,static_center,risky,0.0,0.0
9,C1,11.871270466030973,30.793462516273877,1.4784000001513011,11.67468431499159,31.635507942662226,2.0928000002146208,0.8646887387274199,0.8999999999999999,0.9607652652526889,1.8573960065841675,3.0913679599761963,3.5,3.5,3.0913679599761963,0,static_center,risky,0.0,0.0
9,C2,11.674684314992913,31.63550794265993,2.0928000002183955,11.236698294090756,32.39692425814924,2.092800000195836,0.8783999999994426,0.8999999999999999,0.9759999999993808,1.8658936023712158,2.8404037952423096,2.9613475799560547,3.5,2.8404037952423096,0,static_center,risky,0.0,0.0
9,C3,11.236698294091333,32.39692425814824,2.092800000197479,11.064155305051056,33.238357840918624,1.482400000136006,0.8589421152096105,0.8999999999999999,0.9543801280106784,1.8509628772735596,3.5,2.993955135345459,3.5,2.993955135345459,0,static_center,risky,0.0,0.0
9,C4,11.064155305050951,33.23835784091744,1.482400000137605,11.616226719403445,33.853837851194314,0.2552000000475596,0.826800150940713,0.8999999999999999,0.9186668343785701,1.8590954542160034,3.5,3.1502676010131836,3.5,3.1502676010131836,0,static_center,risky,0.0,0.0
10,C0,11.616226719402265,33.85383785119401,0.2552000000484034,12.118940699609425,34.415002125815334,1.3672000001371343,0.753410040420888,0.8999999999999999,0.83712226713432,1.8558851480484009,3.39298677444458,2.654306411743164,3.5,2.654306411743164,0,head_on,risky,0.31445142910896934,3.141592653589793
10,C1,12.118940699609166,34.41500212581409,1.3672000001388664,12.070309741843273,35.13223594407879,1.8808000001920935,0.718880602127914,0.8999999999999999,0.7987562245865713,1.8572261333465576,3.1207454204559326,3.5,3.5,3.1207454204559326,0,head_on,risky,0.31445142910896934,3.141592653589793
10,C2,12.070309741844373,35.13223594407537,1.880800000197156,11.851031079375666,35.81677250861034,1.8808000001797032,0.7187999999995884,0.8999999999999999,0.7986666666662094,1.8429951667785645,2.9654626846313477,3.147249698638916,3.5,2.9654626846313477,0,head_on,risky,0.31445142910896934,3.141592653589793
10,C3,11.851031079376392,35.816772508608075,1.8808000001830785,11.82036813763893,36.5209983020871,1.3768000001362113,0.7048930303224443,0.8999999999999999,0.7832144781360493,1.8595820665359497,3.5,3.072843313217163,3.5,3.072843313217163,0,head_on,risky,0.31445142910896934,3.141592653589793
10,C4,11.820368137638708,36.52099830208596,1.3768000001378546,12.355530062153878,37.05864201473855,0.25680000005018133,0.7585901707810668,0.8999999999999999,0.8428779675345188,1.863936424255371,3.5,3.147526264190674,3.5,3.147526264190674,0,head_on,risky,0.31445142910896934,3.141592653589793
11,C0,12.355530062152479,37.05864201473818,0.25680000005217973,12.842636044321932,37.561221420658555,1.2872000001328798,0.6998987763387942,0.8999999999999999,0.7776653070431047,1.8560672998428345,3.390756130218506,2.7078347206115723,3.5,2.7078347206115723,0,safe_far,safe,0.0893000390144047,0.0
11,C1,12.842636044321639,37.56122142065754,1.287200000135367,12.85727033788443,38.254291235732374,1.783200000184668,0.6932243007252045,0.8999999999999999,0.770249223028005,1.8680386543273926,3.1206555366516113,3.5,3.5,3.1206555366516113,0,safe_far,safe,0.0893000390144047,0.0
11,C2,12.85727033788469,38.25429123573116,1.7832000001868442,12.710040520544796,38.936996106729694,1.7832000001705905,0.6983999999993306,0.8999999999999999,0.7759999999992563,1.8437905311584473,2.9923315048217773,3.1575632095336914,3.5,2.9923315048217773,0,safe_far,safe,0.0893000390144047,0.0
11,C3,12.710040520545485,38.936996106726504,1.7832000001752533,12.782038589930057,39.74084890634008,1.2088000001266286,0.8070706570317646,0.8999999999999999,0.8967451744797386,1.8487554788589478,3.4875733852386475,2.9962563514709473,3.5,2.9962563514709473,0,safe_far,safe,0.0893000390144047,0.0
11,C4,12.78203858992971,39.74084890633916,1.2088000001280055,13.298894870624054,40.16552247178787,0.22480000006040785,0.6689454776617498,0.8999999999999999,0.7432727529574998,1.8494797945022583,3.5,3.1672565937042236,3.5,3.1672565937042236,0,safe_far,safe,0.0893000390144047,0.0
12,C0,13.298894870623101,40.16552247178765,0.22480000006178447,13.792783919586626,40.62618650026849,1.218400000138895,0.6753797004813606,0.8999999999999999,0.7504218894237341,1.8625729084014893,3.404346227645874,2.7345471382141113,3.5,2.7345471382141113,0,safe_side,safe,0.0891525847076848,0.0
12,C1,13.792783919586272,40.62618650026753,1.2184000001410713,13.849249508437591,41.35335791946496,1.7392000001925956,0.729360429158269,0.8999999999999999,0.8104004768425213,1.8474887609481812,3.10528826713562,3.5,3.5,3.10528826713562,0,safe_side,safe,0.0891525847076848,0.0
12,C2,13.849249508438024,41.353357919462425,1.739200000196237,13.705240011141086,42.20040331652667,1.739200000175587,0.8591999999996723,0.8999999999999999,0.9546666666663027,1.854174256324768,2.852388858795166,2.9810798168182373,3.5,2.852388858795166,0,safe_side,safe,0.0891525847076848,0.0
12,C3,13.705240011141251,42.2004033165257,1.7392000001769192,13.785689383399905,42.933507226654164,1.2128000001280315,0.7375048776397707,0.8999999999999999,0.8194498640441897,1.8578537702560425,3.4539544582366943,3.0353481769561768,3.5,3.0353481769561768,0,safe_side,safe,0.0891525847076848,0.0
12,C4,13.785689383399523,42.93350722665315,1.2128000001295414,14.340811606748074,43.36841348411935,0.17440000005607195,0.705197940750466,0.8999999999999999,0.7835532675005179,1.8693009614944458,3.5,3.1680378913879395,3.5,3.1680378913879395,0,safe_side,safe,0.0891525847076848,0.0
13,C0,14.340811606746694,43.3684134841191,0.17440000005780387,14.904034189279479,43.95714250883328,1.3824000001504944,0.8147524421662106,0.8999999999999999,0.9052804912957896,1.8557372093200684,3.3896830081939697,2.6457154750823975,3.5,2.6457154750823975,0,static_center,risky,0.0,0.0
13,C1,14.904034189279242,43.95714250883203,1.3824000001523598,14.797849413945878,44.79442099167484,1.9824000002111797,0.8439848721062236,0.8999999999999999,0.9377609690069153,1.864785075187683,3.0904438495635986,3.5,3.5,3.0904438495635986,0,static_center,risky,0.0,0.0
13,C2,14.79784941394628,44.79442099167392,1.9824000002125564,14.454581136804185,45.580761178810775,1.982400000190574,0.8579999999991437,0.8999999999999999,0.9533333333323819,1.839248776435852,2.8559212684631348,2.964478015899658,3.5,2.8559212684631348,0,static_center,risky,0.0,0.0
13,C3,14.454581136805528,45.580761178807705,1.9824000001952369,14.373471457401441,46.424309264790104,1.3800000001491375,0.8474385838853464,0.8999999999999999,0.941598426539274,1.8457937240600586,3.4719085693359375,2.97847056388855,3.5,2.97847056388855,0,static_center,risky,0.0,0.0
13,C4,14.373471457400829,46.42430926478693,1.3800000001536672,14.972538171746944,46.978008017866365,0.1704000000627071,0.8157593011416874,0.8999999999999999,0.9063992234907639,1.845497488975525,3.5,3.149357795715332,3.5,3.149357795715332,0,static_center,risky,0.0,0.0
14,C0,14.972538171745983,46.978008017866195,0.17040000006408373,15.495404030999234,47.42219449539039,1.180000000141921,0.6860687528141736,0.8999999999999999,0.7622986142379707,1.8598381280899048,3.3966176509857178,2.7334325313568115,3.5,2.7334325313568115,0,cross_left_to_right,risky,0.4429286846125313,1.5707963267948966
14,C1,15.495404030998797,47.422194495389334,1.180000000144319,15.558439477570357,48.269593602756935,1.7840000002070735,0.8497403807586655,0.8999999999999999,0.9441559786207396,1.8651834726333618,3.0979347229003906,3.5,3.5,3.0979347229003906,0,cross_left_to_right,risky,0.4429286846125313,1.5707963267948966
14,C2,15.558439477570651,48.26959360275559,1.7840000002089829,15.407616617015622,48.96625442749967,1.7840000001906862,0.7127999999993702,0.8999999999999999,0.7919999999993003,1.8570705652236938,2.9581077098846436,3.141901731491089,3.5,2.9581077098846436,0,cross_left_to_right,risky,0.4429286846125313,1.5707963267948966
14,C3,15.407616617015885,48.966254427498455,1.784000000192463,15.44584982489041,49.67244564026336,1.278400000153632,0.7072254288207871,0.8999999999999999,0.7858060320230968,1.8542900085449219,3.5,3.0642120838165283,3.5,3.0642120838165283,0,cross_left_to_right,risky,0.4429286846125313,1.5707963267948966
14,C4,15.44584982489066,49.672445640264186,1.2784000001488807,15.992320568499629,50.14763792206168,0.21120000007751383,0.7241809016402267,0.8999999999999999,0.8046454462669187,1.8508211374282837,3.5,3.1625945568084717,3.5,3.1625945568084717,0,cross_left_to_right,risky,0.4429286846125313,1.5707963267948966
15,C0,15.992320568495094,50.14763792206071,0.21120000008395315,16.507082528414873,50.64344793922821,1.2640000001614338,0.7147079462998078,0.8999999999999999,0.7941199403331198,1.855679988861084,3.397490978240967,2.6983563899993896,3.5,2.6983563899993896,0,cross_right_to_left,risky,0.3750269521043458,-1.5707963267948966
15,C1,16.50708252841389,50.64344793922509,1.2640000001660079,16.53501451022444,51.35012156373127,1.7696000002045276,0.7072254288277303,0.8999999999999999,0.7858060320308116,1.8430123329162598,3.074219226837158,3.5,3.5,3.074219226837158,0,cross_right_to_left,risky,0.3750269521043458,-1.5707963267948966
15,C2,16.535014510224904,51.350121563728955,1.7696000002078138,16.395897828248458,52.04064738424259,1.7696000001896508,0.7044000000001167,0.8999999999999999,0.7826666666667964,1.8666293621063232,2.9803719520568848,3.1617000102996826,3.5,2.9803719520568848,0,cross_right_to_left,risky,0.3750269521043458,-1.5707963267948966
15,C3,16.395897828248653,52.04064738424162,1.7696000001910273,16.490104464645302,52.8712434672221,1.1752000001341,0.8359214935648459,0.8999999999999999,0.9288016595164955,1.8460556268692017,3.4801692962646484,2.9882678985595703,3.5,2.9882678985595703,0,cross_right_to_left,risky,0.3750269521043458,-1.5707963267948966
15,C4,16.490104464644745,52.87124346722076,1.1752000001360097,17.03864669853766,53.281522518945984,0.16720000006421382,0.6850018121499988,0.8999999999999999,0.7611131246111098,1.8452589511871338,3.5,3.184532642364502,3.5,3.184532642364502,0,cross_right_to_left,risky,0.3750269521043458,-1.5707963267948966
16,C0,17.038646698536294,53.281522518945756,0.1672000000649243,17.56964103968334,53.74073575495755,1.2008000001455388,0.7020197906459669,0.8999999999999999,0.7800219896066299,1.8626132011413574,3.383380651473999,2.669275999069214,3.5,2.669275999069214,0,head_on,risky,0.28022021165637745,3.141592653589793
16,C1,17.56964103968294,53.740735754956525,1.2008000001471373,17.61804242001533,54.576409055707465,1.796000000206619,0.8370738075020938,0.8999999999999999,0.9300820083356599,1.8583439588546753,3.1066932678222656,3.5,3.5,3.1066932678222656,0,head_on,risky,0.28022021165637745,3.141592653589793
16,C2,17.618042420015605,54.57640905570627,1.7960000002085732,17.461282382205653,55.26068260520542,1.7960000001924081,0.7019999999988161,0.8999999999999999,0.7799999999986846,1.8462753295898438,2.9955687522888184,3.166956901550293,3.5,2.9955687522888184,0,head_on,risky,0.28022021165637745,3.141592653589793
16,C3,17.461282382205987,55.26068260520395,1.7960000001945398,17.48841161387552,55.958048241930214,1.296800000146967,0.6978931340095073,0.8999999999999999,0.7754368155661192,1.8607251644134521,3.483503580093384,3.068373680114746,3.5,3.068373680114746,0,head_on,risky,0.28022021165637745,3.141592653589793
16,C4,17.488411613875204,55.95804824192909,1.296800000148122,17.979687805927163,56.43080262882678,0.2936000000813488,0.6817983625736316,0.8999999999999999,0.7575537361929241,1.8536937236785889,3.5,3.170527696609497,3.5,3.170527696609497,0,head_on,risky,0.28022021165637745,3.141592653589793
17,C0,17.979687805926062,56.430802628826456,0.29360000008205933,18.44797324812093,56.9509632210804,1.3240000001402885,0.6998987763281331,0.8999999999999999,0.7776653070312591,1.8528400659561157,3.404062032699585,2.6519179344177246,3.5,2.6519179344177246,0,same_direction_slow,risky,0.15274287053348828,0.0
17,C1,18.447973248120583,56.95096322107903,1.3240000001424201,18.40972050626778,57.73859845089539,1.8856000001645201,0.788563584948688,0.8999999999999999,0.8761817610540978,1.8703463077545166,3.109813928604126,3.5,3.5,3.109813928604126,0,same_direction_slow,risky,0.15274287053348828,0.0
17,C2,18.40972050626821,57.73859845089405,1.8856000001664743,18.166351484539717,58.485972198932885,1.885600000168606,0.7859999999966261,0.8999999999999999,0.8733333333295846,1.8506001234054565,2.918243408203125,3.0592663288116455,3.5,2.918243408203125,0,same_direction_slow,risky,0.15274287053348828,0.0
17,C3,18.166351484540144,58.48597219893158,1.8856000001706485,18.151285722699097,59.27554970979828,1.3232000001539435,0.7897212310975971,0.8999999999999999,0.8774680345528857,1.8544973134994507,3.4766173362731934,3.0195751190185547,3.5,3.0195751190185547,0,same_direction_slow,risky,0.15274287053348828,0.0
17,C4,18.151285722698834,59.27554970979723,1.3232000001555424,18.760584947053392,59.791759016193865,0.14080000008459329,0.7985722214111624,0.8999999999999999,0.8873024682346249,1.871154546737671,3.5,3.1503162384033203,3.5,3.1503162384033203,0,same_direction_slow,risky,0.15274287053348828,0.0
18,C0,18.760584947052184,59.79175901619369,0.14080000008548146,19.305355161482566,60.24122931285846,1.1808000001498486,0.7062564223527047,0.8999999999999999,0.7847293581696719,1.845292329788208,3.3937366008758545,2.7107036113739014,3.5,2.7107036113739014,0,diagonal_cross,risky,0.26097126994618786,1.5847638611178576
18,C1,19.305355161482026,60.24122931285715,1.1808000001519803,19.393382819938736,60.93001878061056,1.67760000016822,0.6943916758871724,0.8999999999999999,0.7715463065413027,1.8417048454284668,3.106966495513916,3.5,3.5,3.106966495513916,0,diagonal_cross,risky,0.26097126994618786,1.5847638611178576
18,C2,19.393382819938644,60.93001878061143,1.6776000001706182,19.30831543168447,61.7234717026249,1.6776000001731939,0.7979999999975586,0.8999999999999999,0.886666666663954,1.8577101230621338,2.912959337234497,3.0549752712249756,3.5,2.912959337234497,0,diagonal_cross,risky,0.26097126994618786,1.5847638611178576
18,C3,19.30831543168476,61.723471702622184,1.6776000001767466,19.437681853522612,62.45898725972666,1.1448000001518333,0.7468057350086693,0.8999999999999999,0.8297841500096327,1.8651782274246216,3.466339588165283,3.0292396545410156,3.5,3.0292396545410156,0,diagonal_cross,risky,0.26097126994618786,1.5847638611178576
18,C4,19.437681853521244,62.45898725972364,1.1448000001564518,20.013916465291505,62.85437018687738,0.11600000004186928,0.6988375969327085,0.8999999999999999,0.7764862188141206,1.8492486476898193,3.5,3.1590213775634766,3.5,3.1590213775634766,0,diagonal_cross,risky,0.26097126994618786,1.5847638611178576
19,C0,20.013916465290535,62.854370186877276,0.11600000004311276,20.609951064106376,63.40689570578615,1.320800000115594,0.8127371604836825,0.8999999999999999,0.903041289426314,1.8566373586654663,3.390716075897217,2.6352667808532715,3.5,2.6352667808532715,0,static_center,risky,0.0,0.0
19,C1,20.60995106410607,63.406895705784954,1.320800000118081,20.54753081110105,64.27048041306536,1.9360000001418112,0.8658376491200814,0.8999999999999999,0.9620418323556461,1.8452835083007812,3.0920865535736084,3.5,3.5,3.0920865535736084,0,static_center,risky,0.0,0.0
19,C2,20.547530811101506,64.27048041306416,1.93600000014341,20.233819436344007,65.0909508472322,1.936000000145719,0.8783999999977888,0.8999999999999999,0.9759999999975433,1.8349722623825073,2.848051071166992,2.9595084190368652,3.5,2.848051071166992,0,static_center,risky,0.0,0.0
19,C3,20.233819436344483,65.09095084723094,1.936000000147584,20.195962641360737,65.95366033440801,1.322400000127275,0.8635396899921659,0.8999999999999999,0.9594885444357399,1.8427300453186035,3.4653162956237793,2.97464919090271,3.5,2.97464919090271,0,static_center,risky,0.0,0.0
19,C4,20.1959626413601,65.95366033440551,1.3224000001307392,20.819952162305775,66.4712544504402,0.12080000003463542,0.8107197982063473,0.8999999999999999,0.9007997757848304,1.8640586137771606,3.5,3.14448881149292,3.5,3.14448881149292,0,static_center,risky,0.0,0.0
20,C0,20.819952162304812,66.47125445044007,0.1208000000359677,21.405465344534246,66.9976852575302,1.2856000001054337,0.7873722634294377,0.8999999999999999,0.874858070477153,1.8512953519821167,3.373924970626831,2.6354944705963135,3.5,2.6354944705963135,0,head_on,risky,0.21885563954862988,3.141592653589793
20,C1,21.405465344533887,66.99768525752896,1.2856000001072099,21.39682176146025,67.78851677377229,1.848800000129267,0.7908787508917373,0.8999999999999999,0.878754167657486,1.8535484075546265,3.0890209674835205,3.5,3.5,3.0890209674835205,0,head_on,risky,0.21885563954862988,3.141592653589793
20,C2,21.396821761460625,67.78851677377098,1.8488000001311324,21.155756723534648,68.6331907981637,1.8488000001328198,0.8783999999966079,0.8999999999999999,0.9759999999962311,1.865039587020874,2.8398401737213135,2.9540212154388428,3.5,2.8398401737213135,0,head_on,risky,0.21885563954862988,3.141592653589793
20,C3,21.155756723535603,68.63319079816033,1.8488000001373495,21.146044348501693,69.33101634675583,1.3496000001222843,0.6978931340122313,0.8999999999999999,0.775436815569146,1.847529411315918,3.48124623298645,3.0758728981018066,3.5,3.0758728981018066,0,head_on,risky,0.21885563954862988,3.141592653589793
20,C4,21.146044348501395,69.33101634675452,1.3496000001241495,21.620736447762532,69.83224069132626,0.3336000000607386,0.6903321176740327,0.8999999999999999,0.7670356863044808,1.8585753440856934,3.5,3.1659085750579834,3.5,3.1659085750579834,0,head_on,risky,0.21885563954862988,3.141592653589793
21,C0,21.620736447761256,69.83224069132582,0.3336000000623374,22.07810490616778,70.43224437435984,1.4472000001289986,0.7544470335282302,0.8999999999999999,0.8382744816980336,1.8459818363189697,3.3587098121643066,2.669682741165161,3.5,2.669682741165161,0,safe_far,safe,0.0940244713091199,3.141592653589793
21,C1,22.0781049061676,70.43224437435839,1.4472000001308638,21.90674908849124,71.2821282710781,2.0632000001533735,0.8669864209749776,0.8999999999999999,0.9633182455277529,1.8609554767608643,3.091510057449341,3.5,3.5,3.091510057449341,0,safe_far,safe,0.0940244713091199,3.141592653589793
21,C2,21.906749088491885,71.28212827107689,2.0632000001553275,21.547651708033964,71.95148709214523,2.0632000001578144,0.7595999999958815,0.8999999999999999,0.843999999995424,1.856654405593872,2.9306323528289795,3.089782476425171,3.5,2.9306323528289795,0,safe_far,safe,0.0940244713091199,3.141592653589793
21,C3,21.547651708034575,71.95148709214408,2.0632000001595907,21.390227990594262,72.66246379327198,1.5432000001385096,0.7281964682415354,0.8999999999999999,0.8091071869350394,1.8619650602340698,3.5,3.051417827606201,3.5,3.051417827606201,0,safe_far,safe,0.0940244713091199,3.141592653589793
21,C4,21.39022799059423,72.66246379327085,1.5432000001398416,21.823485569938455,73.27883588780713,0.43120000007526926,0.7534100404044723,0.8999999999999999,0.8371222671160805,1.8544113636016846,3.5,3.1317317485809326,3.5,3.1317317485809326,0,safe_far,safe,0.0940244713091199,3.141592653589793
22,C0,21.82348556993509,73.27883588780557,0.43120000008006537,22.218985067107873,73.89298116967225,1.508000000194607,0.7304753791217276,0.8999999999999999,0.8116393101352529,1.8477174043655396,3.376397132873535,2.6815602779388428,3.5,2.6815602779388428,0,safe_side,safe,0.052033353588267356,0.0
22,C1,22.218985067107663,73.89298116966899,1.508000000199137,22.029150386708917,74.67502972783215,2.080800000261438,0.8047590653153186,0.8999999999999999,0.894176739239243,1.8358359336853027,3.0948195457458496,3.5,3.5,3.0948195457458496,0,safe_side,safe,0.052033353588267356,0.0
22,C2,22.029150386709397,74.6750297278313,2.0808000002626814,21.672973928272526,75.3117828121978,2.0808000002646354,0.7295999999964963,0.8999999999999999,0.8106666666627738,1.8634333610534668,2.956960678100586,3.145292043685913,3.5,2.956960678100586,0,safe_side,safe,0.052033353588267356,0.0
22,C3,21.672973928273088,75.31178281219681,2.0808000002661453,21.50313417848471,75.9838798219441,1.5848000002532148,0.6932243007277135,0.8999999999999999,0.7702492230307928,1.8654361963272095,3.5,3.07851243019104,3.5,3.07851243019104,0,safe_side,safe,0.052033353588267356,0.0
22,C4,21.503134178484725,75.98387982194279,1.5848000002548137,21.943908728242025,76.63384901694783,0.4232000001859726,0.785329331025687,0.8999999999999999,0.8725881455840968,1.850302815437317,3.5,3.1550405025482178,3.5,3.1550405025482178,0,safe_side,safe,0.052033353588267356,0.0
23,C0,21.94390872824109,76.63384901694741,0.4232000001865943,22.34509405652792,77.33834665611874,1.6248000002579177,0.8107197982229105,0.8999999999999999,0.900799775803234,1.8483810424804688,3.339656352996826,2.6677074432373047,3.5,2.6677074432373047,0,static_center,risky,0.0,0.0
23,C1,22.345094056527984,77.33834665611755,1.624800000260227,22.028518598405608,78.14176483832823,2.2384000002842663,0.8635396899923601,0.8999999999999999,0.9594885444359558,1.847981572151184,3.1068201065063477,3.5,3.5,3.1068201065063477,0,static_center,risky,0.0,0.0
23,C2,22.02851859840851,78.14176483832452,2.238400000290217,21.498811578964492,78.81367393464892,2.238400000288263,0.8556000001003595,0.8999999999999999,0.9506666667781773,1.8539581298828125,2.8419249057769775,2.976614475250244,3.5,2.8419249057769775,0,static_center,risky,0.0,0.0
23,C3,21.498811578965093,78.81367393464815,2.2384000002895954,21.206747922328137,79.60919324549401,1.636000000269342,0.8474385838848877,0.8999999999999999,0.9415984265387642,1.8497049808502197,3.478271961212158,2.9853625297546387,3.5,2.9853625297546387,0,static_center,risky,0.0,0.0
23,C4,21.20674792232822,79.6091932454928,1.6360000002710295,21.659254700209388,80.30236827319439,0.40720000019768054,0.8278007024987903,0.8999999999999999,0.9197785583319894,1.8706806898117065,3.5,3.148122787475586,3.5,3.148122787475586,0,static_center,risky,0.0,0.0
24,C0,21.659254700208262,80.3023682731939,0.40720000019927927,22.069273389539344,80.90565021408142,1.4824000002638593,0.729427464386818,0.8999999999999999,0.8104749604297979,1.8437025547027588,3.363295078277588,2.6871960163116455,3.5,2.6871960163116455,0,cross_left_to_right,risky,0.41772418155493496,1.5707963267948966
24,C1,22.06927338953923,80.90565021408014,1.482400000265547,21.884703837138964,81.71975919959793,2.076000000289455,0.8347690458887663,0.8999999999999999,0.9275211620986293,1.8452903032302856,3.1054060459136963,3.5,3.5,3.1054060459136963,0,cross_left_to_right,risky,0.41772418155493496,1.5707963267948966
24,C2,21.884703837139607,81.71975919959677,2.0760000002911427,21.53971884432424,82.34351331359436,2.076000000292919,0.7127999999977125,0.8999999999999999,0.7919999999974584,1.8607420921325684,2.9879567623138428,3.1519112586975098,3.5,2.9879567623138428,0,cross_left_to_right,risky,0.41772418155493496,1.5707963267948966
24,C3,21.53971884432489,82.34351331359318,2.0760000002947843,21.373049438625234,83.03441760809048,1.5680000002803542,0.7107231774404787,0.8999999999999999,0.7896924193783098,1.8489772081375122,3.5,3.0803208351135254,3.5,3.0803208351135254,0,cross_left_to_right,risky,0.41772418155493496,1.5707963267948966
24,C4,21.373049438625234,83.03441760808936,1.5680000002815087,21.726844901920934,83.62595601026648,0.5536000002277364,0.6892669374769701,0.8999999999999999,0.7658521527521891,1.8468302488327026,3.5,3.1597518920898438,3.5,3.1597518920898438,0,cross_left_to_right,risky,0.41772418155493496,1.5707963267948966
25,C0,21.72684490191998,83.6259560102659,0.5536000002284469,22.045695936105634,84.24662123621823,1.5808000002927125,0.697775970285397,0.8999999999999999,0.7753066336504412,1.8609063625335693,3.390892505645752,2.7025306224823,3.5,2.7025306224823,0,cross_right_to_left,risky,0.3656152006460071,-1.5707963267948966
25,C1,22.045695936105645,84.24662123621712,1.5808000002951108,21.828383159964254,84.96717958588155,2.117600000315698,0.7526148935181953,0.8999999999999999,0.8362387705757727,1.8566516637802124,3.1011760234832764,3.5,3.5,3.1011760234832764,0,cross_right_to_left,risky,0.3656152006460071,-1.5707963267948966
25,C2,21.828383159964993,84.96717958588034,2.1176000003175632,21.465243363539358,85.5637464708548,2.1176000003189843,0.6983999999972585,0.8999999999999999,0.775999999996954,1.8633613586425781,2.99029803276062,3.1606526374816895,3.5,2.99029803276062,0,cross_right_to_left,risky,0.3656152006460071,-1.5707963267948966
25,C3,21.46524336353986,85.56374647085399,2.1176000003204054,21.270852432294703,86.22794132219731,1.6224000003151362,0.6920568146484365,0.8999999999999999,0.7689520162760406,1.8532564640045166,3.4598751068115234,3.0865817070007324,3.5,3.0865817070007324,0,cross_right_to_left,risky,0.3656152006460071,-1.5707963267948966
25,C4,21.27085243229467,86.22794132219803,1.6224000003122943,21.630157379669306,86.86273607686189,0.5472000002408749,0.7294274643558721,0.8999999999999999,0.8104749603954136,1.856505274772644,3.5,3.148874282836914,3.5,3.148874282836914,0,cross_right_to_left,risky,0.3656152006460071,-1.5707963267948966
26,C0,21.63015737966836,86.86273607686131,0.5472000002422961,21.95292849260535,87.48734776957788,1.5824000003003968,0.7030796242424043,0.8999999999999999,0.7811995824915604,1.845010757446289,3.3881752490997314,2.7601253986358643,3.5,2.7601253986358643,0,head_on,risky,0.35642618758254574,3.141592653589793
26,C1,21.95292849260539,87.48734776957431,1.582400000305637,21.750450401794556,88.18076549890974,2.0984000003530716,0.7223749197024313,0.8999999999999999,0.8026387996693681,1.8657599687576294,3.098706007003784,3.5,3.5,3.098706007003784,0,head_on,risky,0.35642618758254574,3.141592653589793
26,C2,21.750450401795753,88.18076549890768,2.09840000035618,21.38433114514321,88.80907794499105,2.0984000003584002,0.727199999996616,0.8999999999999999,0.8079999999962401,1.8493754863739014,2.9540390968322754,3.1390647888183594,3.5,2.9540390968322754,0,head_on,risky,0.35642618758254574,3.141592653589793
26,C3,21.38433114514386,88.80907794498991,2.098400000360088,21.20586957517235,89.63397911021023,1.4984000003367062,0.8439848721028987,0.8999999999999999,0.9377609690032209,1.8532676696777344,3.5,2.9979679584503174,3.5,2.9979679584503174,0,head_on,risky,0.35642618758254574,3.141592653589793
26,C4,21.205869575172088,89.6339791102066,1.4984000003412359,21.592533166386303,90.19553077697651,0.4952000002454194,0.6817983625843819,0.8999999999999999,0.7575537362048688,1.8532514572143555,3.5,3.169645309448242,3.5,3.169645309448242,0,head_on,risky,0.35642618758254574,3.141592653589793
27,C0,21.59253316638545,90.19553077697606,0.4952000002467516,21.945570004515154,90.89245037701731,1.6504000003167407,0.7812374402179415,0.8999999999999999,0.8680416002421573,1.8499729633331299,3.386263608932495,2.6336095333099365,3.5,2.6336095333099365,0,same_direction_slow,risky,0.1137404591764812,0.0
27,C1,21.94557000451523,90.89245037701635,1.6504000003179842,21.694420582393438,91.57348533005866,2.16880000033822,0.7258681970560885,0.8999999999999999,0.8065202189512095,1.862304925918579,3.112647533416748,3.5,3.5,3.112647533416748,0,same_direction_slow,risky,0.1137404591764812,0.0
27,C2,21.69442058239418,91.57348533005758,2.1688000003400854,21.282309186638287,92.17845491399163,2.168800000342306,0.7319999999980931,0.8999999999999999,0.8133333333312146,1.8516618013381958,2.97649884223938,3.1469297409057617,3.5,2.97649884223938,0,same_direction_slow,risky,0.1137404591764812,0.0
27,C3,21.282309186638873,92.17845491399076,2.1688000003435493,21.046444033424756,93.0091584866944,1.555200000324217,0.8635396899988511,0.8999999999999999,0.959488544443168,1.860545039176941,3.4857914447784424,2.9868078231811523,3.5,2.9868078231811523,0,same_direction_slow,risky,0.1137404591764812,0.0
27,C4,21.046444033424745,93.00915848669344,1.5552000003256383,21.486435476815547,93.63722791391241,0.4224000002651751,0.766853099142393,0.8999999999999999,0.8520589990471034,1.8599475622177124,3.5,3.1441080570220947,3.5,3.1441080570220947,0,same_direction_slow,risky,0.1137404591764812,0.0
28,C0,21.48643547681431,93.63722791391184,0.42240000026695157,21.88672519788183,94.3629542946739,1.65280000033857,0.8288007242554166,0.8999999999999999,0.9208896936171297,1.842383861541748,3.3553946018218994,2.630478858947754,3.5,2.630478858947754,0,diagonal_cross,risky,0.3786898327648379,-1.4504589016394513
28,C1,21.88672519788193,94.36295429467275,1.6528000003407906,21.652613117670228,95.01545062800986,2.1488000003599383,0.6932243007277124,0.8999999999999999,0.7702492230307916,1.8516336679458618,3.1027402877807617,3.5,3.5,3.1027402877807617,0,diagonal_cross,risky,0.3786898327648379,-1.4504589016394513
28,C2,21.652613117670835,95.01545062800892,2.1488000003618923,21.1733522718603,95.75015388897076,2.1488000003634022,0.8771999999971428,0.8999999999999999,0.9746666666634921,1.8546465635299683,2.8412413597106934,2.9461941719055176,3.5,2.8412413597106934,0,diagonal_cross,risky,0.3786898327648379,-1.4504589016394513
28,C3,21.173352271861024,95.75015388896963,2.1488000003651786,20.95578968742279,96.44387041547246,1.629600000349094,0.7270323908125339,0.8999999999999999,0.8078137675694822,1.858442783355713,3.5,3.0549049377441406,3.5,3.0549049377441406,0,diagonal_cross,risky,0.3786898327648379,-1.4504589016394513
28,C4,20.95578968742284,96.44387041547164,1.6296000003499822,21.27544333268603,97.05813745354783,0.6104000002914534,0.6924611519767335,0.8999999999999999,0.7694012799741484,1.8648520708084106,3.5,3.159775495529175,3.5,3.159775495529175,0,diagonal_cross,risky,0.3786898327648379,-1.4504589016394513
29,C0,21.275443332683942,97.05813745354637,0.6104000002940292,21.53821901862923,97.82615599807352,1.8136000003808528,0.8117287390881404,0.8999999999999999,0.9019208212090449,1.8567489385604858,3.3603460788726807,2.6243114471435547,3.5,2.6243114471435547,0,static_center,risky,0.0,0.0
29,C1,21.538219018629466,97.82615599807258,1.813600000382185,21.09001100759277,98.54400840698297,2.415200000405968,0.8462874819681062,0.8999999999999999,0.940319424409007,1.8712098598480225,3.093914270401001,3.5,3.5,3.093914270401001,0,static_center,risky,0.0,0.0
29,C2,21.090011007593517,98.54400840698231,2.4152000004078333,20.434238060797213,99.12662464623834,2.415200000410409,0.877199999997004,0.8999999999999999,0.9746666666633379,1.8562616109848022,2.843292236328125,2.974127769470215,3.5,2.843292236328125,0,static_center,risky,0.0,0.0
29,C3,20.434238060798137,99.12662464623752,2.4152000004120078,20.002602283410006,99.87587571935408,1.8008000004005575,0.8646887387307555,0.8999999999999999,0.960765265256395,1.8630383014678955,3.4971580505371094,2.9658143520355225,3.5,2.9658143520355225,0,static_center,risky,0.0,0.0
29,C4,20.00260228341106,99.8758757193496,1.8008000004059752,20.339303494500165,100.63648044520768,0.565600000259079,0.8317976043164136,0.8999999999999999,0.9242195603515707,1.8509849309921265,3.5,3.150850534439087,3.5,3.150850534439087,0,static_center,risky,0.0,0.0
30,C0,20.339303494499344,100.63648044520716,0.5656000002604112,20.650490805105637,101.26812449055468,1.6024000003241536,0.7041390077998574,0.8999999999999999,0.7823766753331749,1.8607820272445679,3.385327100753784,2.694570779800415,3.5,2.694570779800415,0,head_on,risky,0.2935770750458415,3.141592653589793
30,C1,20.650490805105672,101.2681244905536,1.6024000003263739,20.36767933029862,102.05720020039698,2.1984000003488413,0.8382259875161134,0.8999999999999999,0.9313622083512373,1.8557409048080444,3.075890302658081,3.5,3.5,3.075890302658081,0,head_on,risky,0.2935770750458415,3.141592653589793
30,C2,20.367679330300856,102.0572002003939,2.198400000353815,19.91388593799041,102.68273309089292,2.198400000354437,0.7728000000004487,0.8999999999999999,0.8586666666671653,1.8467919826507568,2.9273087978363037,3.0847017765045166,3.5,2.9273087978363037,0,head_on,risky,0.2935770750458415,3.141592653589793
30,C3,19.913885937990987,102.68273309089213,2.1984000003556803,19.659463190888875,103.39227369844102,1.6608000003417311,0.7537763647155769,0.8999999999999999,0.8375292941284188,1.857558012008667,3.5,3.023385763168335,3.5,3.023385763168335,0,head_on,risky,0.2935770750458415,3.141592653589793
30,C4,19.659463190888964,103.39227369844005,1.6608000003429748,19.96946995769084,104.02331788271329,0.6256000002881602,0.703079624202001,0.8999999999999999,0.7811995824466679,1.8768460750579834,3.5,3.1428701877593994,3.5,3.1428701877593994,0,head_on,risky,0.2935770750458415,3.141592653589793
31,C0,19.96946995768985,104.02331788271258,0.6256000002890482,20.24475381600072,104.6341731468897,1.6112000003426143,0.6700189224338495,0.8999999999999999,0.744465469370944,1.8650481700897217,3.38511061668396,2.6774487495422363,3.5,2.6774487495422363,0,safe_far,safe,0.12998384101228444,3.141592653589793
31,C1,20.24475381600077,104.63417314688839,1.6112000003448348,19.958565696537818,105.41589704659121,2.203200000366654,0.8324637500145784,0.8999999999999999,0.9249597222384205,1.8585528135299683,3.104907989501953,3.5,3.5,3.104907989501953,0,safe_far,safe,0.12998384101228444,3.141592653589793
31,C2,19.958565696538667,105.41589704659005,2.203200000368608,19.543623823992842,105.98213660932433,2.203200000370118,0.7019999999981097,0.8999999999999999,0.7799999999978997,1.858805537223816,2.980304479598999,3.1520988941192627,3.5,2.980304479598999,0,safe_far,safe,0.12998384101228444,3.141592653589793
31,C3,19.543623823993503,105.98213660932342,2.203200000371539,19.289353208485352,106.65703711816772,1.6880000003619644,0.7212102625096185,0.8999999999999999,0.8013447361217985,1.8730930089950562,3.448385238647461,3.043215274810791,3.5,3.043215274810791,0,safe_far,safe,0.12998384101228444,3.141592653589793
31,C4,19.289353208485455,106.65703711816688,1.6880000003627638,19.566048050171002,107.28366894570813,0.6800000003085538,0.6850018121896261,0.8999999999999999,0.7611131246551401,1.84266996383667,3.5,3.1486549377441406,3.5,3.1486549377441406,0,safe_far,safe,0.12998384101228444,3.141592653589793
32,C0,19.566048050168412,107.28366894570604,0.6800000003130835,19.808458851788128,107.90022206140883,1.6544000004275228,0.6624958424207098,0.8999999999999999,0.7361064915785666,1.8458930253982544,3.3431012630462646,2.7889037132263184,3.5,2.7889037132263184,0,safe_side,safe,0.2223843688020831,0.0
32,C1,19.80845885178821,107.90022206140786,1.6544000004288553,19.566690678596906,108.56235674154334,2.158400000448233,0.704893030328982,0.8999999999999999,0.7832144781433134,1.8614280223846436,3.0922250747680664,3.5,3.5,3.0922250747680664,0,safe_side,safe,0.2223843688020831,0.0
32,C2,19.566690678598317,108.56235674154121,2.1584000004519632,19.1223091115342,109.22950558763968,2.158400000453562,0.8015999999980542,0.8999999999999999,0.8906666666645048,1.844159483909607,2.9019477367401123,3.03600811958313,3.5,2.9019477367401123,0,safe_side,safe,0.2223843688020831,0.0
32,C3,19.12230911153604,109.22950558763692,2.1584000004581805,18.894690029791416,110.00622197221401,1.5824000003922345,0.8093817322158714,0.8999999999999999,0.8993130357954128,1.8689771890640259,3.4799697399139404,3.003337860107422,3.5,3.003337860107422,0,safe_side,safe,0.2223843688020831,0.0
32,C4,18.894690029791427,110.00622197221304,1.5824000003936556,19.234886046883513,110.59954564341032,0.5760000003361165,0.6839344331500938,0.8999999999999999,0.7599271479445487,1.8598166704177856,3.5,3.154259204864502,3.5,3.154259204864502,0,safe_side,safe,0.2223843688020831,0.0
33,C0,19.23488604688245,110.59954564340963,0.5760000003377153,19.521610395138605,111.36862197174389,1.7936000004105648,0.8207857520005024,0.8999999999999999,0.9119841688894472,1.84895658493042,3.368574857711792,2.669233798980713,3.5,2.669233798980713,0,static_center,risky,0.0,0.0
33,C1,19.52161039513884,111.36862197174285,1.793600000412341,19.080779530308185,112.10179013107617,2.401600000435864,0.8554924904682377,0.8999999999999999,0.9505472116313753,1.8488324880599976,3.085548162460327,3.5,3.5,3.085548162460327,0,static_center,risky,0.0,0.0
33,C2,19.080779530310124,112.1017901310744,2.4016000004395943,18.440966078976274,112.68598847709092,2.401600000441193,0.866399999997791,0.8999999999999999,0.9626666666642124,1.847377061843872,2.8605358600616455,2.976388692855835,3.5,2.8605358600616455,0,static_center,risky,0.0,0.0
33,C3,18.440966078976988,112.68598847709025,2.401600000442614,18.02271912643383,113.42699124956653,1.79680000042167,0.8508910753611,0.8999999999999999,0.9454345281790001,1.8554168939590454,3.472723960876465,2.9806294441223145,3.5,2.9806294441223145,0,static_center,risky,0.0,0.0
33,C4,18.022719126434055,113.42699124956559,1.7968000004229134,18.343349556122927,114.17380971452042,0.592000000359314,0.8127371604891438,0.8999999999999999,0.903041289432382,1.8560206890106201,3.5,3.139691114425659,3.5,3.139691114425659,0,static_center,risky,0.0,0.0
34,C0,18.34334955611977,114.1738097145183,0.5920000003642879,18.63204984647694,114.8719554924379,1.7072000004581733,0.7554835437514748,0.8999999999999999,0.8394261597238609,1.8565788269042969,3.3604321479797363,2.632688045501709,3.5,2.632688045501709,0,cross_left_to_right,risky,0.483639281128404,1.5707963267948966
34,C1,18.632049846477074,114.87195549243692,1.707200000459417,18.35351960025696,115.52329208770328,2.213600000437297,0.7083914584413117,0.8999999999999999,0.7871016204903464,1.8463213443756104,3.069497585296631,3.5,3.5,3.069497585296631,0,cross_left_to_right,risky,0.483639281128404,1.5707963267948966
34,C2,18.35351960025765,115.52329208770236,2.2136000004388956,17.83416313287942,116.21677447377098,2.2136000004442247,0.8663999999971277,0.8999999999999999,0.9626666666634753,1.849783182144165,2.849672794342041,2.9882047176361084,3.5,2.849672794342041,0,cross_left_to_right,risky,0.483639281128404,1.5707963267948966
34,C3,17.83416313288006,116.21677447377013,2.213600000445468,17.569627164386183,116.91640048874586,1.6800000004717797,0.7479678064314137,0.8999999999999999,0.8310753404793486,1.8499746322631836,3.4578864574432373,3.031008243560791,3.5,3.031008243560791,0,cross_left_to_right,risky,0.483639281128404,1.5707963267948966
34,C4,17.56962716438629,116.91640048874488,1.6800000004730233,17.867461488542546,117.55328012678899,0.6448000003796618,0.7030796242253121,0.8999999999999999,0.781199582472569,1.850938320159912,3.5,3.115318775177002,3.5,3.115318775177002,0,cross_left_to_right,risky,0.483639281128404,1.5707963267948966
35,C0,17.867461488541444,117.55328012678815,0.6448000003816157,18.103006589639534,118.33218931970103,1.8512000005116969,0.813745061708825,0.8999999999999999,0.9041611796764722,1.8481158018112183,3.368211030960083,2.6191234588623047,3.5,2.6191234588623047,0,cross_right_to_left,risky,0.29326882061032,-1.5707963267948966
35,C1,18.10300658964025,118.33218931969856,1.8512000005156048,17.70722618349376,118.96275270089421,2.382400000490912,0.7444812338765693,0.8999999999999999,0.827201370973966,1.8608496189117432,3.082693576812744,3.5,3.5,3.082693576812744,0,cross_right_to_left,risky,0.29326882061032,-1.5707963267948966
35,C2,17.707226183496164,118.96275270089194,2.3824000004953527,17.116176803762315,119.52360889537637,2.3824000004822077,0.8148000001075877,0.8999999999999999,0.9053333334528753,1.8647677898406982,2.871927499771118,3.03109073638916,3.5,2.871927499771118,0,cross_right_to_left,risky,0.29326882061032,-1.5707963267948966
35,C3,17.11617680376472,119.52360889537407,2.3824000004866486,16.753985875966464,120.11605934171033,1.8856000005232556,0.6943916758886104,0.8999999999999999,0.7715463065429005,1.8584963083267212,3.5,3.0635151863098145,3.5,3.0635151863098145,0,cross_right_to_left,risky,0.29326882061032,-1.5707963267948966
35,C4,16.753985875966762,120.1160593417094,1.8856000005246765,16.893183471212836,120.7736528164262,0.8968000004356693,0.6721645248839089,0.8999999999999999,0.7468494720932322,1.8529645204544067,3.5,3.159505605697632,3.5,3.159505605697632,0,cross_right_to_left,risky,0.29326882061032,-1.5707963267948966
36,C0,16.893183471210595,120.7736528164234,0.8968000004402876,16.948467348168016,121.54779265668462,2.0440000005729297,0.7761113317888886,0.8999999999999999,0.8623459242098763,1.8438570499420166,3.3630921840667725,2.648944139480591,3.5,2.648944139480591,0,head_on,risky,0.28617913243603066,3.141592653589793
36,C1,16.948467348169086,121.54779265668253,2.0440000005759495,16.46135091265109,122.07647677633068,2.5576000005530597,0.7188806021307682,0.8999999999999999,0.7987562245897425,1.8618319034576416,3.1000375747680664,3.5,3.5,3.1000375747680664,0,head_on,risky,0.28617913243603066,3.141592653589793
36,C2,16.461350912651906,122.07647677633014,2.557600000554303,15.778586047599326,122.52770919875277,2.557600000558744,0.8183999999973522,0.8999999999999999,0.9093333333303915,1.8635586500167847,2.8841817378997803,3.029470205307007,3.5,2.8841817378997803,0,head_on,risky,0.28617913243603066,3.141592653589793
36,C3,15.778586047600431,122.52770919875204,2.5576000005603428,15.259414373943434,123.17253396643262,1.9688000005867545,0.8278515614179471,0.8999999999999999,0.9198350682421635,1.8547974824905396,3.484705924987793,2.9904215335845947,3.5,2.9904215335845947,0,head_on,risky,0.28617913243603066,3.141592653589793
36,C4,15.259414373943883,123.17253396643154,1.9688000005881756,15.346843821291767,123.84439018966147,0.9720000004948526,0.6775209907865092,0.8999999999999999,0.7528011008738992,1.8636788129806519,3.5,3.144486904144287,3.5,3.144486904144287,0,head_on,risky,0.28617913243603066,3.141592653589793
37,C0,15.346843821291184,123.84439018966061,0.9720000004953856,15.373010210792597,124.56809820975148,2.0392000006040556,0.7241809016284423,0.8999999999999999,0.8046454462538248,1.8604239225387573,3.3959991931915283,2.684964895248413,3.5,2.684964895248413,0,same_direction_slow,risky,0.07449922950563453,0.0
37,C1,15.373010210793673,124.56809820974932,2.039200000607253,14.765033134008979,125.17321938519096,2.648800000586058,0.8577923774804321,0.8999999999999999,0.9531026416449246,1.8589608669281006,3.1042299270629883,3.5,3.5,3.1042299270629883,0,same_direction_slow,risky,0.07449922950563453,0.0
37,C2,14.765033134011132,125.1732193851898,2.6488000005892554,14.015465465731834,125.57572274004174,2.648800000592808,0.8507999999980803,0.8999999999999999,0.9453333333312004,1.8675328493118286,2.846642017364502,2.984642267227173,3.5,2.846642017364502,0,same_direction_slow,risky,0.07449922950563453,0.0
37,C3,14.015465465733937,125.57572274004062,2.6488000005960055,13.486887344496992,126.08836718226983,2.1232000006184615,0.7363417375097541,0.8999999999999999,0.818157486121949,1.8594566583633423,3.5,3.038698196411133,3.5,3.038698196411133,0,same_direction_slow,risky,0.07449922950563453,0.0
37,C4,13.486887344497642,126.08836718226877,2.12320000062006,13.483949055534312,126.79355900162223,1.084800000515416,0.7051979407408061,0.8999999999999999,0.7835532674897846,1.846510648727417,3.5,3.1459124088287354,3.5,3.1459124088287354,0,same_direction_slow,risky,0.07449922950563453,0.0
