episode_id,candidate_id,sample_idx,t_rel_s,robot_world_x,robot_world_y,robot_world_yaw,robot_world_z,odom_x,odom_y,odom_yaw,odom_v,odom_w,lidar_front,lidar_left,lidar_right,human_01_x,human_01_y,human_01_yaw,human_01_z,human_02_x,human_02_y,human_02_yaw,human_02_z,human_03_x,human_03_y,human_03_yaw,human_03_z,human_04_x,human_04_y,human_04_yaw,human_04_z
1,C0,0,0.0,-13.001971551367115,9.893546300322638e-10,-4.3427518881515715e-09,0.010157823598422329,1.5272433929046162e-07,-5.602645277715214e-19,-7.589779175305297e-12,6.305411118136199e-13,-8.345342978294608e-13,3.5,3.5,3.5,-11.400007248936307,-2.0106336127819067e-09,3.1415926535897922,0.8499998512581044,-12.199999998836136,-1.1999979471112858,1.5707963267948934,0.8500000019269202,-10.00000205288851,2.0000000008835346,-3.275002860259652e-15,0.8500000019269255,-9.500003250701335,1.1999960000344347,-8.796117386153897e-07,0.8499999999991371
1,C0,1,0.9920000000000044,-13.002017112645795,9.87556212724039e-10,-4.407372137657116e-09,0.0101878554072891,1.5272433929046162e-07,-5.602645277715214e-19,-7.589779175305297e-12,6.305411118136199e-13,-8.345342978294608e-13,3.5,3.5,3.5,-11.401407248517094,-2.010473443283378e-09,3.1415926535897922,0.8499998320664427,-12.199999998836136,-1.198397947111537,1.5707963267948934,0.8500000021780503,-9.998802052888259,2.0000000008835355,-3.2750028602604425e-15,0.8500000021780563,-9.500003250701335,1.1999960000344347,-8.796117386153897e-07,0.8499999999991371
1,C0,2,0.9920000000000044,-13.002071014453264,9.746628457297642e-10,-4.903136810581532e-09,0.010187120545196108,1.5272433972368512e-07,-5.602645310568416e-19,-7.593110906445991e-12,3.258534047403954e-13,-5.002118411142605e-13,3.5,3.5,3.5,-11.408407248515964,-2.010473010328552e-09,3.1415926535897922,0.8499998320176352,-12.199999998836136,-1.1903979471115373,1.5707963267948934,0.8500000021786889,-9.992802052888255,2.0000000008835355,-3.2750028602604444e-15,0.850000002178695,-9.500003250701335,1.1999960000344347,-8.796117386153897e-07,0.8499999999991371
1,C0,3,0.9920000000000044,-13.002071014453264,9.746628457297642e-10,-4.903136810581532e-09,0.010187120545196108,1.5272433972368512e-07,-5.602645310568416e-19,-7.593110906445991e-12,3.258534047403954e-13,-5.002118411142605e-13,3.5,3.5,3.5,-11.408407248515964,-2.010473010328552e-09,3.1415926535897922,0.8499998320176352,-12.199999998836136,-1.1903979471115373,1.5707963267948934,0.8500000021786889,-9.992802052888255,2.0000000008835355,-3.2750028602604444e-15,0.850000002178695,-9.500003250701335,1.1999960000344347,-8.796117386153897e-07,0.8499999999991371
1,C0,4,1.019999999999996,-13.00213323969107,9.352320697937783e-10,-6.452938748759527e-09,0.010155682615888393,1.5272433972368512e-07,-5.602645310568416e-19,-7.593110906445991e-12,3.258534047403954e-13,-5.002118411142605e-13,3.5,3.5,3.5,-11.415407248514834,-2.0104725772481623e-09,3.1415926535897922,0.8499998319688278,-12.199999998836136,-1.1823979471115378,1.5707963267948934,0.8500000021793276,-9.98680205288825,2.0000000008835355,-3.275002860260447e-15,0.8500000021793336,-9.500003250701335,1.1999960000344347,-8.796117386153897e-07,0.8499999999991371
1,C0,5,1.019999999999996,-13.00213323969107,9.352320697937783e-10,-6.452938748759527e-09,0.010155682615888393,1.5272433721156534e-07,-5.602645119820377e-19,-7.593110906776864e-12,-5.1972406065434725e-14,-8.32932867891752e-14,3.5,3.5,3.5,-11.415407248514834,-2.0104725772481623e-09,3.1415926535897922,0.8499998319688278,-12.199999998836136,-1.1823979471115378,1.5707963267948934,0.8500000021793276,-9.98680205288825,2.0000000008835355,-3.275002860260447e-15,0.8500000021793336,-9.500003250701335,1.1999960000344347,-8.796117386153897e-07,0.8499999999991371
1,C0,6,1.019999999999996,-13.002203800644043,8.692773486385877e-10,-9.056792646747961e-09,0.010093534552745805,1.5272433721156534e-07,-5.602645119820377e-19,-7.593110906776864e-12,-5.1972406065434725e-14,-8.32932867891752e-14,3.5,3.5,3.5,-11.422407248513704,-2.0104721440422083e-09,3.1415926535897922,0.8499998319200204,-12.199999998836136,-1.1743979471115382,1.5707963267948934,0.8500000021799663,-9.980802052888246,2.0000000008835355,-3.2750028602604488e-15,0.8500000021799723,-9.500003250701335,1.1999960000344347,-8.796117386153897e-07,0.8499999999991371
1,C0,7,1.0480000000000018,-13.002203800644043,8.692773486385877e-10,-9.056792646747961e-09,0.010093534552745805,1.5272433721156534e-07,-5.602645119820377e-19,-7.593110906776864e-12,-5.1972406065434725e-14,-8.32932867891752e-14,3.5,3.5,3.5,-11.422407248513704,-2.0104721440422083e-09,3.1415926535897922,0.8499998319200204,-12.199999998836136,-1.1743979471115382,1.5707963267948934,0.8500000021799663,-9.980802052888246,2.0000000008835355,-3.2750028602604488e-15,0.8500000021799723,-9.500003250701335,1.1999960000344347,-8.796117386153897e-07,0.8499999999991371
1,C0,8,1.0480000000000018,-13.002282721919713,7.768202580449384e-10,-1.2714715890112841e-08,0.010000661535464172,1.5272433470024513e-07,-5.60264492913305e-19,-7.593110906280555e-12,-1.2558599869129868e-13,4.135903062765138e-21,3.5,3.5,3.5,-11.429407248512574,-2.01047171071069e-09,3.1415926535897922,0.8499998318712129,-12.199999998836136,-1.1663979471115387,1.5707963267948934,0.850000002180605,-9.974802052888242,2.000000000883536,-3.2750028602604508e-15,0.850000002180611,-9.500003250701335,1.1999960000344347,-8.796117386153897e-07,0.8499999999991371
1,C0,9,1.0480000000000018,-13.002282721919713,7.768202580449384e-10,-1.2714715890112841e-08,0.010000661535464172,1.5272433470024513e-07,-5.60264492913305e-19,-7.593110906280555e-12,-1.2558599869129868e-13,4.135903062765138e-21,3.5,3.5,3.5,-11.429407248512574,-2.01047171071069e-09,3.1415926535897922,0.8499998318712129,-12.199999998836136,-1.1663979471115387,1.5707963267948934,0.850000002180605,-9.974802052888242,2.000000000883536,-3.2750028602604508e-15,0.850000002180611,-9.500003250701335,1.1999960000344347,-8.796117386153897e-07,0.8499999999991371
1,C0,10,1.0760000000000076,-13.002282721919713,7.768202580449384e-10,-1.2714715890112841e-08,0.010000661535464172,1.5272433470024513e-07,-5.60264492913305e-19,-7.593110906280555e-12,-1.2558599869129868e-13,4.135903062765138e-21,3.5,3.5,3.5,-11.429407248512574,-2.01047171071069e-09,3.1415926535897922,0.8499998318712129,-12.199999998836136,-1.1663979471115387,1.5707963267948934,0.850000002180605,-9.974802052888242,2.000000000883536,-3.2750028602604508e-15,0.850000002180611,-9.500003250701335,1.1999960000344347,-8.796117386153897e-07,0.8499999999991371
1,C0,11,1.108000000000004,-12.999606029912817,7.485139607044529e-07,0.0006632619866126737,0.01000086492065218,0.000576130114485449,4.761523284433404e-06,0.012799999990806808,0.01439999999667462,0.3199999999599979,3.5,3.5,3.5,-11.443407248510312,-2.0104708436709614e-09,3.1415926535897922,0.8499998317735981,-12.199999998836136,-1.1503979471115398,1.5707963267948934,0.8500000021818823,-9.962802052888232,2.000000000883536,-3.275002860260455e-15,0.8500000021818884,-9.500003250701335,1.1999960000344347,-8.796117386153897e-07,0.8499999999991371
1,C0,12,1.2040000000000077,-12.985374651982932,6.528535683707545e-05,0.009099010217057934,0.010001873750335354,0.015118384890561143,0.0006898759106197987,0.06879999944601906,0.15399999992954078,0.39999999395367614,3.5,3.5,3.5,-11.47840724850465,-2.0104686738742667e-09,3.1415926535897922,0.849999831529561,-12.199999998836136,-1.110397947111542,1.5707963267948934,0.8500000021850758,-9.93280205288821,2.000000000883536,-3.275002860260465e-15,0.8500000021850819,-9.500003250701335,1.1999960000344347,-8.796117386153897e-07,0.8499999999991371
1,C0,13,1.2999999999999972,-12.960644301395433,0.0005039975469637634,0.027333543859516172,0.010003171974024096,0.04900991594028564,0.004070155971740241,0.12479999858148888,0.29159999994930264,0.3999999936180694,3.5,3.5,3.5,-11.513407248498982,-2.010466500938473e-09,3.1415926535897922,0.8499998312855243,-12.199999998836134,-1.0703979471115441,1.5707963267948934,0.8500000021882692,-9.902802052888187,2.000000000883536,-3.2750028602604752e-15,0.8500000021882753,-9.500003250701335,1.1999960000344347,-8.796117386153897e-07,0.8499999999991371
1,C0,14,1.4039999999999964,-12.934177404112837,0.001545031935242066,0.05349894878036555,0.010004617204578535,0.07869398045462284,0.008398703105163979,0.16479999788156027,0.2999999999955499,0.39999999296700056,3.5,3.5,3.5,-11.54560724849376,-2.0104644990650906e-09,3.1415926535897922,0.8499998310610106,-12.199999998836134,-1.0335979471115462,1.5707963267948934,0.8500000021912072,-9.875202052888167,2.000000000883536,-3.2750028602604843e-15,0.8500000021912132,-9.500003250701335,1.1999960000344347,-8.796117386153897e-07,0.8499999999991371
1,C0,15,1.5040000000000049,-12.906332065116844,0.0035784922105969335,0.0914726570974978,0.010119476992029,0.10818120516921853,0.01391083382009575,0.20479999751293193,0.2999999999998738,0.3999999999999945,3.5,3.5,3.5,-11.580607248488075,-2.0104623201022305e-09,3.1415926535897922,0.8499998308169742,-12.199999998836134,-0.9935979471115484,1.5707963267948934,0.8500000021944006,-9.845202052888144,2.000000000883536,-3.2750028602604945e-15,0.8500000021944066,-9.500003250701335,1.1999960000344347,-8.796117386153897e-07,0.8499999999991371
1,C0,16,1.6039999999999992,-12.875793341086313,0.0067611907154354394,0.13598545038010115,0.010001882561464488,0.13742441681049403,0.020597729898235585,0.2447999974925871,0.2999999999403039,0.3999999994913671,3.5,3.5,3.5,-11.619807248481699,-2.0104598759370964e-09,3.1415926535897922,0.8499998305436536,-12.199999998836134,-0.948797947111551,1.5707963267948934,0.8500000021979772,-9.811603999999882,2.000000000040786,-1.8540722900022743e-10,0.85,-9.500003250701335,1.1999960000344347,-8.796117386153897e-07,0.8499999999991371
1,C0,17,1.7000000000000028,-12.847655931117083,0.011148366989473078,0.1743858606570259,0.010002757009252869,0.16637683248207621,0.028448693736034293,0.2847999974946188,0.300000000000452,0.40000000002022784,3.5,3.5,3.5,-11.653407248476226,-2.010457777804341e-09,3.1415926535897922,0.849999830309379,-12.199999998836134,-0.9103979471115531,1.5707963267948934,0.850000002201043,-9.782803999999864,2.0000000000407683,-1.8540722900022743e-10,0.85,-9.500003250701335,1.1999960000344347,-8.796117386153897e-07,0.8499999999991371
1,C0,18,1.808000000000007,-12.819731823783009,0.016606744868614097,0.21278625901393464,0.010003868595643131,0.1949921344925991,0.03745116546601325,0.3247999974966193,0.300000000000452,0.40000000001991565,3.4644007682800293,3.5,3.5,-11.687007248470744,-2.0104556767786033e-09,3.1415926535897922,0.8499998300751046,-12.199999998836136,-0.8719979471115553,1.5707963267948934,0.8500000022041087,-9.754003999999846,2.0000000000407505,-1.8540722900022743e-10,0.85,-9.500003250701335,1.1999960000344347,-8.796117386153897e-07,0.8499999999991371
1,C0,19,1.9039999999999964,-12.79206226009149,0.023128598694919424,0.251186728836266,0.010005293491699789,0.22322454446311385,0.04759074305382706,0.36479999749858916,0.3000000000004513,0.40000000001960334,3.4644007682800293,3.5,3.5,-11.720607248465255,-2.010453572859884e-09,3.1415926535897922,0.8499998298408303,-12.199999998836136,-0.8335979471115575,1.5707963267948934,0.8500000022071743,-9.725203999999827,2.0000000000407328,-1.8540722900022743e-10,0.85,-9.500003250701335,1.1999960000344347,-8.796117386153897e-07,0.8499999999991371
1,C0,20,2.0079999999999956,-12.758168549377073,0.031790044872353276,0.29922993000659714,0.01005101853089469,0.25102889656022526,0.05885120533829976,0.4047999974992119,0.2999999999998774,0.3999999999999923,3.4231042861938477,3.5,3.5,-11.762607248458384,-2.010450938893233e-09,3.1415926535897922,0.8499998295479878,-12.199999998836134,-0.7855979471115603,1.5707963267948934,0.8500000022110065,-9.689203999999805,2.0000000000407105,-1.8540722900022743e-10,0.85,-9.500003250701335,1.1999960000344347,-8.796117386153897e-07,0.8499999999991371
1,C0,21,2.1000000000000085,-12.735596825177362,0.03894041686255051,0.33124431208849014,0.010004991231132198,0.27836070975136107,0.07121453798174847,0.44479999750566346,0.3000000000061731,0.40000000005572034,3.4231042861938477,3.5,3.5,-11.790607248453796,-2.0104491804042017e-09,3.1415926535897922,0.8499998293527596,-12.199999998836134,-0.753597947111562,1.5707963267948934,0.8500000022135612,-9.66520399999979,2.0000000000406954,-1.8540722900022743e-10,0.85,-9.500003250701335,1.1999960000344347,-8.796117386153897e-07,0.8499999999991371
1,C0,22,2.2079999999999984,-12.703338701158456,0.05085995199036929,0.37764462196229637,0.01000561752573072,0.30517625896691863,0.08466096228973947,0.48479999750767633,0.3000000000004527,0.4000000000200544,3.363421678543091,3.5,3.5,-11.831207248447134,-2.0104466270266024e-09,3.1415926535897922,0.849999829069679,-12.199999998836134,-0.7071979471115648,1.5707963267948934,0.8500000022172656,-9.630403999999768,2.000000000040674,-1.8540722900022743e-10,0.85,-9.500003250701335,1.1999960000344347,-8.796117386153897e-07,0.8499999999991371
1,C0,23,2.304000000000002,-12.677109178892943,0.061837375941184575,0.41604491493426127,0.010006616628529367,0.33143264504797987,0.09916896685152425,0.5247999975096592,0.3000000000004527,0.40000000001972486,3.363421678543091,3.5,3.5,-11.864807248441613,-2.0104445106921963e-09,3.1415926535897922,0.8499998288354055,-12.199999998836134,-0.6687979471115669,1.5707963267948934,0.8500000022203312,-9.60160399999975,2.0000000000406564,-1.8540722900022743e-10,0.85,-9.500003250701335,1.1999960000344347,-8.796117386153897e-07,0.8499999999991371
1,C0,24,2.4080000000000013,-12.65016390902755,0.07362332120310108,0.45608461549003426,0.01004617197415101,0.3570878633778509,0.11471534195464983,0.5647999975104475,0.299999999999874,0.4000000000000357,3.427170515060425,3.5,3.5,-11.899807248435852,-2.010442303100899e-09,3.1415926535897922,0.8499998285913708,-12.199999998836134,-0.6287979471115692,1.5707963267948934,0.8500000022235247,-9.57160399999973,2.0000000000406377,-1.8540722900022743e-10,0.85,-9.500003250701335,1.1999960000344347,-8.796117386153897e-07,0.8499999999991371
1,C0,25,2.5,-12.62375521420688,0.08695813856384231,0.49609389272528276,0.010003970431746851,0.3821008710797248,0.1312752167152867,0.6047999975188043,0.30000000000044985,0.4000000000202106,3.427170515060425,3.5,3.5,-11.934807248430085,-2.010440092370532e-09,3.1415926535897922,0.8499998283473363,-12.199999998836134,-0.5887979471115716,1.5707963267948934,0.8500000022267181,-9.541603999999712,2.000000000040619,-1.8540722900022743e-10,0.85,-9.500003250701335,1.1999960000344347,-8.796117386153897e-07,0.8499999999991371
1,C0,26,2.608000000000004,-12.597967639666582,0.10157297279890085,0.53609397489269,0.010004883103283336,0.40643165267767095,0.14882209886669867,0.6447999975208053,0.30000000000045274,0.4000000000199157,3.4925644397735596,3.5,3.5,-11.96980724842431,-2.0104378785010954e-09,3.1415926535897922,0.8499998281033021,-12.199999998836134,-0.5487979471115739,1.5707963267948934,0.8500000022299116,-9.511603999999693,2.0000000000406004,-1.8540722900022743e-10,0.85,-9.500003250701335,1.1999960000344347,-8.796117386153897e-07,0.8499999999991371
1,C0,27,2.7040000000000077,-12.574797190697087,0.11590790811354534,0.5728941417541972,0.010006136624690874,0.430041284111161,0.16732791714034648,0.6847999975227834,0.30000000000045135,0.40000000001970754,3.4925644397735596,3.5,3.5,-12.002007248418987,-2.0104358389687924e-09,3.1415926535897922,0.8499998278787907,-12.199999998836134,-0.5119979471115761,1.5707963267948934,0.8500000022328495,-9.484003999999675,2.0000000000405835,-1.8540722900022743e-10,0.85,-9.500003250701335,1.1999960000344347,-8.796117386153897e-07,0.8499999999991371
1,C0,28,2.799999999999997,-12.54995821467728,0.13169609814917704,0.6129373167232239,0.01000285632477477,0.4528919950061129,0.1867630661744771,0.7247999975295554,0.2999999999933244,0.40000000016545023,3.4925644397735596,3.5,3.5,-12.037007248413197,-2.0104336190723526e-09,3.1415926535897922,0.8499998276347568,-12.199999998836134,-0.4719979471115795,1.5707963267948934,0.850000002236043,-9.454003999999657,2.000000000040565,-1.8540722900022743e-10,0.85,-9.500003250701335,1.1999960000344347,-8.796117386153897e-07,0.8499999999991371
1,C0,29,2.9000000000000057,-12.52603926993416,0.14922680830157048,0.6529372772123064,0.010003741423512947,0.4749472291000253,0.20709645387710082,0.7647999975315684,0.3000000000004527,0.4000000000201065,3.5,3.3305861949920654,3.5,-12.072007248407397,-2.010431396036853e-09,3.1415926535897922,0.8499998273907231,-12.199999998836134,-0.43199794711158324,1.5707963267948934,0.8500000022392364,-9.424003999999638,2.0000000000405467,-1.8540722900022743e-10,0.85,-9.500003250701335,1.1999960000344347,-8.796117386153897e-07,0.8499999999991371
1,C0,30,3.0,-12.50286137277758,0.16768300626130606,0.6929373302965218,0.01000502187626359,0.49617170272306643,0.2282955511651301,0.8047999975335586,0.30000000000044647,0.4000000000198029,3.5,3.1590850353240967,3.5,-12.107002987455669,3.1902889503972823e-06,-3.14159194480087,0.849999866488136,-12.200004259757819,-0.39200113931554115,1.5707970355839098,0.8499999629688206,-9.394003999999619,2.000000000040528,-1.8540722900022743e-10,0.85,-9.500003250701335,1.1999960000344347,-8.796117386153897e-07,0.8499999999991371
1,C1,0,0.0,-13.002027227307329,1.0139732470343707e-09,-4.424842286820647e-09,0.01019016460232729,0.6529283916476237,0.47200058411293866,1.193599999932224,6.286637876939949e-13,-9.194034422677078e-13,3.5,3.5,3.5,-11.399811646646967,0.001000586939812654,3.1413806798462467,0.8498292099443902,-12.199491773862727,-1.1997619109269444,1.5707556057691359,0.8501701606307723,-10.000000179836372,2.0000040002180732,8.391967323868711e-07,0.85,-9.500003250701335,1.1999960000344347,-8.796117386153897e-07,0.8499999999991371
1,C1,1,1.0,-13.002082807043116,1.0081299268163169e-09,-4.633110990619144e-09,0.010183239045519554,0.6529283916476237,0.47200058411293866,1.193599999932224,6.286637876939949e-13,-9.194034422677078e-13,3.5,3.5,3.5,-11.405413159467921,0.001000323403441772,3.1413806798462467,0.8498260340351784,-12.199491697317848,-1.193361715738263,1.5707556057691359,0.8501696580310715,-9.995200176707618,2.0000040003575053,8.391967323868711e-07,0.85,-9.500003250701335,1.1999960000344347,-8.796117386153897e-07,0.8499999999991371
1,C1,2,1.0,-13.002082807043116,1.0081299268163169e-09,-4.633110990619144e-09,0.010183239045519554,0.6529283916476228,0.4720005841129365,1.193599999932224,2.5396351688300456e-13,-4.683753385137379e-13,3.5,3.5,3.5,-11.405413159467921,0.001000323403441772,3.1413806798462467,0.8498260340351784,-12.199491697317848,-1.193361715738263,1.5707556057691359,0.8501696580310715,-9.995200176707618,2.0000040003575053,8.391967323868711e-07,0.85,-9.500003250701335,1.1999960000344347,-8.796117386153897e-07,0.8499999999991371
1,C1,3,1.0,-13.00214671510562,9.788364806334087e-10,-5.770849666588836e-09,0.010145597053406378,0.6529283916476228,0.4720005841129365,1.193599999932224,2.5396351688300456e-13,-4.683753385137379e-13,3.5,3.5,3.5,-11.412414423278012,0.0010000952554443869,3.1413806798462467,0.8498233896574077,-12.199491621182657,-1.1853615208052823,1.5707556057691359,0.8501691552699305,-9.98920017669083,2.000004000358247,8.391967323868711e-07,0.85,-9.500003250701335,1.1999960000344347,-8.796117386153897e-07,0.8499999999991371
1,C1,4,1.0280000000000058,-13.00214671510562,9.788364806334087e-10,-5.770849666588836e-09,0.010145597053406378,0.6529283916476228,0.4720005841129365,1.193599999932224,2.5396351688300456e-13,-4.683753385137379e-13,3.5,3.5,3.5,-11.412414423278012,0.0010000952554443869,3.1413806798462467,0.8498233896574077,-12.199491621182657,-1.1853615208052823,1.5707556057691359,0.8501691552699305,-9.98920017669083,2.000004000358247,8.391967323868711e-07,0.85,-9.500003250701335,1.1999960000344347,-8.796117386153897e-07,0.8499999999991371
1,C1,5,1.0280000000000058,-13.00214671510562,9.788364806334087e-10,-5.770849666588836e-09,0.010145597053406378,0.6529283916476222,0.47200058411293444,1.193599999932224,-1.1934897514720433e-13,0.0,3.5,3.5,3.5,-11.412414423278012,0.0010000952554443869,3.1413806798462467,0.8498233896574077,-12.199491621182657,-1.1853615208052823,1.5707556057691359,0.8501691552699305,-9.98920017669083,2.000004000358247,8.391967323868711e-07,0.85,-9.500003250701335,1.1999960000344347,-8.796117386153897e-07,0.8499999999991371
1,C1,6,1.0280000000000058,-13.002218962862822,9.230129901172559e-10,-7.962655032031432e-09,0.01007724255175352,0.6529283916476222,0.47200058411293444,1.193599999932224,-1.1934897514720433e-13,0.0,3.5,3.5,3.5,-11.419415689918607,0.0009998593509754892,3.1413806798462467,0.8498207473152776,-12.19949154545722,-1.1773613261281728,1.5707556057691359,0.8501686523477892,-9.98320017667404,2.000004000358988,8.391967323868711e-07,0.85,-9.500003250701335,1.1999960000344347,-8.796117386153897e-07,0.8499999999991371
1,C1,7,1.0559999999999974,-13.002218962862822,9.230129901172559e-10,-7.962655032031432e-09,0.01007724255175352,0.6529283916476222,0.47200058411293444,1.193599999932224,-1.1934897514720433e-13,0.0,3.5,3.5,3.5,-11.419415689918607,0.0009998593509754892,3.1413806798462467,0.8498207473152776,-12.19949154545722,-1.1773613261281728,1.5707556057691359,0.8501686523477892,-9.98320017667404,2.000004000358988,8.391967323868711e-07,0.85,-9.500003250701335,1.1999960000344347,-8.796117386153897e-07,0.8499999999991371
1,C1,8,1.0559999999999974,-13.0021209415483,3.5497414598477513e-09,-1.1008307700967e-08,0.010000448943869185,0.6529283916476214,0.4720005841129324,1.193599999932224,-1.1657341758564144e-13,0.0,3.5,3.5,3.5,-11.426416959379106,0.0009996156920091866,3.1413806798462467,0.8498181070308998,-12.199491470141604,-1.1693611317071042,1.5707556057691359,0.8501681492650872,-9.97720017665725,2.0000040003597293,8.391967323868711e-07,0.85,-9.500003250701335,1.1999960000344347,-8.796117386153897e-07,0.8499999999991371
1,C1,9,1.0559999999999974,-13.000814915053713,1.4581133095656681e-07,0.0002051216129126176,0.010000550633096612,0.6529283916476214,0.4720005841129324,1.193599999932224,-1.1657341758564144e-13,0.0,3.5,3.5,3.5,-11.433418231648888,0.0009993642805844784,3.1413806798462467,0.8498154688263687,-12.19949139523587,-1.1613609375422473,1.5707556057691359,0.8501676460222642,-9.971200176640462,2.0000040003604704,8.391967323868711e-07,0.85,-9.500003250701335,1.1999960000344347,-8.796117386153897e-07,0.8499999999991371
1,C1,10,1.088000000000008,-13.000814915053713,1.4581133095656681e-07,0.0002051216129126176,0.010000550633096612,0.6529283916476214,0.4720005841129324,1.193599999932224,-1.1657341758564144e-13,0.0,3.5,3.5,3.5,-11.433418231648888,0.0009993642805844784,3.1413806798462467,0.8498154688263687,-12.19949139523587,-1.1613609375422473,1.5707556057691359,0.8501676460222642,-9.971200176640462,2.0000040003604704,8.391967323868711e-07,0.85,-9.500003250701335,1.1999960000344347,-8.796117386153897e-07,0.8499999999991371
1,C1,11,1.112000000000009,-12.999082740146864,1.0379750704345993e-06,0.0007968154460089434,0.010000693157417374,0.6530511869679058,0.4723133414352516,1.198399999931426,0.008399999997475704,0.11999999998004926,3.5,3.5,3.5,-11.440419506717305,0.0009991051188052381,3.1413806798462467,0.8498128327237618,-12.199491320740092,-1.153360743633771,1.5707556057691359,0.8501671426197606,-9.965200176623672,2.0000040003612116,8.391967323868711e-07,0.85,-9.500003250701335,1.1999960000344347,-8.796117386153897e-07,0.8499999999991371
1,C1,12,1.2000000000000028,-12.984028402066183,7.364220107523488e-05,0.009577465228418772,0.010001768464827145,0.6566634778572151,0.4819802680358093,1.2223999994866233,0.12599999992954775,0.1999999939626858,3.5,3.5,3.5,-11.475425923664641,0.000997693132765608,3.1413806798462467,0.8497996845110468,-12.199490954412733,-1.1133597779430313,1.5707556057691359,0.8501646232274382,-9.935200176539727,2.000004000364916,8.391967323868711e-07,0.85,-9.500003250701335,1.1999960000344347,-8.796117386153897e-07,0.8499999999991371
1,C1,13,1.2999999999999972,-12.958408649250208,0.0005430765030583246,0.02752408463336776,0.010003114061460178,0.6665447272907298,0.5105592962572579,1.2503999986918697,0.26599999993048706,0.19999999533256224,3.5,3.5,3.5,-11.51043240896749,0.0009960877407142832,3.1413806798462467,0.8497865921476758,-12.199490598343777,-1.0733588186871514,1.5707556057691359,0.8501620999091728,-9.90520017645578,2.0000040003686195,8.391967323868711e-07,0.85,-9.500003250701335,1.1999960000344347,-8.796117386153897e-07,0.8499999999991371
1,C1,14,1.4040000000000106,-12.928641152125518,0.001652773465210524,0.04752425496957066,0.010004771235764013,0.6774414321104636,0.5447689063651808,1.274399998694406,0.30000000000058036,0.20000000000932464,3.5,3.5,3.5,-11.545438961269108,0.0009942892785037433,3.1413806798462467,0.8497735583726079,-12.19949025254101,-1.0333578658870985,1.5707556057691359,0.8501595727201182,-9.875200176371834,2.0000040003723205,8.391967323868711e-07,0.85,-9.500003250701335,1.1999960000344347,-8.796117386153897e-07,0.8499999999991371
1,C1,15,1.5040000000000049,-12.902060625898699,0.003175109606628135,0.06671434394944528,0.010118752504036266,0.6859162062416243,0.5735464706093425,1.2943999986948134,0.29999999999986837,0.20000000000004386,3.5,3.5,3.5,-11.579045313238812,0.000992381463251566,3.1413806798462467,0.8497611035996134,-12.1994899302358,-0.9949569572920232,1.5707556057691359,0.8501571430282623,-9.846400176291246,2.000004000375872,8.391967323868711e-07,0.85,-9.500003250701335,1.1999960000344347,-8.796117386153897e-07,0.8499999999991371
1,C1,16,1.6000000000000085,-12.875387313624142,0.005084478113841865,0.08590514546868849,0.010007125855469009,0.693813772558229,0.6024877637133902,1.3143999986980888,0.30000000000059146,0.20000000000981039,3.5,3.5,3.5,-11.6126517244667,0.0009902964288734713,3.1413806798462467,0.8497487077359043,-12.199489617405366,-0.9565560546841348,1.5707556057691359,0.8501547098689385,-9.817603999999886,2.0000001765933946,-2.0361592296855223e-09,0.85,-9.500003250701335,1.1999960000344347,-8.796117386153897e-07,0.8499999999991371
1,C1,17,1.7040000000000077,-12.845682284661232,0.007934627292571654,0.10590537590564052,0.010006931230875614,0.7011309721402731,0.6315812095505566,1.3343999986990707,0.30000000000059285,0.20000000000979307,3.5,3.5,3.5,-11.64765846450954,0.000987936502697436,3.1413806798462467,0.8497358605966789,-12.199489301622298,-0.9165551208537701,1.5707556057691359,0.850152171693626,-9.787603999999876,2.000000176593191,-2.0361592296855223e-09,0.85,-9.500003250701335,1.1999960000344347,-8.796117386153897e-07,0.8499999999991371
1,C1,18,1.804000000000002,-12.816066843658716,0.011374776190351923,0.1259056354768591,0.010007259648747033,0.7078648782048957,0.6608151711280865,1.3543999987000253,0.3000000000005873,0.20000000000937668,3.5,3.5,3.5,-11.682665266100257,0.0009853852116238297,3.1413806798462467,0.8497230826589379,-12.199488996133763,-0.8765541935600585,1.5707556057691359,0.8501496298645327,-9.757603999999866,2.0000001765929873,-2.0361592296855223e-09,0.85,-9.500003250701335,1.1999960000344347,-8.796117386153897e-07,0.8499999999991371
1,C1,19,1.9040000000000106,-12.786552872217772,0.015403766056144295,0.14590601530865502,0.010008219594775247,0.7140127972794543,0.6901779552511228,1.3743999987009115,0.3000000000005817,0.2000000000082665,3.5,3.5,3.5,-11.717672127815936,0.0009826430893898354,3.1413806798462467,0.8497103765958615,-12.199488700946434,-0.8365532728232689,1.5707556057691359,0.8501470844372174,-9.727603999999856,2.000000176592784,-2.0361592296855223e-09,0.85,-9.500003250701335,1.1999960000344347,-8.796117386153897e-07,0.8499999999991371
1,C1,20,2.0,-12.757563380309074,0.0194629368871754,0.16592778394540192,0.010007618287359731,0.7195722702782028,0.719657817196996,1.3943999987046158,0.2999999999883262,0.2000000000926955,3.44431209564209,3.5,3.5,-11.75267904822109,0.0009797107096550452,3.1413806798462467,0.8496977450655933,-12.199488416066767,-0.7965523586635264,1.5707556057691359,0.8501445354673172,-9.697603999999846,2.00000017659258,-2.0361592296855223e-09,0.85,-9.500003250701335,1.1999960000344347,-8.796117386153897e-07,0.8499999999991371
1,C1,21,2.1000000000000085,-12.728176509632913,0.024680046336702257,0.18592800474704063,0.010007216589959263,0.7245410734861638,0.7492429654150482,1.4143999987055487,0.30000000000059146,0.20000000000981039,3.44431209564209,3.5,3.5,-11.78768602586795,0.0009765886858814495,3.1413806798462467,0.8496851907106844,-12.199488141500982,-0.7565514511008126,1.5707556057691359,0.850141983010547,-9.667603999999836,2.0000001765923767,-2.0361592296855223e-09,0.85,-9.500003250701335,1.1999960000344347,-8.796117386153897e-07,0.8499999999991371
1,C1,22,2.200000000000003,-12.700093343499544,0.03023492217995584,0.20512824194185747,0.010007418114486579,0.7289172194482938,0.7789215662399155,1.4343999987065186,0.3000000000006054,0.20000000000963697,3.388468027114868,3.5,3.5,-11.821292776907026,0.0009734137318572625,3.1413806798462467,0.849673213574681,-12.19948788762671,-0.7181505860655072,1.5707556057691359,0.8501395294233877,-9.638803999999826,2.0000001765921813,-2.0361592296855223e-09,0.85,-9.500003250701335,1.1999960000344347,-8.796117386153897e-07,0.8499999999991371
1,C1,23,2.299999999999997,-12.670984972926206,0.036588441427678794,0.2251285344637454,0.01000824593751537,0.7326989577645554,0.8086817486269661,1.454399998707408,0.30000000000050264,0.20000000000835322,3.388468027114868,3.5,3.5,-11.856299862502372,0.0009699219370868367,3.1413806798462467,0.8496608180866629,-12.199487633293343,-0.678149691490379,1.5707556057691359,0.85013697029426,-9.608803999999816,2.0000001765919775,-2.0361592296855223e-09,0.85,-9.500003250701335,1.1999960000344347,-8.796117386153897e-07,0.8499999999991371
1,C1,24,2.4000000000000057,-12.64206660907314,0.04306888968603044,0.2451517711241427,0.010006973584786112,0.7358847757900099,0.8385116088997762,1.4743999987110543,0.29999999999459903,0.20000000009151586,3.3280277252197266,3.5,3.5,-11.891307000985018,0.0009662425461160295,3.1413806798462467,0.849648507499231,-12.199487389290972,-0.638148803570578,1.5707556057691359,0.8501344078436199,-9.578803999999806,2.000000176591774,-2.0361592296855223e-09,0.85,-9.500003250701335,1.1999960000344347,-8.796117386153897e-07,0.8499999999991371
1,C1,25,2.504000000000005,-12.613193169355572,0.05059319708220803,0.2651519952306432,0.01000690965589398,0.7384733992399155,0.8683992155125233,1.494399998712019,0.3000000000006081,0.20000000000967164,3.3280277252197266,3.5,3.5,-11.926314190861575,0.0009623763286836565,3.1413806798462467,0.8496362843877943,-12.199487155624933,-0.5981479223255118,1.5707556057691359,0.8501318421274767,-9.548803999999796,2.0000001765915703,-2.0361592296855223e-09,0.85,-9.500003250701335,1.1999960000344347,-8.796117386153897e-07,0.8499999999991371
1,C1,26,2.6000000000000085,-12.584501791693192,0.05868592301071251,0.2851522205082249,0.010007435359690186,0.7404637926994496,0.8983326138207647,1.5143999987129715,0.3000000000005859,0.20000000000939408,3.2686867713928223,3.5,3.5,-11.9613214306279,0.0009583240936131498,3.1413806798462467,0.8496241513094616,-12.19948693230033,-0.5581470477744426,1.5707556057691359,0.8501292732019111,-9.518803999999786,2.000000176591367,-2.0361592296855223e-09,0.85,-9.500003250701335,1.1999960000344347,-8.796117386153897e-07,0.8499999999991371
1,C1,27,2.700000000000003,-12.555994365841373,0.06711410914871853,0.30516593549982896,0.010042028371309021,0.7418551600377711,0.928299830864241,1.534399998713329,0.2999999999998753,0.199999999999749,3.2686867713928223,3.5,3.5,-11.996328718769412,0.0009540866886433457,3.1413806798462467,0.8496121108025064,-12.199486719322046,-0.5181461799364862,1.5707556057691359,0.8501267011230741,-9.488803999999776,2.000000176591163,-2.0361592296855223e-09,0.85,-9.500003250701335,1.1999960000344347,-8.796117386153897e-07,0.8499999999991371
1,C1,28,2.799999999999997,-12.527630799155896,0.07622055402686514,0.3251712654998296,0.010000848310336473,0.7426469447264237,0.9582888801555914,1.5543999987172525,0.3000000000006081,0.20000000000967164,3.1988086700439453,3.5,3.5,-12.031336053761414,0.0009496650002511412,3.1413806798462467,0.8496001653858367,-12.199486516694735,-0.47814531883061206,1.5707556057691359,0.8501241259471854,-9.458803999999766,2.0000001765909596,-2.0361592296855223e-09,0.85,-9.500003250701335,1.1999960000344347,-8.796117386153897e-07,0.8499999999991371
1,C1,29,2.9000000000000057,-12.499469546449182,0.08602213207350887,0.34517142289274344,0.010002562591379958,0.7428388300621501,0.988287766475281,1.574399998718216,0.3000000000006053,0.20000000000963697,3.1988086700439453,3.5,3.5,-12.066343434069406,0.0009450599534660352,3.1413806798462467,0.8495883175584665,-12.199486324422825,-0.43814446447564204,1.5707556057691359,0.8501215477305327,-9.428803999999756,2.000000176590756,-2.0361592296855223e-09,0.85,-9.500003250701335,1.1999960000344347,-8.796117386153897e-07,0.8499999999991371
1,C1,30,3.0,-12.467063778365164,0.09788885240723003,0.36838320483659326,0.010034967784709662,0.7424307392933844,1.0182844906685355,1.59439999871876,0.2999999999998753,0.199999999999749,3.1483962535858154,3.5,3.5,-12.106952049960597,0.0009394896611196445,3.1413806798462467,0.8495746996082894,-12.199486114366193,-0.39174348190604374,1.5707556057691359,0.8501185532641155,-9.394003999999745,2.0000001765905195,-2.0361592296855223e-09,0.85,-9.500003250701335,1.1999960000344347,-8.796117386153897e-07,0.8499999999991371
1,C2,0,0.0,-13.001948228235685,-8.175005858603555e-07,7.607653948157237e-08,0.010125013220394125,0.7060359150467761,1.3131591133450022,1.7927999997112734,6.439293542825908e-13,-7.632783294297951e-13,3.5,3.5,3.5,-11.39908740706145,0.0007352201164717357,3.141488123715574,0.8498093460790392,-12.1986894912861,-1.199824036557986,1.5707356269626214,0.8501796304314848,-10.00000018070424,2.000004000161057,8.374314617155776e-07,0.85,-9.500003250701335,1.1999960000344347,-8.796117386153897e-07,0.8499999999991371
1,C2,1,0.9520000000000124,-13.001988773200626,-8.175199094514607e-07,7.602296489843156e-08,0.010173533825338813,0.7060359150467761,1.3131591133450022,1.7927999997112734,6.439293542825908e-13,-7.632783294297951e-13,3.5,3.5,3.5,-11.400488597184866,0.0007356224253698787,3.141488123715574,0.8498052489676677,-12.198689171896357,-1.198223495145035,1.5707356269626214,0.8501767456729884,-9.998800177649114,2.000004000297901,8.374314617155776e-07,0.85,-9.500003250701335,1.1999960000344347,-8.796117386153897e-07,0.8499999999991371
1,C2,2,0.9520000000000124,-13.002037664674681,-8.175510003227103e-07,7.553824648768704e-08,0.010191283528343507,0.706035915046774,1.313159113345012,1.7927999997112614,5.689893001203927e-13,-6.591949208711867e-13,3.5,3.5,3.5,-11.407489600982045,0.0007359543590672042,3.141488123715574,0.849801837899162,-12.198688910633182,-1.1902230446708888,1.5707356269626214,0.850174341038649,-9.99280017763236,2.000004000298645,8.374314617155776e-07,0.85,-9.500003250701335,1.1999960000344347,-8.796117386153897e-07,0.8499999999991371
1,C2,3,0.9520000000000124,-13.002037664674681,-8.175510003227103e-07,7.553824648768704e-08,0.010191283528343507,0.706035915046774,1.313159113345012,1.7927999997112614,5.689893001203927e-13,-6.591949208711867e-13,3.5,3.5,3.5,-11.407489600982045,0.0007359543590672042,3.141488123715574,0.849801837899162,-12.198688910633182,-1.1902230446708888,1.5707356269626214,0.850174341038649,-9.99280017763236,2.000004000298645,8.374314617155776e-07,0.85,-9.500003250701335,1.1999960000344347,-8.796117386153897e-07,0.8499999999991371
1,C2,4,0.9840000000000089,-13.00209487812412,-8.176092988625458e-07,7.399950089652893e-08,0.01017833065390481,0.706035915046774,1.313159113345012,1.7927999997112614,5.689893001203927e-13,-6.591949208711867e-13,3.5,3.5,3.5,-11.414490615701958,0.0007362832673948286,3.141488123715574,0.8497984297706557,-12.198688653820899,-1.1822225948377527,1.5707356269626214,0.8501719358049158,-9.986800177615606,2.0000040002993886,8.374314617155776e-07,0.85,-9.500003250701335,1.1999960000344347,-8.796117386153897e-07,0.8499999999991371
1,C2,5,0.9840000000000089,-13.00209487812412,-8.176092988625458e-07,7.399950089652893e-08,0.01017833065390481,0.7060359150467745,1.3131591133450098,1.7927999997112627,1.887379141862766e-13,-2.7755575615628914e-13,3.5,3.5,3.5,-11.414490615701958,0.0007362832673948286,3.141488123715574,0.8497984297706557,-12.198688653820899,-1.1822225948377527,1.5707356269626214,0.8501719358049158,-9.986800177615606,2.0000040002993886,8.374314617155776e-07,0.85,-9.500003250701335,1.1999960000344347,-8.796117386153897e-07,0.8499999999991371
1,C2,6,0.9840000000000089,-13.002160418408556,-8.17694791588694e-07,7.140672031974139e-08,0.01013467284521331,0.7060359150467745,1.3131591133450098,1.7927999997112627,1.887379141862766e-13,-2.7755575615628914e-13,3.5,3.5,3.5,-11.421491641333695,0.0007366091468168341,3.141488123715574,0.8497950246187875,-12.198688401460387,-1.174222145647155,1.5707356269626214,0.850169529979966,-9.980800177598852,2.000004000300132,8.374314617155776e-07,0.85,-9.500003250701335,1.1999960000344347,-8.796117386153897e-07,0.8499999999991371
1,C2,7,1.0200000000000102,-13.002234302718689,-8.178074579701031e-07,6.7759897752707e-08,0.010060299936525791,0.7060359150467745,1.3131591133450098,1.7927999997112627,1.887379141862766e-13,-2.7755575615628914e-13,3.5,3.5,3.5,-11.428492677866233,0.0007369319938298652,3.141488123715574,0.8497916224801647,-12.198688153552503,-1.1662216971006238,1.5707356269626214,0.850167123571979,-9.974800177582098,2.000004000300876,8.374314617155776e-07,0.85,-9.500003250701335,1.1999960000344347,-8.796117386153897e-07,0.8499999999991371
1,C2,8,1.0200000000000102,-13.002234302718689,-8.178074579701031e-07,6.7759897752707e-08,0.010060299936525791,0.7060359150467751,1.3131591133450076,1.7927999997112614,-1.1657341758564144e-13,0.0,3.5,3.5,3.5,-11.428492677866233,0.0007369319938298652,3.141488123715574,0.8497916224801647,-12.198688153552503,-1.1662216971006238,1.5707356269626214,0.850167123571979,-9.974800177582098,2.000004000300876,8.374314617155776e-07,0.85,-9.500003250701335,1.1999960000344347,-8.796117386153897e-07,0.8499999999991371
1,C2,9,1.0200000000000102,-13.001801801267897,-8.104668841640259e-07,6.33755904589257e-08,0.010000947997399926,0.7060359150467751,1.3131591133450076,1.7927999997112614,-1.1657341758564144e-13,0.0,3.5,3.5,3.5,-11.435493725288428,0.0007372518049631667,3.141488123715574,0.8497882233913617,-12.19868791009809,-1.1582212491996835,1.5707356269626214,0.8501647165891362,-9.968800177565345,2.0000040003016193,8.374314617155776e-07,0.85,-9.500003250701335,1.1999960000344347,-8.796117386153897e-07,0.8499999999991371
1,C2,10,1.0480000000000018,-13.001801801267897,-8.104668841640259e-07,6.33755904589257e-08,0.010000947997399926,0.7060359150467751,1.3131591133450076,1.7927999997112614,-1.1657341758564144e-13,0.0,3.5,3.5,3.5,-11.435493725288428,0.0007372518049631667,3.141488123715574,0.8497882233913617,-12.19868791009809,-1.1582212491996835,1.5707356269626214,0.8501647165891362,-9.968800177565345,2.0000040003016193,8.374314617155776e-07,0.85,-9.500003250701335,1.1999960000344347,-8.796117386153897e-07,0.8499999999991371
1,C2,11,1.1000000000000085,-12.994093740360784,-7.458063142655913e-07,1.3221196978941667e-07,0.010001348422245855,0.7054334900824802,1.3158279670616366,1.7927999997112627,0.05399999999587679,3.469446951953614e-14,3.5,3.5,3.5,-11.456496932779762,0.0007381929888669162,3.141488123715574,0.8497780447891231,-12.198687206463868,-1.134219909385626,1.5707356269626214,0.8501574922733153,-9.950800177515084,2.0000040003038495,8.374314617155776e-07,0.85,-9.500003250701335,1.1999960000344347,-8.796117386153897e-07,0.8499999999991371
1,C2,12,1.2000000000000028,-12.974297304405308,-6.189052319087343e-07,2.182918812471141e-07,0.010002397618618153,0.7009945692952995,1.3354932049619797,1.792799999730227,0.19399999993387484,8.708311849403572e-11,3.5,3.5,3.5,-11.490102267629878,0.0007396417611916649,3.141488123715574,0.8497618192588764,-12.198686164086663,-1.095817777899337,1.5707356269626214,0.8501459233117176,-9.922000177434667,2.0000040003074164,8.374314617155776e-07,0.85,-9.500003250701335,1.1999960000344347,-8.796117386153897e-07,0.8499999999991371
1,C2,13,1.304000000000002,-12.94536316621897,-4.4253480492795984e-07,2.6115991966746923e-07,0.010003736688510926,0.6925606197946137,1.372857156993004,1.7927999997378463,0.3000000000006331,-1.1102230246251565e-12,3.5,3.5,3.5,-11.525108089010761,0.0007410758026399481,3.141488123715574,0.8497450002927278,-12.198685187553238,-1.0558155737469048,1.5707356269626214,0.8501338600054443,-9.892000177350898,2.0000040003111303,8.374314617155776e-07,0.85,-9.500003250701335,1.1999960000344347,-8.796117386153897e-07,0.8499999999991371
1,C2,14,1.4000000000000057,-12.916598465060067,-2.1562397694924155e-07,2.607155410005761e-07,0.010005406344858055,0.6859550829039069,1.4021209038889384,1.792799999737736,0.30000000000063864,-1.1102230246251565e-12,3.5,3.5,3.5,-11.558713929779277,0.0007423800369735067,3.141488123715574,0.849728937547173,-12.198684355062273,-1.0174134734320752,1.5707356269626214,0.8501222683578954,-9.86320017727048,2.0000040003146937,8.374314617155776e-07,0.85,-9.500003250701335,1.1999960000344347,-8.796117386153897e-07,0.8499999999991371
1,C2,15,1.5040000000000049,-12.889617566920636,5.471229317149177e-08,2.6298107373298157e-07,0.010070449181239555,0.6793495460132164,1.43138465078481,1.7927999997377233,0.2999999999999004,0.0,3.5,3.5,3.5,-11.593720275085056,0.0007436627973345981,3.141488123715574,0.8497122968082181,-12.19868359731079,-0.9774113021084175,1.5707356269626214,0.8501101833907884,-9.833200177186711,2.0000040003184045,8.374314617155776e-07,0.85,-9.500003250701335,1.1999960000344347,-8.796117386153897e-07,0.8499999999991371
1,C2,16,1.6039999999999992,-12.86032884002241,3.25105109458445e-07,2.96607646612261e-07,0.010005599565172336,0.6727440091229552,1.460648397678415,1.7927999997409427,0.3000000000006331,-1.1102230246251565e-12,3.5,3.5,3.5,-11.628726885209481,0.0007448678533915008,3.141488123715574,0.8496957536323574,-12.198682951282564,-0.9374091478079487,1.5707356269626214,0.8500980888920087,-9.803203999999884,2.000000177466615,-3.5962824733191854e-09,0.85,-9.500003250701335,1.1999960000344347,-8.796117386153897e-07,0.8499999999991371
1,C2,17,1.7040000000000077,-12.826719409027815,5.749160410204947e-07,2.955278653152596e-07,0.010006026555549689,0.6661384722321577,1.4899121445743297,1.792799999740833,0.3000000000006331,-1.1102230246251565e-12,3.5,3.5,3.5,-11.667934600745474,0.0007461248665282258,3.141488123715574,0.8496773465908067,-12.198682360436237,-0.8926067554273761,1.5707356269626214,0.8500845330066242,-9.76960399999988,2.0000001774662124,-3.5962824733191854e-09,0.85,-9.500003250701335,1.1999960000344347,-8.796117386153897e-07,0.8499999999991371
1,C2,18,1.8000000000000114,-12.797938145171582,8.00095552907375e-07,2.9490007492482004e-07,0.010006856030384521,0.6595329353413636,1.5191758914702445,1.7927999997407231,0.30000000000063864,-1.0408340855860843e-12,3.4687557220458984,3.5,3.5,-11.701541474713121,0.0007471240813563875,3.141488123715574,0.84966167567707,-12.198681965643802,-0.8542047221875992,1.5707356269626214,0.8500729062817444,-9.740803999999878,2.000000177465867,-3.5962824733191854e-09,0.85,-9.500003250701335,1.1999960000344347,-8.796117386153897e-07,0.8499999999991371
1,C2,19,1.9000000000000057,-12.76823017525793,1.090776165108732e-06,2.946447354332269e-07,0.01008182226385475,0.65292739845058,1.5484396383661247,1.7927999997406647,0.29999999999990035,0.0,3.4687557220458984,3.5,3.5,-11.736548889009418,0.0007480878646930537,3.141488123715574,0.8496454608102906,-12.198681664026807,-0.8142026214626455,1.5707356269626214,0.8500607888874052,-9.710803999999875,2.0000001774655076,-3.5962824733191854e-09,0.85,-9.500003250701335,1.1999960000344347,-8.796117386153897e-07,0.8499999999991371
1,C2,20,2.004000000000005,-12.73845828046785,1.3778453518584101e-06,3.001689596868653e-07,0.009998277088294759,0.646321861559884,1.577703385261577,1.7927999997412234,0.3000000000006331,-1.1102230246251565e-12,3.4223148822784424,3.5,3.5,-11.771556560434199,0.0007489727544628089,3.141488123715574,0.8496293614691705,-12.198681474297386,-0.7742005384986913,1.5707356269626214,0.8500486661596748,-9.68080399999987,2.000000177465148,-3.5962824733191854e-09,0.85,-9.500003250701335,1.1999960000344347,-8.796117386153897e-07,0.8499999999991371
1,C2,21,2.1000000000000085,-12.708445439558206,1.6127730252854712e-06,2.9915839753622834e-07,0.010000217234846011,0.6397163246690785,1.6069671321574897,1.792799999741114,0.3000000000006386,-1.0408340855860843e-12,3.4223148822784424,3.5,3.5,-11.806564486925724,0.0007497785128463539,3.141488123715574,0.8496133819805017,-12.198681396471665,-0.7341984734727778,1.5707356269626214,0.8500365391289232,-9.650803999999868,2.000000177464788,-3.5962824733191854e-09,0.85,-9.500003250701335,1.1999960000344347,-8.796117386153897e-07,0.8499999999991371
1,C2,22,2.200000000000003,-12.678459462509862,1.8477969353577007e-06,2.98443982200983e-07,0.010002260648078675,0.6331107877782761,1.6362308790534024,1.7927999997410045,0.30000000000063864,-1.0408340855860843e-12,3.357276201248169,3.5,3.5,-11.841572666353704,0.000750504923291412,3.141488123715574,0.8495975266388653,-12.198681430556256,-0.6941964265604219,1.5707356269626214,0.8500244088258865,-9.620803999999865,2.0000001774644285,-3.5962824733191854e-09,0.85,-9.500003250701335,1.1999960000344347,-8.796117386153897e-07,0.8499999999991371
1,C2,23,2.3000000000000114,-12.648548865284905,2.1370348707770758e-06,2.979924417959995e-07,0.010075038228531405,0.6265052508874829,1.6654946259492893,1.7927999997409196,0.29999999999994753,-4.5102810375396984e-13,3.357276201248169,3.5,3.5,-11.876581096519866,0.0007511517905709308,3.141488123715574,0.8495817997054771,-12.198681576548266,-0.6541943979356007,1.5707356269626214,0.8500122762815786,-9.590803999999862,2.0000001774640688,-3.5962824733191854e-09,0.85,-9.500003250701335,1.1999960000344347,-8.796117386153897e-07,0.8499999999991371
1,C2,24,2.4040000000000106,-12.618657039152637,2.4313968534639602e-06,3.002293812973261e-07,0.009998723475305648,0.6198997139967382,1.6947583728449511,1.7927999997411603,0.3000000000006386,-1.0408340855860843e-12,3.304110527038574,3.5,3.5,-11.911589775158555,0.0007517189408355466,3.141488123715574,0.8495662054070423,-12.198681834435284,-0.6141923877707369,1.5707356269626214,0.8500001425272041,-9.560803999999859,2.0000001774637095,-3.5962824733191854e-09,0.85,-9.500003250701335,1.1999960000344347,-8.796117386153897e-07,0.8499999999991371
1,C2,25,2.5,-12.5886441017657,2.676079336125042e-06,2.99219127424348e-07,0.010000572326116484,0.6132941771059343,1.7240221197408636,1.7927999997410475,0.3000000000006331,-1.1102230246251565e-12,3.304110527038574,3.5,3.5,-11.946598699937338,0.0007522062216603095,3.141488123715574,0.8495507479346197,-12.198682204195391,-0.5741903962366846,1.5707356269626214,0.8499880085940703,-9.530803999999856,2.00000017746335,-3.5962824733191854e-09,0.85,-9.500003250701335,1.1999960000344347,-8.796117386153897e-07,0.8499999999991371
1,C2,26,2.603999999999999,-12.558658030050482,2.920629671434565e-06,2.9850402807664143e-07,0.01000256648221772,0.6066886402151337,1.7532858666367765,1.7927999997409394,0.3000000000006331,-1.1102230246251565e-12,3.2296698093414307,3.484501600265503,3.5,-11.981607868457626,0.0007526135020856498,3.141488123715574,0.8495354314424955,-12.19868268579716,-0.5341884235027134,1.5707356269626214,0.8499758755134997,-9.500803999999853,2.00000017746299,-3.5962824733191854e-09,0.85,-9.500003250701335,1.1999960000344347,-8.796117386153897e-07,0.8499999999991371
1,C2,27,2.700000000000003,-12.52874142418329,3.2139908425327288e-06,2.979716372496557e-07,0.010057511917754757,0.6000831033243442,1.7825496135326537,1.7927999997408648,0.29999999999987814,-4.163336342344337e-13,3.2296698093414307,3.484501600265503,3.5,-12.016617278255326,0.0007529406726525721,3.141488123715574,0.8495202600470665,-12.198683279199656,-0.4941864697364966,1.5707356269626214,0.8499637443167426,-9.47080399999985,2.0000001774626304,-3.5962824733191854e-09,0.85,-9.500003250701335,1.1999960000344347,-8.796117386153897e-07,0.8499999999991371
1,C2,28,2.804000000000002,-12.498782010752594,3.500662786033232e-06,2.994288285064091e-07,0.010001126526458343,0.593477566433587,1.811813360428375,1.792799999741024,0.3000000000006331,-1.1102230246251565e-12,3.220336675643921,3.441643238067627,3.5,-12.051626926801502,0.0007531876454320737,3.141488123715574,0.8495052378257337,-12.198683984352444,-0.4541845351040948,1.5707356269626214,0.8499516160348889,-9.440803999999847,2.0000001774622707,-3.5962824733191854e-09,0.85,-9.500003250701335,1.1999960000344347,-8.796117386153897e-07,0.8499999999991371
1,C2,29,2.9080000000000013,-12.468778744216076,3.751008275511288e-06,2.985250939292768e-07,0.01000265152448637,0.5868720295427873,1.8410771073242886,1.7927999997409159,0.30000000000063864,-1.0408340855860843e-12,3.220336675643921,3.441643238067627,3.5,-12.086636811503048,0.000753354354048776,3.141488123715574,0.8494903688158072,-12.19868480119559,-0.414182619769941,1.5707356269626214,0.8499394916987807,-9.410803999999844,2.000000177461911,-3.5962824733191854e-09,0.85,-9.500003250701335,1.1999960000344347,-8.796117386153897e-07,0.8499999999991371
1,C2,30,3.0,-12.438802346966984,4.0243070647305074e-06,2.979170030593413e-07,0.010004510372804115,0.580266492651991,1.8703408542202,1.7927999997408297,0.30000000000060534,-7.632783294297951e-13,3.1482858657836914,3.3753082752227783,3.5,-12.121646929703395,0.0007534407536987637,3.141488123715574,0.8494756570134202,-12.198685729659665,-0.3741807238968287,1.5707356269626214,0.8499273723389249,-9.380803999999841,2.0000001774615517,-3.5962824733191854e-09,0.85,-9.500003250701335,1.1999960000344347,-8.796117386153897e-07,0.8499999999991371
1,C3,0,0.0,-13.002133290921481,-1.1055969133042222e-06,1.0409674075126037e-07,0.01015549428302039,0.5168533384804763,2.1512728244334123,1.7927999998034831,-1.1102230246251565e-13,0.0,3.5,3.5,3.5,-11.40009605632665,-0.00022080832324148264,3.14148897858218,0.8509904211192697,-12.198861080335288,-1.199871144079305,1.5707307121801677,0.8497790659838846,-10.000000180383138,2.000004000160485,8.359433938366169e-07,0.85,-9.500003250701335,1.1999960000344347,-8.796117386153897e-07,0.8499999999991371
1,C3,1,1.043999999999997,-13.00220392017495,-1.1056287106277385e-06,1.0398639394277516e-07,0.010093094825243254,0.5168533384804763,2.1512728244334123,1.7927999998034831,-1.1102230246251565e-13,0.0,3.5,3.5,3.5,-11.402896420754285,-0.00022227677288252036,3.14148897858218,0.8509900571707623,-12.198861500564648,-1.1966704996916822,1.570730712180168,0.8497772840457142,-9.997600177283282,2.0000040002990667,8.359433938366169e-07,0.85,-9.500003250701335,1.1999960000344347,-8.796117386153897e-07,0.8499999999991371
1,C3,2,1.043999999999997,-13.002266450675378,-1.105665674748806e-06,1.0347133754988515e-07,0.010021020660236152,0.5168533384804769,2.15127282443341,1.7927999998034831,-1.1102230246251565e-13,0.0,3.5,3.5,3.5,-11.408496628433381,-0.00022311577424445156,3.14148897858218,0.8509898481823712,-12.198861742130038,-1.190270131119131,1.570730712180168,0.8497762662616029,-9.9928001772699,2.000004000299659,8.359433938366169e-07,0.85,-9.500003250701335,1.1999960000344347,-8.796117386153897e-07,0.8499999999991371
1,C3,3,1.043999999999997,-13.002266450675378,-1.105665674748806e-06,1.0347133754988515e-07,0.010021020660236152,0.5168533384804769,2.15127282443341,1.7927999998034831,-1.1102230246251565e-13,0.0,3.5,3.5,3.5,-11.408496628433381,-0.00022311577424445156,3.14148897858218,0.8509898481823712,-12.198861742130038,-1.190270131119131,1.570730712180168,0.8497762662616029,-9.9928001772699,2.000004000299659,8.359433938366169e-07,0.85,-9.500003250701335,1.1999960000344347,-8.796117386153897e-07,0.8499999999991371
1,C3,4,1.0720000000000027,-13.002031772697384,-1.183918112848196e-06,-0.00018483219171410892,0.010000007678371794,0.5168533384804769,2.15127282443341,1.7927999998034831,-1.1102230246251565e-13,0.0,3.5,3.5,3.5,-11.415496887453783,-0.00022416440922669244,3.14148897858218,0.8509895859062931,-12.198862045553236,-1.1822696700451238,1.5707307121801677,0.8497749945103003,-9.986800177253178,2.0000040003004003,8.359433938366169e-07,0.85,-9.500003250701335,1.1999960000344347,-8.796117386153897e-07,0.8499999999991371
1,C3,5,1.0720000000000027,-13.002031772697384,-1.183918112848196e-06,-0.00018483219171410892,0.010000007678371794,0.5168533384804774,2.151272824433408,1.7927999998034831,-1.2212453270876722e-13,0.0,3.5,3.5,3.5,-11.415496887453783,-0.00022416440922669244,3.14148897858218,0.8509895859062931,-12.198862045553236,-1.1822696700451238,1.5707307121801677,0.8497749945103003,-9.986800177253178,2.0000040003004003,8.359433938366169e-07,0.85,-9.500003250701335,1.1999960000344347,-8.796117386153897e-07,0.8499999999991371
1,C3,6,1.0720000000000027,-13.001315409529601,-1.866691924983524e-06,-0.0008491766112549825,0.010000147811746227,0.5168533384804774,2.151272824433408,1.7927999998034831,-1.2212453270876722e-13,0.0,3.5,3.5,3.5,-11.422497145831091,-0.00022521291312030235,3.14148897858218,0.8509893224743552,-12.198862350605374,-1.1742692085736788,1.570730712180168,0.8497737232929508,-9.980800177236453,2.000004000301141,8.359433938366169e-07,0.85,-9.500003250701335,1.1999960000344347,-8.796117386153897e-07,0.8499999999991371
1,C3,7,1.1079999999999899,-13.001315409529601,-1.866691924983524e-06,-0.0008491766112549825,0.010000147811746227,0.5168533384804774,2.151272824433408,1.7927999998034831,-1.2212453270876722e-13,0.0,3.5,3.5,3.5,-11.422497145831091,-0.00022521291312030235,3.14148897858218,0.8509893224743552,-12.198862350605374,-1.1742692085736788,1.570730712180168,0.8497737232929508,-9.980800177236453,2.000004000301141,8.359433938366169e-07,0.85,-9.500003250701335,1.1999960000344347,-8.796117386153897e-07,0.8499999999991371
1,C3,8,1.1079999999999899,-13.000148480513799,-4.183910997190085e-06,-0.001995078692312327,0.010000324849048482,0.5168498217707808,2.1512884331725814,1.7919999998042844,0.00039999999948414633,-0.0199999999799666,3.5,3.5,3.5,-11.42949740356494,-0.00022626128442594163,3.14148897858218,0.8509890578869339,-12.198862657285963,-1.166268746705539,1.5707307121801677,0.8497724526116023,-9.97480017721973,2.0000040003018817,8.359433938366169e-07,0.85,-9.500003250701335,1.1999960000344347,-8.796117386153897e-07,0.8499999999991371
1,C3,9,1.1079999999999899,-13.000148480513799,-4.183910997190085e-06,-0.001995078692312327,0.010000324849048482,0.5168498217707808,2.1512884331725814,1.7919999998042844,0.00039999999948414633,-0.0199999999799666,3.5,3.5,3.5,-11.42949740356494,-0.00022626128442594163,3.14148897858218,0.8509890578869339,-12.198862657285963,-1.166268746705539,1.5707307121801677,0.8497724526116023,-9.97480017721973,2.0000040003018817,8.359433938366169e-07,0.85,-9.500003250701335,1.1999960000344347,-8.796117386153897e-07,0.8499999999991371
1,C3,10,1.1359999999999957,-12.99852830856008,-9.692716265363865e-06,-0.0036230254596880005,0.010000530741216955,0.5168498217707808,2.1512884331725814,1.7919999998042844,0.00039999999948414633,-0.0199999999799666,3.5,3.5,3.5,-11.436497660654958,-0.0002273095216444603,3.14148897858218,0.8509887921444076,-12.19886296559451,-1.1582682844414491,1.570730712180168,0.849771182468302,-9.968800177203006,2.0000040003026225,8.359433938366169e-07,0.85,-9.500003250701335,1.1999960000344347,-8.796117386153897e-07,0.8499999999991371
1,C3,11,1.1359999999999957,-12.996453263269412,-2.048236282545941e-05,-0.005733732547639118,0.010000758604755635,0.5167803619798373,2.1516008034924163,1.787999999832899,0.008399999976915762,-0.11999999926459726,3.5,3.5,3.5,-11.44349791710078,-0.00022835762327690017,3.14148897858218,0.8509885252471564,-12.198863275530515,-1.1502678217821534,1.5707307121801677,0.8497699128650963,-9.962800177186281,2.0000040003033632,8.359433938366169e-07,0.85,-9.500003250701335,1.1999960000344347,-8.796117386153897e-07,0.8499999999991371
1,C3,12,1.2039999999999935,-12.99093727021817,-6.892912165953535e-05,-0.011407435056902544,0.010001258600487286,0.5160794903084844,2.1548868735222277,1.7760000002957832,0.06599999992557559,-0.19999999228269283,3.5,3.5,3.5,-11.45749842805837,-0.00023045341378868237,3.14148897858218,0.8509879879900073,-12.198863900282907,-1.134266895280927,1.5707307121801677,0.8497673752871492,-9.950800177152834,2.0000040003048443,8.359433938366169e-07,0.85,-9.500003250701335,1.1999960000344347,-8.796117386153897e-07,0.8499999999991371
1,C3,13,1.3079999999999927,-12.965654047605511,-0.0006584520432857484,-0.034130573502990584,0.01000286897764054,0.5119739978213387,2.176336849205343,1.7480000010891437,0.20599999993411444,-0.19999999950143232,3.5,3.5,3.5,-11.49809989522843,-0.00023652799470406984,3.14148897858218,0.8509864038615395,-12.198865748829306,-1.087864199559876,1.570730712180168,0.8497600287252862,-9.916000177055835,2.0000040003091377,8.359433938366169e-07,0.85,-9.500003250701335,1.1999960000344347,-8.796117386153897e-07,0.8499999999991371
1,C3,14,1.4039999999999964,-12.937077442551692,-0.0019034919099346786,-0.05333042025483408,0.010004504243293548,0.5056190559169619,2.21508190594453,1.720000001094378,0.3000000000006109,-0.20000000001116347,3.5,3.5,3.5,-11.53170109297158,-0.00024155146212417316,3.14148897858218,0.850985063566094,-12.198867319953578,-1.049461958725379,1.570730712180168,0.8497539629918363,-9.887200176975561,2.000004000312689,8.359433938366169e-07,0.85,-9.500003250701335,1.1999960000344347,-8.796117386153897e-07,0.8499999999991371
1,C3,15,1.5079999999999956,-12.908849371724958,-0.0036979087856008823,-0.07332065223390133,0.010134142633223079,0.5014564892128068,2.2447912149037608,1.7000000010937963,0.2999999999998504,-0.20000000000013066,3.5,3.5,3.5,-11.566702324717093,-0.0002467804174354337,3.14148897858218,0.8509836392656087,-12.198868996241263,-1.0094596150911856,1.5707307121801677,0.849747658434767,-9.85720017689194,2.0000040003163866,8.359433938366169e-07,0.85,-9.500003250701335,1.1999960000344347,-8.796117386153897e-07,0.8499999999991371
1,C3,16,1.6079999999999899,-12.882321516711336,-0.005731170676018883,-0.09250858161567978,0.010006022748014726,0.4978889015620596,2.2745778279809485,1.6800000010972314,0.2999999999401648,-0.19999999991394957,3.5,3.5,3.5,-11.600303491885002,-0.00025179637303703603,3.14148897858218,0.8509822449507483,-12.198870643527517,-0.9710573562344692,1.5707307121801677,0.8497416196511693,-9.828400176811666,2.000004000319935,8.359433938366169e-07,0.85,-9.500003250701335,1.1999960000344347,-8.796117386153897e-07,0.8499999999991371
1,C3,17,1.7039999999999935,-12.852271470553028,-0.008814300336113261,-0.11250821936842846,0.01000592859754791,0.4949177199516244,2.30442983093287,1.6600000010961198,0.30000000000060534,-0.20000000001109405,3.5,3.5,3.5,-11.635304691697275,-0.00025701714461664836,3.14148897858218,0.8509807644788138,-12.19887239901937,-0.9310549940088072,1.570730712180168,0.8497353436540577,-9.798403999999888,2.0000001771057887,-5.163901187808174e-09,0.85,-9.500003250701335,1.1999960000344347,-8.796117386153897e-07,0.8499999999991371
1,C3,18,1.804000000000002,-12.822315679517944,-0.012493814690539647,-0.1325079650999566,0.010006318149160287,0.49254413281490067,2.3343352833539264,1.6400000010950109,0.30000000000060534,-0.20000000001109405,3.5,3.5,3.5,-11.670305875153321,-0.0002622334645243583,3.14148897858218,0.8509792554258223,-12.19887419481764,-0.8910526224383344,1.5707307121801677,0.8497290826027452,-9.768403999999892,2.0000001771052722,-5.163901187808174e-09,0.85,-9.500003250701335,1.1999960000344347,-8.796117386153897e-07,0.8499999999991371
1,C3,19,1.9039999999999964,-12.79246613178685,-0.016768332989072654,-0.15250771687826326,0.0100071753902184,0.49076908955509585,2.3642822234618825,1.6200000010938969,0.30000000000060534,-0.20000000001109405,3.4803314208984375,3.5,3.5,-11.705307042210833,-0.0002674451462798727,3.14148897858218,0.8509777178457216,-12.198876030849995,-0.8510502416185705,1.570730712180168,0.8497228367494081,-9.738403999999896,2.0000001771047557,-5.163901187808174e-09,0.85,-9.500003250701335,1.1999960000344347,-8.796117386153897e-07,0.8499999999991371
1,C3,20,2.0039999999999907,-12.762960886752301,-0.02136589863888043,-0.17252157006664037,0.010108185525287857,0.48959330016584407,2.39425867287994,1.6000000010933597,0.29999999999984484,-0.20000000000006124,3.4803314208984375,3.5,3.5,-11.740308192828092,-0.0002726520035687073,3.14148897858218,0.8509761517934793,-12.198877907042489,-0.8110478516454075,1.5707307121801677,0.8497166063456106,-9.708403999999899,2.0000001771042393,-5.163901187808174e-09,0.85,-9.500003250701335,1.1999960000344347,-8.796117386153897e-07,0.8499999999991371
1,C3,21,2.10799999999999,-12.733548232650357,-0.026394650385306497,-0.19253528853203655,0.010000484855968435,0.48901723494724575,2.424252641427553,1.5800000010902668,0.30000000000060534,-0.20000000001109405,3.5,3.402043581008911,3.5,-11.775309326963958,-0.0002778538502488513,3.14148897858218,0.8509745573250806,-12.198879823319553,-0.7710454526151064,1.570730712180168,0.8497103916422949,-9.678403999999903,2.0000001771037232,-5.163901187808174e-09,0.85,-9.500003250701335,1.1999960000344347,-8.796117386153897e-07,0.8499999999991371
1,C3,22,2.2079999999999984,-12.703963395538926,-0.032461568775252296,-0.21253491173244715,0.010001762716425937,0.4890411243177158,2.4542521319182535,1.560000001089155,0.30000000000060534,-0.20000000001109405,3.5,3.402043581008911,3.5,-11.810310444577892,-0.00028305050035741904,3.14148897858218,0.8509729344975271,-12.198881779604003,-0.731043044624293,1.5707307121801677,0.8497041928897702,-9.648403999999907,2.0000001771032068,-5.163901187808174e-09,0.85,-9.500003250701335,1.1999960000344347,-8.796117386153897e-07,0.8499999999991371
1,C3,23,2.304000000000002,-12.674531936299545,-0.03911265480793224,-0.23253467749087778,0.010003226820214544,0.4896649587217975,2.4842451449552923,1.5400000010880461,0.30000000000060534,-0.20000000001109405,3.5,3.374013900756836,3.5,-11.845311545629938,-0.0002882417681172999,3.14148897858218,0.8509712833688337,-12.198883775817048,-0.6910406277699542,1.570730712180168,0.8496980103377039,-9.618403999999911,2.0000001771026903,-5.163901187808174e-09,0.85,-9.500003250701335,1.1999960000344347,-8.796117386153897e-07,0.8499999999991371
1,C3,24,2.4080000000000013,-12.645265658765044,-0.04634533244988481,-0.2525344729457733,0.010005055876957138,0.49088848863404716,2.514219683733353,1.520000001086932,0.30000000000060534,-0.20000000001109405,3.5,3.374013900756836,3.5,-11.880312630080732,-0.00029342746794379897,3.14148897858218,0.8509696039980273,-12.198885811878286,-0.6510382021494332,1.5707307121801677,0.8496918442351105,-9.588403999999915,2.000000177102174,-5.163901187808174e-09,0.85,-9.500003250701335,1.1999960000344347,-8.796117386153897e-07,0.8499999999991371
1,C3,25,2.5079999999999956,-12.616210005455496,-0.053551873955145796,-0.2725649715845485,0.010014604339832993,0.49271122465879474,2.544163758836511,1.500000001086834,0.2999999999998393,-0.20000000000013066,3.5,3.312504291534424,3.5,-11.91531369789151,-0.00029860741445127093,3.14148897858218,0.8509678964451445,-12.19888788770571,-0.6110357678604268,1.570730712180168,0.849685694830342,-9.55840399999992,2.0000001771016573,-5.163901187808174e-09,0.85,-9.500003250701335,1.1999960000344347,-8.796117386153897e-07,0.8499999999991371
1,C3,26,2.60799999999999,-12.588358936940283,-0.06158063300956555,-0.2917658899771411,0.010001264838115038,0.4951324377260123,2.5740653930338366,1.480000001082453,0.3000000000006109,-0.2000000000110247,3.5,3.312504291534424,3.5,-11.948914707299485,-0.00030357457847953026,3.14148897858218,0.8509662307373344,-12.198889917834473,-0.5726334228786781,1.570730712180168,0.8496798073409942,-9.529603999999923,2.0000001771011617,-5.163901187808174e-09,0.85,-9.500003250701335,1.1999960000344347,-8.796117386153897e-07,0.8499999999991371
1,C3,27,2.7039999999999935,-12.559535890510594,-0.07054378350101047,-0.31176563634287846,0.01000266892840372,0.49815115938271964,2.603912626070804,1.460000001081341,0.30000000000060534,-0.20000000001109405,3.5,3.2836999893188477,3.5,-11.983915742385646,-0.00030874271150866615,3.14148897858218,0.8509644681255912,-12.198892071359609,-0.5326309718841723,1.5707307121801677,0.849673691381798,-9.499603999999927,2.0000001771006453,-5.163901187808174e-09,0.85,-9.500003250701335,1.1999960000344347,-8.796117386153897e-07,0.8499999999991371
1,C3,28,2.8079999999999927,-12.530923462652057,-0.08007338875240247,-0.33176546877551827,0.010004342007834389,0.5017661821804782,2.633693519451887,1.4400000010802299,0.3000000000006109,-0.20000000001116347,3.5,3.2836999893188477,3.5,-12.018916760720524,-0.00031390454370804413,3.14148897858218,0.8509626775153758,-12.198894264398819,-0.4926285125123948,1.570730712180168,0.8496675928515691,-9.469603999999931,2.000000177100129,-5.163901187808174e-09,0.85,-9.500003250701335,1.1999960000344347,-8.796117386153897e-07,0.8499999999991371
1,C3,29,2.9039999999999964,-12.502503485271946,-0.08981756788072565,-0.35178580554149425,0.010063852644507067,0.505976060158353,2.6633961612167534,1.4200000010798652,0.29999999999984484,-0.20000000000020002,3.5,3.2190585136413574,3.5,-12.053917762267716,-0.0003190598905452723,3.14148897858218,0.8509608589707015,-12.198896496863773,-0.4526260448624025,1.5707307121801677,0.849661511995938,-9.439603999999935,2.0000001770996128,-5.163901187808174e-09,0.85,-9.500003250701335,1.1999960000344347,-8.796117386153897e-07,0.8499999999991371
1,C3,30,3.0,-12.475381264936562,-0.09985991427202949,-0.370993158584183,0.010004647794278877,0.5107791094213213,2.6930086707045806,1.4000000010757978,0.30000000000060534,-0.20000000001109405,3.5,3.2190585136413574,3.5,-12.087016094505927,-4.195045785742767e-05,3.1415782671618375,0.8505520274140986,-12.199401335691846,-0.41450588208274763,1.5708200566868296,0.8500632319204232,-9.410803999999938,2.0000001770991167,-5.163901187808174e-09,0.85,-9.500003250701335,1.1999960000344347,-8.796117386153897e-07,0.8499999999991371
1,C4,0,0.0,-13.002059575348081,-5.672861375239e-07,5.134184956987452e-08,0.010189698820174026,0.5870178827240021,2.9715145645989445,1.2071999998874912,6.494804694057166e-13,-7.632783294297951e-13,3.5,3.5,3.5,-11.400138130845516,4.870315947459891e-05,3.1415687975707147,0.8510326623642769,-12.198675017698031,-1.200425637479803,1.5707541098201048,0.8498557452929804,-10.000000180140605,2.000004000156305,8.344481762753277e-07,0.85,-9.500003250701335,1.1999960000344347,-8.796117386153897e-07,0.8499999999991371
1,C4,1,1.0080000000000098,-13.002059575348081,-5.672861375239e-07,5.134184956987452e-08,0.010189698820174026,0.5870178827240021,2.9715145645989445,1.2071999998874912,6.494804694057166e-13,-7.632783294297951e-13,3.5,3.5,3.5,-11.400138130845516,4.870315947459891e-05,3.1415687975707147,0.8510326623642769,-12.198675017698031,-1.200425637479803,1.5707541098201048,0.8498557452929804,-10.000000180140605,2.000004000156305,8.344481762753277e-07,0.85,-9.500003250701335,1.1999960000344347,-8.796117386153897e-07,0.8499999999991371
1,C4,2,1.0080000000000098,-13.002120162588897,-5.673091665617192e-07,5.1000505902677095e-08,0.010164301317011782,0.5870178827240013,2.9715145645989423,1.2071999998874912,2.609024107869118e-13,-3.469446951953614e-13,3.5,3.5,3.5,-11.40713916819959,4.8278778063277416e-05,3.1415687975707147,0.8510325430057055,-12.198675305959496,-1.1924251387625833,1.5707541098201048,0.849851684401227,-9.994000177056307,2.0000040002940094,8.344481762753277e-07,0.85,-9.500003250701335,1.1999960000344347,-8.796117386153897e-07,0.8499999999991371
1,C4,3,1.0080000000000098,-13.002189083288823,-5.673581692607886e-07,4.964662447566936e-08,0.010108191494367312,0.5870178827240013,2.9715145645989423,1.2071999998874912,2.609024107869118e-13,-3.469446951953614e-13,3.5,3.5,3.5,-11.414140032523532,4.792504937721296e-05,3.1415687975707147,0.8510324426225295,-12.19867555466836,-1.18442471975567,1.5707541098201048,0.8498483013583309,-9.988000177039613,2.0000040002947483,8.344481762753277e-07,0.85,-9.500003250701335,1.1999960000344347,-8.796117386153897e-07,0.8499999999991371
1,C4,4,1.0400000000000063,-13.002189083288823,-5.673581692607886e-07,4.964662447566936e-08,0.010108191494367312,0.5870178827240013,2.9715145645989423,1.2071999998874912,2.609024107869118e-13,-3.469446951953614e-13,3.5,3.5,3.5,-11.414140032523532,4.792504937721296e-05,3.1415687975707147,0.8510324426225295,-12.19867555466836,-1.18442471975567,1.5707541098201048,0.8498483013583309,-9.988000177039613,2.0000040002947483,8.344481762753277e-07,0.85,-9.500003250701335,1.1999960000344347,-8.796117386153897e-07,0.8499999999991371
1,C4,5,1.0400000000000063,-13.002189083288823,-5.673581692607886e-07,4.964662447566936e-08,0.010108191494367312,0.5870178827240008,2.97151456459894,1.2071999998874912,-1.2212453270876722e-13,0.0,3.5,3.5,3.5,-11.414140032523532,4.792504937721296e-05,3.1415687975707147,0.8510324426225295,-12.19867555466836,-1.18442471975567,1.5707541098201048,0.8498483013583309,-9.988000177039613,2.0000040002947483,8.344481762753277e-07,0.85,-9.500003250701335,1.1999960000344347,-8.796117386153897e-07,0.8499999999991371
1,C4,6,1.0400000000000063,-13.00226635849848,-5.67434165487607e-07,4.7238655322973414e-08,0.010021360235949768,0.5870178827240008,2.97151456459894,1.2071999998874912,-1.2212453270876722e-13,0.0,3.5,3.5,3.5,-11.421140896721464,4.757125053403561e-05,3.1415687975707147,0.8510323414051678,-12.198675811094711,-1.176424297652137,1.5707541098201048,0.8498449192766842,-9.98200017702292,2.000004000295487,8.344481762753277e-07,0.85,-9.500003250701335,1.1999960000344347,-8.796117386153897e-07,0.8499999999991371
1,C4,7,1.068000000000012,-13.00226635849848,-5.67434165487607e-07,4.7238655322973414e-08,0.010021360235949768,0.5870178827240008,2.97151456459894,1.2071999998874912,-1.2212453270876722e-13,0.0,3.5,3.5,3.5,-11.421140896721464,4.757125053403561e-05,3.1415687975707147,0.8510323414051678,-12.198675811094711,-1.176424297652137,1.5707541098201048,0.8498449192766842,-9.98200017702292,2.000004000295487,8.344481762753277e-07,0.85,-9.500003250701335,1.1999960000344347,-8.796117386153897e-07,0.8499999999991371
1,C4,8,1.068000000000012,-13.001715980602478,-6.380702661015993e-07,-0.00014128593263908402,0.010000375224166542,0.5870178827239997,2.9715145645989356,1.2071999998874912,-1.1102230246251565e-13,0.0,3.5,3.5,3.5,-11.428141760792686,4.721738182113986e-05,3.1415687975707147,0.8510322393537025,-12.198676075237008,-1.1684238724545157,1.5707541098201048,0.8498415381765732,-9.976000177006226,2.0000040002962254,8.344481762753277e-07,0.85,-9.500003250701335,1.1999960000344347,-8.796117386153897e-07,0.8499999999991371
1,C4,9,1.068000000000012,-13.001715980602478,-6.380702661015993e-07,-0.00014128593263908402,0.010000375224166542,0.5870178827239997,2.9715145645989356,1.2071999998874912,-1.1102230246251565e-13,0.0,3.5,3.5,3.5,-11.428141760792686,4.721738182113986e-05,3.1415687975707147,0.8510322393537025,-12.198676075237008,-1.1684238724545157,1.5707541098201048,0.8498415381765732,-9.976000177006226,2.0000040002962254,8.344481762753277e-07,0.85,-9.500003250701335,1.1999960000344347,-8.796117386153897e-07,0.8499999999991371
1,C4,10,1.0919999999999987,-13.000605529436461,-1.5773572202456128e-06,-0.0007511233591257436,0.010000502875569441,0.5870178827239997,2.9715145645989356,1.2071999998874912,-1.1102230246251565e-13,0.0,3.5,3.5,3.5,-11.435142624736493,4.6863443525977035e-05,3.1415687975707147,0.8510321364682166,-12.198676347093668,-1.1604234441653567,1.5707541098201048,0.8498381580782781,-9.970000176989531,2.000004000296964,8.344481762753277e-07,0.85,-9.500003250701335,1.1999960000344347,-8.796117386153897e-07,0.8499999999991371
1,C4,11,1.1159999999999997,-12.999045117744224,-4.880133435738524e-06,-0.0018425058048377547,0.010000667284319769,0.587075382384996,2.9716638754088818,1.2007999998890915,0.0039999999982776036,-0.15999999995998382,3.5,3.5,3.5,-11.442143488552185,4.650943593605498e-05,3.1415687975707147,0.8510320327487937,-12.198676626663058,-1.1524230127872286,1.5707541098201048,0.8498347790020734,-9.964000176972837,2.0000040002977024,8.344481762753277e-07,0.85,-9.500003250701335,1.1999960000344347,-8.796117386153897e-07,0.8499999999991371
1,C4,12,1.2040000000000077,-12.985239374713295,-0.00013337124523867737,-0.013806189046682883,0.010001755003887605,0.5907212939701483,2.9802838184959897,1.1528000004887187,0.11799999992538335,-0.39999999227692545,3.5,3.5,3.5,-11.475747633062007,4.480924399627706e-05,3.1415687975707147,0.8510315232898384,-12.198678075903057,-1.114020899255962,1.5707541098201048,0.8498185743030984,-9.935200176892707,2.000004000301246,8.344481762753277e-07,0.85,-9.500003250701335,1.1999960000344347,-8.796117386153897e-07,0.8499999999991371
1,C4,13,1.3000000000000114,-12.965816631552066,-0.0006114166888081733,-0.03235462644118167,0.010002834190203952,0.6033632131034166,3.006512486979306,1.096800001581381,0.2579999999270166,-0.3999999921303066,3.5,3.5,3.5,-11.503751084497052,4.3391225810736055e-05,3.1415687975707147,0.85103108407179,-12.198679419172366,-1.0820190838706185,1.5707541098201048,0.8498050903483273,-9.91120017682593,2.0000040003041972,8.344481762753277e-07,0.85,-9.500003250701335,1.1999960000344347,-8.796117386153897e-07,0.8499999999991371
1,C4,14,1.4000000000000057,-12.935365498852724,-0.0020804925104826316,-0.06635210224787667,0.01000444438748278,0.6204473724271341,3.0379237240763097,1.0488000024436792,0.30000000000511284,-0.3999999934308635,3.5,3.5,3.5,-11.538755395748396,4.161720957099139e-05,3.1415687975707147,0.8510305163055849,-12.198681271363327,-1.0420167457469782,1.5707541098201048,0.8497882630159138,-9.88120017674246,2.0000040003078854,8.344481762753277e-07,0.85,-9.500003250701335,1.1999960000344347,-8.796117386153897e-07,0.8499999999991371
1,C4,15,1.5,-12.902483024258137,-0.005010923782204778,-0.11272891881226159,0.010124988519954182,0.6359217576757461,3.063622428471245,1.0088000024426624,0.29999999999984484,-0.4000000000001225,3.5,3.5,3.5,-11.57936039245663,3.955731630560752e-05,3.1415687975707147,0.8510298316199333,-12.198683660519537,-0.9956139380606006,1.5707541098201048,0.8497687848633878,-9.846400176645634,2.000004000312161,8.344481762753277e-07,0.85,-9.500003250701335,1.1999960000344347,-8.796117386153897e-07,0.8499999999991371
1,C4,16,1.6000000000000085,-12.875480321199534,-0.008301052407230409,-0.15110925432844477,0.010004016418746412,0.6524114391435024,3.0886817662786568,0.9688000024460612,0.2999999999394709,-0.39999999991463536,3.5,3.5,3.5,-11.612964524042956,3.7850962730565e-05,3.1415687975707147,0.8510292438150137,-12.198685832867541,-0.9572115373012766,1.5707541098201048,0.849752701429716,-9.817603999999886,2.0000001768844813,-6.7066530624757534e-09,0.85,-9.500003250701335,1.1999960000344347,-8.796117386153897e-07,0.8499999999991371
1,C4,17,1.7040000000000077,-12.845540552193544,-0.013458159487018454,-0.191108607161221,0.010004467071326453,0.6698900368603973,3.11306164790785,0.9288000024438757,0.30000000000048876,-0.4000000000214943,3.5,3.5,3.5,-11.64796882420292,3.607199320535659e-05,3.1415687975707147,0.8510286111445301,-12.198688283291217,-0.917208962586164,1.5707541098201048,0.8497359854847661,-9.787603999999895,2.0000001768838107,-6.7066530624757534e-09,0.85,-9.500003250701335,1.1999960000344347,-8.796117386153897e-07,0.8499999999991371
1,C4,18,1.8000000000000114,-12.817038890122287,-0.01952543737045299,-0.2295081874698481,0.010005240034855893,0.6883295887973562,3.1367230707468714,0.888800002441729,0.30000000000048876,-0.4000000000214943,3.5,3.5,3.5,-11.68157294884376,3.436275837377489e-05,3.1415687975707147,0.8510279842338864,-12.19869081542019,-0.8788064202460122,1.5707541098201048,0.8497199765994435,-9.758803999999905,2.000000176883167,-6.7066530624757534e-09,0.85,-9.500003250701335,1.1999960000344347,-8.796117386153897e-07,0.8499999999991371
1,C4,19,1.9000000000000057,-12.787646188429122,-0.02699894602440163,-0.2695077905566302,0.010006486427764543,0.707700595604836,3.1596281815666707,0.8488000024395824,0.30000000000048876,-0.4000000000214943,3.5,3.5,3.5,-11.716577241601176,3.258085696121998e-05,3.1415687975707147,0.851027310853352,-12.198693639882773,-0.8388036988031234,1.5707541098201048,0.8497033431178664,-9.728803999999917,2.000000176882496,-6.7066530624757534e-09,0.85,-9.500003250701335,1.1999960000344347,-8.796117386153897e-07,0.8499999999991371
1,C4,20,2.0,-12.758840302208963,-0.03477263334280193,-0.3095467718090284,0.01006615111691495,0.7279720678041561,3.181740337076073,0.8088000024390511,0.2999999999998504,-0.4000000000001919,3.5,3.4414730072021484,3.5,-11.751581530452727,3.079751322938495e-05,3.1415687975707147,0.8510266167224227,-12.198696654568247,-0.7988009030977872,1.5707541098201048,0.8496867554039542,-9.698803999999928,2.0000001768818256,-6.7066530624757534e-09,0.85,-9.500003250701335,1.1999960000344347,-8.796117386153897e-07,0.8499999999991371
1,C4,21,2.1000000000000085,-12.730188266056182,-0.04422886015984329,-0.34956155195034033,0.01000476637020915,0.7491115753638752,3.2030241625428495,0.7688000024314949,0.30000000000043325,-0.4000000000221882,3.5,3.4414730072021484,3.5,-11.786585815311312,2.9012763393929714e-05,3.1415687975707147,0.8510259018551946,-12.198699859024554,-0.7587980335492236,1.5707541098201048,0.8496702159450606,-9.668803999999938,2.0000001768811546,-6.7066530624757534e-09,0.85,-9.500003250701335,1.1999960000344347,-8.796117386153897e-07,0.8499999999991371
1,C4,22,2.200000000000003,-12.70299179578532,-0.05472222332036034,-0.38796135730231107,0.010005332336497733,0.7710852995821678,3.2234456083873764,0.7288000024293039,0.30000000000048876,-0.4000000000214943,3.5,3.3843183517456055,3.5,-11.8201899249382,2.729811433325706e-05,3.1415687975707147,0.8510251960874176,-12.198703113393227,-0.7203952097102144,1.5707541098201048,0.8496543857650986,-9.640003999999948,2.000000176880511,-6.7066530624757534e-09,0.85,-9.500003250701335,1.1999960000344347,-8.796117386153897e-07,0.8499999999991371
1,C4,23,2.3000000000000114,-12.675136779405195,-0.06674448945047587,-0.42796113493838556,0.010006351844935122,0.7938580871873205,3.2429720046522617,0.6888000024271574,0.3000000000004832,-0.4000000000214249,3.5,3.3843183517456055,3.5,-11.855194201718238,2.5510713697754566e-05,3.1415687975707147,0.8510244406195463,-12.198706688380144,-0.6803921966873397,1.5707541098201048,0.8496379480733087,-9.61000399999996,2.00000017687984,-6.7066530624757534e-09,0.85,-9.500003250701335,1.1999960000344347,-8.796117386153897e-07,0.8499999999991371
1,C4,24,2.4040000000000106,-12.64769709448769,-0.07925712343841683,-0.4679966994103289,0.010060311357926862,0.8173935065770536,3.2615721132688704,0.6488000024263678,0.29999999999984484,-0.4000000000002613,3.5,3.3504464626312256,3.5,-11.890198474247986,2.3722014321520638e-05,3.1415687975707147,0.8510236644595679,-12.198710451633303,-0.6403891111267777,1.5707541098201048,0.8496215659552734,-9.58000399999997,2.0000001768791695,-6.7066530624757534e-09,0.85,-9.500003250701335,1.1999960000344347,-8.796117386153897e-07,0.8499999999991371
1,C4,25,2.5,-12.620792303440135,-0.09311990189206572,-0.5080106456756112,0.010004285956275711,0.8416539061008179,3.2792161780309748,0.6088000024185256,0.30000000000043325,-0.4000000000221882,3.5,3.3504464626312256,3.5,-11.925202742440682,2.1932052528976312e-05,3.1415687975707147,0.8510228676232444,-12.198714402588406,-0.6003859534912129,1.5707541098201048,0.8496052418675167,-9.55000399999998,2.000000176878499,-6.7066530624757534e-09,0.85,-9.500003250701335,1.1999960000344347,-8.796117386153897e-07,0.8499999999991371
1,C4,26,2.603999999999999,-12.59455859948873,-0.1084026251819026,-0.5480104164236664,0.010005090840579406,0.8666004742951264,3.295875972199254,0.5688000024163735,0.3000000000004943,-0.4000000000214249,3.5,3.3055341243743896,3.5,-11.960207006209647,2.0140864670179587e-05,3.1415687975707147,0.8510220501267579,-12.198718540652996,-0.5603827242541378,1.5707541098201048,0.8495889782578614,-9.520003999999991,2.0000001768778284,-6.7066530624757534e-09,0.85,-9.500003250701335,1.1999960000344347,-8.796117386153897e-07,0.8499999999991371
1,C4,27,2.7040000000000077,-12.568980168981481,-0.12470843316988955,-0.5880102908023972,0.010006373479906811,0.8921933019722149,3.311524843656762,0.5288000024142243,0.3000000000004943,-0.400000000021425,3.5,3.3055341243743896,3.5,-11.995211265468292,1.8348487120086724e-05,3.1415687975707147,0.8510212119867098,-12.198722865206566,-0.5203794238997819,1.5707541098201048,0.8495727775650612,-9.490004000000003,2.0000001768771574,-6.7066530624757534e-09,0.85,-9.500003250701335,1.1999960000344347,-8.796117386153897e-07,0.8499999999991371
1,C4,28,2.804000000000002,-12.543798238629094,-0.1412535988310368,-0.6280597131196056,0.01000545714134985,0.9183914460670144,3.3261377575472664,0.48880000240793076,0.299999999993239,-0.40000000015485976,3.5,3.2763850688934326,3.5,-12.030215520130122,1.655495627781436e-05,3.1415687975707147,0.8510203532201208,-12.198727375600642,-0.48037605292303875,1.5707541098201048,0.8495566422184354,-9.460004000000014,2.000000176876487,-6.7066530624757534e-09,0.85,-9.500003250701335,1.1999960000344347,-8.796117386153897e-07,0.8499999999991371
1,C4,29,2.9040000000000106,-12.519574532585708,-0.1595762689797116,-0.6680595325946415,0.010005775373290506,0.9451529951382459,3.3396913363259717,0.44880000240573137,0.30000000000047766,-0.4000000000216331,3.5,3.2763850688934326,3.5,-12.065219770108735,1.4760308565899322e-05,3.1415687975707147,0.8510194738444304,-12.198732071158885,-0.44037261182939186,1.5707541098201048,0.8495405746375047,-9.430004000000023,2.000000176875816,-6.7066530624757534e-09,0.85,-9.500003250701335,1.1999960000344347,-8.796117386153897e-07,0.8499999999991371
1,C4,30,3.0,-12.49612355499604,-0.17883569916071673,-0.7080594660439151,0.01000662127665375,0.9724351364158704,3.3521638971580727,0.4088000024035847,0.30000000000048876,-0.4000000000214943,3.5,3.2440266609191895,3.5,-12.10019891782791,2.70120587682934e-05,3.141573251535508,0.85099838068449,-12.198761882524135,-0.4003832216178357,1.5707585642471065,0.8495449664626741,-9.400004000000035,2.0000001768751456,-6.7066530624757534e-09,0.85,-9.500003250701335,1.1999960000344347,-8.796117386153897e-07,0.8499999999991371
