episode_id,candidate_id,start_odom_x,start_odom_y,start_odom_yaw,end_odom_x,end_odom_y,end_odom_yaw,start_world_x,start_world_y,start_world_yaw,end_world_x,end_world_y,end_world_yaw,end_world_z,actual_displacement,actual_world_path_length,gazebo_trace_path_length_raw,path_length_source,expected_distance,progress_ratio,progress_ratio_definition,rollout_scan_samples,actual_min_range_raw,rollout_front_min,rollout_left_min,rollout_right_min,actual_min_range,stuck,trace_samples,min_human_center_distance,time_to_min_human_distance,closest_human_id
2,C0,-0.9278337738072697,2.1808217547753825,2.772800000203325,-1.7021005790878654,1.981195008141566,-2.3263853068932097,-13.001334758684342,1.495365030750104e-09,-3.7502682862396975e-09,-12.328558569493035,0.40709894365870053,1.1715198115687653,0.010019739106922717,0.7863570114479072,0.8405778095232539,0.4823208579626301,relative_odom_aligned_to_gazebo_world_start,0.8999999999999999,0.9339753439147266,actual_world_path_length/expected_distance,14,1.848775863647461,3.3941166400909424,3.426032781600952,3.5,3.3941166400909424,0,31,1.704149611458099,3.0,human_01
2,C1,-1.70210057908767,1.9811950081416967,-2.3263853068923437,-2.0610597039790313,1.226269124320831,-1.731985306844985,-13.001413690568949,1.5714737465833283e-09,-3.874056018617093e-09,-12.207001530850942,0.23776187005863064,0.5918467013747558,0.01000193759652229,0.8292293926377264,0.846361591219595,0.48006092624063845,relative_odom_aligned_to_gazebo_world_start,0.8999999999999999,0.9404017680217723,actual_world_path_length/expected_distance,14,1.8497893810272217,3.1993625164031982,3.5,3.5,3.1993625164031982,0,31,1.7134423266103957,3.0,human_01
2,C2,-2.061059703979116,1.2262691243211075,-1.7319853068424182,-2.1939469866127315,0.40900235629876686,-1.7319853068397981,-13.001251091434943,1.7075173089545814e-09,-3.652792500215261e-09,-12.172820063331626,6.67933690083733e-06,2.6657166419521085e-07,0.01000362431248733,0.82843102813023,0.8279999999996548,0.4849430323307133,relative_odom_aligned_to_gazebo_world_start,0.8999999999999999,0.9199999999996166,actual_world_path_length/expected_distance,14,1.8438494205474854,3.220877170562744,3.4202229976654053,3.5,3.220877170562744,0,31,1.7391735677241782,3.0,human_01
2,C3,-2.1939469866128327,0.4090023562990963,-1.7319853068371605,-2.547136840205357,-0.30509229436413904,-2.299185306873791,-13.001251082250636,1.7069117512815354e-09,-3.652827655533128e-09,-12.224113463828774,-0.22774678678441376,-0.5784010169039323,0.010008180672413611,0.8098218801900313,0.8056196942090954,0.45716041677093766,relative_odom_aligned_to_gazebo_world_start,0.8999999999999999,0.8951329935656617,actual_world_path_length/expected_distance,14,1.849972128868103,3.5,3.278203248977661,3.5,3.278203248977661,0,31,1.8075131386298278,3.0,human_01
2,C4,-2.547136840205315,-0.30509229436397756,-2.29918530687237,-3.3170258258505436,-0.48413164496734834,2.814400000220482,-13.001349874199128,1.5940899063012396e-09,-3.7819385860585415e-09,-12.318529562287068,-0.41333897569597317,-1.1657642287074381,0.009998395680658904,0.798180862027447,0.8298687569494929,0.49668057053694586,relative_odom_aligned_to_gazebo_world_start,0.8999999999999999,0.9220763966105477,actual_world_path_length/expected_distance,14,1.844864010810852,3.5,3.2853052616119385,3.5,3.2853052616119385,0,31,1.8358635173808726,3.0,human_01
3,C0,-3.317025825850418,-0.4841316449674308,2.814400000221692,-4.071983102503197,-0.7041031942079148,-2.3055853068748857,-13.001365325236765,1.4026085916075683e-09,-3.785740808713055e-09,-12.333477243379036,0.388970192586085,1.1514063001632862,0.01000758474906717,0.7728986346972718,0.8251285200507366,0.47338537366885025,relative_odom_aligned_to_gazebo_world_start,0.8999999999999999,0.9168094667230408,actual_world_path_length/expected_distance,14,1.8462376594543457,3.3600962162017822,3.3134219646453857,3.5,3.3134219646453857,0,31,2.2901859970907332,3.0,human_01
3,C1,-4.071983102502961,-0.7041031942077718,-2.3055853068743195,-4.4125376692288505,-1.4485242200613466,-1.7231853068283771,-13.00122587403966,1.4611136792302712e-09,-3.5942962021381356e-09,-12.221675155155625,0.22810954008555828,0.5790290415667398,0.010000771226490403,0.8122396720944338,0.8285820788021718,0.5000769290335016,relative_odom_aligned_to_gazebo_world_start,0.8999999999999999,0.9206467542246355,actual_world_path_length/expected_distance,14,1.8430567979812622,3.2065234184265137,3.5,3.5,3.2065234184265137,0,31,2.193152078918385,3.0,human_01
3,C2,-4.412537669228658,-1.4485242200611168,-1.723185306827132,-4.539320910731079,-2.2740452977291934,-1.723185306823223,-13.001079336703858,1.5452526122518731e-09,-3.4267072568929796e-09,-12.167493044361095,7.242876226990944e-06,2.207796562703611e-07,0.010014106894067983,0.8335862923742163,0.835200000000075,0.49808004908412734,relative_odom_aligned_to_gazebo_world_start,0.8999999999999999,0.9280000000000834,actual_world_path_length/expected_distance,14,1.841560959815979,3.231339454650879,3.4202089309692383,3.5,3.231339454650879,0,31,2.134853547563492,3.0,human_01
3,C3,-4.539320910731157,-2.2740452977293746,-1.723185306817872,-4.921703961043061,-3.0303093761410946,-2.3255853068573766,-13.001158237684598,1.5455496489289657e-09,-3.515027624216122e-09,-12.196132482699264,-0.23408768719437742,-0.5928272147806821,0.010008561418513784,0.8383695558697889,0.8586963158594083,0.5475753570525219,relative_odom_aligned_to_gazebo_world_start,0.8999999999999999,0.9541070176215649,actual_world_path_length/expected_distance,15,1.8331354856491089,3.4650678634643555,3.2323648929595947,3.5,3.2323648929595947,0,31,1.9470040823707953,3.0,human_01
3,C4,-4.921703961043384,-3.030309376141394,-2.325585306856022,-5.697176190029906,-3.188547205398479,2.786400000244167,-13.000998065650492,1.5482972266083564e-09,-3.2858785246744157e-09,-12.311558816429601,-0.37592355643129743,-1.114861797613721,0.010008701691595926,0.785267470235654,0.8314493164625762,0.498528102774308,relative_odom_aligned_to_gazebo_world_start,0.8999999999999999,0.923832573847307,actual_world_path_length/expected_distance,14,1.8390816450119019,3.5,3.30005145072937,3.5,3.30005145072937,0,31,2.0490059392634596,3.0,human_01
4,C0,-5.6971761900304765,-3.1885472053982715,2.7864000002455214,-6.467031911447009,-3.3969186904447137,-2.315985306846464,-13.001158237685605,1.5496485452456705e-09,-3.515430092325079e-09,-12.33190421402604,0.4070883174386336,1.1752779613075184,0.010008483553397873,0.783340184797032,0.8380814648611139,0.47581190272906393,relative_odom_aligned_to_gazebo_world_start,0.8999999999999999,0.9312016276234599,actual_world_path_length/expected_distance,14,1.8444771766662598,3.3851115703582764,3.2818732261657715,3.5,3.2818732261657715,0,31,2.1089908167351683,3.0,human_01
4,C1,-6.467031911447438,-3.3969186904451067,-2.315985306845088,-6.808376857212983,-4.098770553784929,-1.7599853068047635,-13.00115823768561,1.5850665914403343e-09,-3.518909136453787e-09,-12.25542307261684,0.20793744602434105,0.5536003505593889,0.010041710912292338,0.774182741489426,0.7890971443243938,0.4817610617254223,relative_odom_aligned_to_gazebo_world_start,0.8999999999999999,0.8767746048048821,actual_world_path_length/expected_distance,14,1.8475548028945923,3.2027971744537354,3.5,3.5,3.2027971744537354,0,31,2.0440085744273917,3.0,human_01
4,C2,-6.808376857213365,-4.098770553786196,-1.759985306801855,-6.957322284234699,-4.876638961532899,-1.7599853067990794,-13.001251090055609,1.6944049693918259e-09,-3.6515185635925124e-09,-12.210315032352796,6.294512572343605e-06,2.6527728829706066e-07,0.010020596188107932,0.7909360577278468,0.7920000000006056,0.4971205767945829,relative_odom_aligned_to_gazebo_world_start,0.8999999999999999,0.8800000000006729,actual_world_path_length/expected_distance,15,1.8439239263534546,3.202857732772827,3.407419443130493,3.5,3.202857732772827,0,31,1.944144433788869,3.0,human_01
4,C3,-6.957322284234878,-4.876638961533421,-1.759985306797436,-7.322165138347417,-5.5718050046680565,-2.3191853068345885,-13.001094527604145,1.6955533312416768e-09,-3.4566303527403782e-09,-12.242014461389047,-0.21456753388688873,-0.5598782155808328,0.010071484640268087,0.7888230310095165,0.7938482030442309,0.48396414778025626,relative_odom_aligned_to_gazebo_world_start,0.8999999999999999,0.8820535589380344,actual_world_path_length/expected_distance,14,1.834835410118103,3.4959044456481934,3.2617695331573486,3.5,3.2617695331573486,0,31,1.9133077612878184,3.0,human_01
4,C4,-7.3221651383483275,-5.571805004668882,-2.319185306832501,-8.064785339845768,-5.74577478902476,2.8376000002681323,-13.001036029702226,1.5978336384191074e-09,-3.3958618967607364e-09,-12.331335931737186,-0.3582148477039222,-1.0867470943131792,0.010008605685447022,0.7594841008702309,0.7985083933453112,0.49989930467460947,relative_odom_aligned_to_gazebo_world_start,0.8999999999999999,0.887231548161457,actual_world_path_length/expected_distance,14,1.848623514175415,3.5,3.2534749507904053,3.5,3.2534749507904053,0,31,1.8312088206492578,3.0,human_01
5,C0,-8.064785339846486,-5.745774789024604,2.8376000002690427,-8.820659033272928,-5.990510825096948,-2.2695853068261234,-13.000983659216178,1.5785463724128226e-09,-3.2029762779325522e-09,-12.327463978397041,0.37227750012276417,1.117477614113908,0.010008639583246905,0.7695578577163981,0.8349054816330139,0.4740462728100773,relative_odom_aligned_to_gazebo_world_start,0.8999999999999999,0.9276727573700155,actual_world_path_length/expected_distance,14,1.845201849937439,3.357400417327881,3.4348537921905518,3.5,3.357400417327881,0,31,2.9208012257191687,3.0,human_02
5,C1,-8.82065903327308,-5.990510825097322,-2.2695853068247684,-9.140064677504725,-6.807620881025166,-1.6463853067798697,-13.001102625610393,1.6016594734577357e-09,-3.4559429274080076e-09,-12.179036417862513,0.24103721670451514,0.5960353188443059,0.010008642317477605,0.8566748443753452,0.8896953782604753,0.5321934029154302,relative_odom_aligned_to_gazebo_world_start,0.8999999999999999,0.9885504202894171,actual_world_path_length/expected_distance,15,1.8512934446334839,3.144920825958252,3.5,3.5,3.144920825958252,0,31,2.956539450116974,3.0,human_02
5,C2,-9.140064677504652,-6.807620881025641,-1.646385306778493,-9.20467703850409,-7.6607777263988845,-1.646385306775584,-13.001102625609546,1.6040232969337288e-09,-3.4561748376053242e-09,-12.145938708141362,7.397289727560702e-06,2.63275315679771e-07,0.01003500454369331,0.8551639175001642,0.8556000000006687,0.4986979024318339,relative_odom_aligned_to_gazebo_world_start,0.8999999999999999,0.9506666666674097,actual_world_path_length/expected_distance,15,1.8528765439987183,3.186656951904297,3.4202561378479004,3.5,3.186656951904297,0,31,3.0000028954036226,2.004000000000019,human_02
5,C3,-9.204677038503982,-7.66077772639964,-1.6463853067736303,-9.522658577584002,-8.43759380743069,-2.2431853068158163,-13.001482885251122,1.5935260505583986e-09,-3.98094855765345e-09,-12.194281505877262,-0.2444148894604491,-0.5974431019738125,0.010004264505322403,0.8433935652066525,0.8499945383290806,0.5028075967504702,relative_odom_aligned_to_gazebo_world_start,0.8999999999999999,0.9444383759212007,actual_world_path_length/expected_distance,14,1.8466390371322632,3.489621639251709,3.236774206161499,3.5,3.236774206161499,0,31,3.0068104016470345,0.0,human_02
5,C4,-9.522658577584519,-8.437593807432272,-2.243185306813507,-10.241733058563087,-8.669298955545587,2.9248000002908014,-13.00146508111237,1.4683215748757776e-09,-3.941491158918739e-09,-12.333629088690882,-0.3789874613266554,-1.1127430347918177,0.010003592935920406,0.7678778612053918,0.7900385425651922,0.5002638251716555,relative_odom_aligned_to_gazebo_world_start,0.8999999999999999,0.8778206028502137,actual_world_path_length/expected_distance,14,1.847931981086731,3.5,3.3011045455932617,3.5,3.3011045455932617,0,31,3.0068097655428927,0.0,human_02
6,C0,-10.241733058566236,-8.669298955546118,2.9248000002960195,-10.943118544598466,-8.938672476379697,-2.249585306801723,-13.003674907417441,1.0567807821648984e-09,-4.983455603849023e-09,-12.348100128965429,0.3432342966848127,1.0639899529571453,0.010008808179418896,0.7399919403869718,0.785307703933262,0.475584594916753,relative_odom_aligned_to_gazebo_world_start,0.8999999999999999,0.8725641154814023,actual_world_path_length/expected_distance,14,1.8449288606643677,3.3732266426086426,3.5,3.5,3.3732266426086426,0,31,2.5638008850813763,0.0,human_01
6,C1,-10.943118544598674,-8.938672476380416,-2.249585306800368,-11.242996621518866,-9.71771836652231,-1.6559853067557433,-13.001430484245393,1.184826817398527e-09,-3.86127794735198e-09,-12.208277591327601,0.2371224200009466,0.5910854670015684,0.00999952646986323,0.8278396904286905,0.8452190964594437,0.486059953294441,relative_odom_aligned_to_gazebo_world_start,0.8999999999999999,0.939132329399382,actual_world_path_length/expected_distance,14,1.8491230010986328,3.2417540550231934,3.5,3.5,3.2417540550231934,0,31,2.561986984267243,0.0,human_01
6,C2,-11.242996621518696,-9.717718366523616,-1.6559853067529011,-11.312733089852863,-10.534346179535238,-1.6559853067497259,-13.001334758695204,1.3115981859629652e-09,-3.7322152594307316e-09,-12.181373798472595,6.726746431134577e-06,2.6701891751496126e-07,0.010002958338829632,0.8199609602501905,0.8195999999999177,0.5067341940512146,relative_odom_aligned_to_gazebo_world_start,0.8999999999999999,0.9106666666665754,actual_world_path_length/expected_distance,14,1.840338945388794,3.2103190422058105,3.430903434753418,3.5,3.2103190422058105,0,31,2.5620101924371146,0.0,human_01
6,C3,-11.312733089852644,-10.534346179536989,-1.6559853067461063,-11.629134222239466,-11.296851476768415,-2.2431853067847745,-13.001349861156893,1.3108526695066887e-09,-3.754249451534983e-09,-12.206952071166763,-0.23651237561858993,-0.5878399224265168,0.010005143697964763,0.8288582226062656,0.8357398995525469,0.5042406845757954,relative_odom_aligned_to_gazebo_world_start,0.8999999999999999,0.9285998883917189,actual_world_path_length/expected_distance,14,1.8456507921218872,3.4849133491516113,3.270022392272949,3.5,3.270022392272949,0,31,2.5620041789700534,0.0,human_01
6,C4,-11.629134222239646,-11.296851476769145,-2.243185306783109,-12.382008293347246,-11.520285563890752,2.8784000003190657,-13.001079336673543,1.2545984268414975e-09,-3.398157392371143e-09,-12.315478923258167,-0.36868638293944206,-1.1070382761262378,0.010008377714222381,0.7784456158046044,0.8247418340443133,0.5139115598059453,relative_odom_aligned_to_gazebo_world_start,0.8999999999999999,0.9163798156047926,actual_world_path_length/expected_distance,15,1.8375099897384644,3.5,3.251596450805664,3.5,3.251596450805664,0,31,2.5616465696786648,0.0,human_01
7,C0,-12.382008293347956,-11.520285563890289,2.8784000003199983,-13.116093160969665,-11.781540446257207,-2.252785306777945,-13.000946400579837,1.23116593610546e-09,-2.5661890818505303e-09,-12.341982931610378,0.3703530003071972,1.105361843509132,0.010006732396944612,0.7559062093678512,0.8176835871043167,0.4955391106206827,relative_odom_aligned_to_gazebo_world_start,0.8999999999999999,0.9085373190047964,actual_world_path_length/expected_distance,14,1.83995521068573,3.3857102394104004,3.3119611740112305,3.5,3.3119611740112305,0,31,2.603381776729839,0.0,human_01
7,C1,-13.116093160970946,-11.781540446258285,-2.2527853067748365,-13.416401083768582,-12.538121532492331,-1.6735853067338453,-13.000979929571852,1.4215345175973867e-09,-3.1587405044387706e-09,-12.236304372774853,0.2119255900260891,0.5583838221951535,0.01000549359309324,0.793499314598435,0.8238413210713662,0.4919166813665181,relative_odom_aligned_to_gazebo_world_start,0.8999999999999999,0.9153792456348514,actual_world_path_length/expected_distance,15,1.843119740486145,3.19775652885437,3.5,3.5,3.19775652885437,0,31,2.6034082506233114,0.0,human_01
7,C2,-13.416401083768466,-12.538121532492926,-1.6735853067322466,-13.502838123117101,-13.376075229441307,-1.673585306733312,-13.001065487440682,1.4530004751689365e-09,-3.4050378650594705e-09,-12.162143093362705,7.454323343578145e-06,2.2630187887433797e-07,0.010008821425812936,0.8389223941110827,0.8424000000004845,0.5129591526077584,relative_odom_aligned_to_gazebo_world_start,0.8999999999999999,0.9360000000005385,actual_world_path_length/expected_distance,15,1.8358999490737915,3.1759250164031982,3.39975905418396,3.5,3.1759250164031982,0,31,2.603507288428246,0.0,human_01
7,C3,-13.502838123117035,-13.376075229441328,-1.673585306740817,-13.847255588260689,-14.150367656863681,-2.2759853067945994,-13.000983659216123,1.449420525396067e-09,-3.1902937706525713e-09,-12.19490016068006,-0.2357013527670638,-0.5853145377102043,0.01000666457903537,0.8398367311517305,0.8584658117690633,0.5092191889541661,relative_odom_aligned_to_gazebo_world_start,0.8999999999999999,0.953850901965626,actual_world_path_length/expected_distance,14,1.8430829048156738,3.5,3.2629666328430176,3.5,3.2629666328430176,0,31,2.603414555060679,0.0,human_01
7,C4,-13.847255588259866,-14.150367656862715,-2.2759853067928675,-14.632163247663357,-14.340848322811562,2.810400000294706,-13.001291419895056,1.4016035872531988e-09,-3.6790134719505254e-09,-12.311329684450765,-0.4320725446968105,-1.2035056986511956,0.0100085712789124,0.8140846893716055,0.8503904434052567,0.5262865560932266,relative_odom_aligned_to_gazebo_world_start,0.8999999999999999,0.9448782704502854,actual_world_path_length/expected_distance,15,1.8431397676467896,3.5,3.268181562423706,3.5,3.268181562423706,0,31,2.6037824127772358,0.0,human_01
1,C0,-15.698757873738977,-15.377967914284465,-1.6303853067229215,-15.296596336306864,-16.04295578535792,-0.481585306629935,-13.001277642522934,1.360007657803904e-09,-3.655532199540636e-09,-12.338296128421637,0.37992970792069775,1.131349331299534,0.010005268809913492,0.7641276529267477,0.814450530159281,0.46632916062296415,relative_odom_aligned_to_gazebo_world_start,0.8999999999999999,0.9049450335103123,actual_world_path_length/expected_distance,14,1.8439955711364746,3.3977060317993164,3.4096951484680176,3.5,3.3977060317993164,0,31,1.3667007738314758,0.0,human_04
1,C1,-15.296596336308168,-16.04295578535724,-0.4815853066276257,-14.495376457568856,-16.18664466607479,0.0976146934328168,-13.001251090284734,1.4473002887121164e-09,-3.627241972271529e-09,-12.222953309486982,0.2274910119736224,0.5790696312354192,0.010004692623629097,0.8108634875643328,0.8236885969773928,0.47896078977597406,relative_odom_aligned_to_gazebo_world_start,0.8999999999999999,0.9152095521971032,actual_world_path_length/expected_distance,14,1.8405101299285889,3.235095977783203,3.5,3.5,3.235095977783203,0,31,1.3667156431308085,0.0,human_04
1,C2,-14.495376457571487,-16.186644666075047,0.0976146934369024,-13.686843913993592,-16.10746836928508,0.09761469341749571,-13.001442696904364,1.5608896073645212e-09,-2.7125718246458707e-10,-12.176226160569763,6.507074214137889e-06,3.706446773137966e-07,0.010000915371541911,0.8252165363602437,0.8123999999987159,0.47106355908437475,relative_odom_aligned_to_gazebo_world_start,0.8999999999999999,0.90266666666524,actual_world_path_length/expected_distance,14,1.8441358804702759,3.2328264713287354,3.4835593700408936,3.5,3.2328264713287354,0,31,1.3666797375875583,0.0,human_04
1,C3,-13.686843913996036,-16.107468369285325,0.09761469341851713,-12.910424921050268,-16.263976519297238,-0.46638530663451605,-13.001319917362004,-1.2470499534975477e-07,8.667964986010075e-09,-12.238368614712414,-0.21797745019652964,-0.5644786480650351,0.010001421572349484,0.7934789251411462,0.8009405715389699,0.4722546172976765,relative_odom_aligned_to_gazebo_world_start,0.8999999999999999,0.8899339683766333,actual_world_path_length/expected_distance,13,1.847915768623352,3.5,3.3015542030334473,3.5,3.3015542030334473,0,31,1.3666889289827127,0.0,human_04
1,C4,-12.910424921052359,-16.263976519296186,-0.46638530663158506,-12.537784456172758,-16.956426557898194,-1.6295853067187684,-13.001413690599229,-1.2502329852691595e-07,8.562483204158905e-09,-12.321553358950153,-0.4031552737200566,-1.1689813209940174,0.010008609325316328,0.7904075812330601,0.8248829028242377,0.4822500623309181,relative_odom_aligned_to_gazebo_world_start,0.8999999999999999,0.9165365586935975,actual_world_path_length/expected_distance,14,1.84394109249115,3.5,3.286609411239624,3.5,3.286609411239624,0,31,1.3666928719380993,0.0,human_04
