episode_id,scenario_family,status,reason,duration_sec,infrastructure_pass,cleanup_clean
ep_000001,empty,timeout,episode_timeout,23.549,True,True
ep_000002,head_on,timeout,episode_timeout,22.2,True,True
ep_000003,same_direction,timeout,episode_timeout,23.281,True,True
ep_000004,crossing,timeout,episode_timeout,23.251,True,True
ep_000005,exit_room,timeout,episode_timeout,23.358,True,True
ep_000006,enter_room,timeout,episode_timeout,22.669,True,True
ep_000007,merge,timeout,episode_timeout,22.887,True,True
ep_000008,diverge,timeout,episode_timeout,22.991,True,True
ep_000009,overtake_robot,timeout,episode_timeout,24.737,True,True
ep_000010,robot_overtake,timeout,episode_timeout,24.09,True,True
ep_000011,stop_resume,timeout,episode_timeout,22.867,True,True
ep_000012,waiting_person,timeout,episode_timeout,22.974,True,True
ep_000013,sudden_entry,timeout,episode_timeout,23.604,True,True
ep_000014,blind_corner,timeout,episode_timeout,23.809,True,True
ep_000015,door_bottleneck,timeout,episode_timeout,21.858,True,True
ep_000016,narrow_passing,sim_failure,"lifecycle_not_active: nodes not active: {'planner_server': 'unconfigured', 'controller_server': 'unconfigured', 'bt_navigator': 'unconfigured', 'behavior_server': 'unconfigured'}",72.811,False,True
ep_000017,walking_group,timeout,episode_timeout,32.88,True,True
ep_000018,opposing_group,timeout,episode_timeout,22.936,True,True
ep_000019,crossing_group,timeout,episode_timeout,22.642,True,True
ep_000020,conversation_group,timeout,episode_timeout,20.353,True,True
ep_000021,bidirectional_flow,timeout,episode_timeout,32.088,True,True
ep_000022,multi_crossing,timeout,episode_timeout,23.03,True,True
ep_000023,class_change_burst,timeout,episode_timeout,23.49,True,True
ep_000024,mixed_interaction,timeout,episode_timeout,23.213,True,True
ep_000016,narrow_passing,timeout,episode_timeout,22.945,True,True
ep_000011,stop_resume,timeout,episode_timeout,35.934,True,True
ep_000026,head_on,timeout,episode_timeout,23.373,True,True
ep_000028,crossing,timeout,episode_timeout,32.812,True,True
ep_000038,blind_corner,timeout,episode_timeout,23.274,True,True
ep_000039,door_bottleneck,timeout,episode_timeout,23.349,True,True
ep_000041,walking_group,timeout,episode_timeout,32.609,True,True
ep_000045,bidirectional_flow,timeout,episode_timeout,23.099,True,True
ep_000047,class_change_burst,timeout,episode_timeout,23.237,True,True
ep_000050,head_on,timeout,episode_timeout,22.852,True,True
ep_000052,crossing,timeout,episode_timeout,23.121,True,True
ep_000062,blind_corner,timeout,episode_timeout,22.983,True,True
ep_000063,door_bottleneck,timeout,episode_timeout,22.903,True,True
ep_000065,walking_group,timeout,episode_timeout,22.979,True,True
ep_000069,bidirectional_flow,timeout,episode_timeout,22.998,True,True
ep_000071,class_change_burst,timeout,episode_timeout,22.858,True,True
ep_000022,multi_crossing,timeout,episode_timeout,22.423,True,True
