scenario_family,episode_count,density_distribution,behavior_distribution,human_count,seed_count,PASS,FAIL,runtime_PASS,runtime_FAIL,runtime_NOT_RUN,runtime_status_distribution,runtime_attempts,runtime_failed_attempts
empty,3,"{high: 1, low: 1, medium: 1}",{},"{max: 0, mean: 0, min: 0}",3,3,0,1,0,2,{timeout: 1},1,0
head_on,3,"{high: 1, low: 1, medium: 1}","{impassive: 1, regular: 11, scared: 3, threatening: 1}","{max: 8, mean: 5.333, min: 3}",3,3,0,3,0,0,{timeout: 3},3,0
same_direction,3,"{high: 1, low: 1, medium: 1}","{regular: 12, scared: 1, surprised: 2, threatening: 2}","{max: 9, mean: 5.667, min: 1}",3,3,0,1,0,2,{timeout: 1},1,0
crossing,3,"{high: 1, low: 1, medium: 1}","{curious: 2, impassive: 1, regular: 9, scared: 1, threatening: 2}","{max: 9, mean: 5, min: 2}",3,3,0,3,0,0,{timeout: 3},3,0
exit_room,3,"{high: 1, low: 1, medium: 1}","{impassive: 6, regular: 10, scared: 1, threatening: 1}","{max: 8, mean: 6, min: 3}",3,3,0,1,0,2,{timeout: 1},1,0
enter_room,3,"{high: 1, low: 1, medium: 1}","{impassive: 1, regular: 17}","{max: 8, mean: 6, min: 3}",3,3,0,1,0,2,{timeout: 1},1,0
merge,3,"{high: 1, low: 1, medium: 1}","{curious: 1, impassive: 1, regular: 15, scared: 2, surprised: 1, threatening: 1}","{max: 13, mean: 7, min: 2}",3,3,0,1,0,2,{timeout: 1},1,0
diverge,3,"{high: 1, low: 1, medium: 1}","{impassive: 2, regular: 12, scared: 2, surprised: 1}","{max: 9, mean: 5.667, min: 3}",3,3,0,1,0,2,{timeout: 1},1,0
overtake_robot,3,"{high: 1, low: 1, medium: 1}","{impassive: 2, regular: 14, scared: 1, surprised: 2, threatening: 2}","{max: 12, mean: 7, min: 3}",3,3,0,1,0,2,{timeout: 1},1,0
robot_overtake,3,"{high: 1, low: 1, medium: 1}","{curious: 1, impassive: 1, regular: 15, threatening: 2}","{max: 12, mean: 6.333, min: 2}",3,3,0,1,0,2,{timeout: 1},1,0
stop_resume,3,"{high: 1, low: 1, medium: 1}","{curious: 1, regular: 12, scared: 2, threatening: 1}","{max: 9, mean: 5.333, min: 2}",3,3,0,1,0,2,{timeout: 1},2,0
waiting_person,3,"{high: 1, low: 1, medium: 1}","{curious: 1, impassive: 2, regular: 9, surprised: 2, threatening: 1}","{max: 9, mean: 5, min: 1}",3,3,0,1,0,2,{timeout: 1},1,0
sudden_entry,3,"{high: 1, low: 1, medium: 1}","{curious: 1, impassive: 4, regular: 12, scared: 1, surprised: 1, threatening: 1}","{max: 12, mean: 6.667, min: 3}",3,3,0,1,0,2,{timeout: 1},1,0
blind_corner,3,"{high: 1, low: 1, medium: 1}","{impassive: 4, regular: 14, scared: 2, surprised: 1}","{max: 13, mean: 7, min: 1}",3,3,0,3,0,0,{timeout: 3},3,0
door_bottleneck,3,"{high: 1, low: 1, medium: 1}","{curious: 1, impassive: 1, regular: 18, scared: 1, threatening: 2}","{max: 13, mean: 7.667, min: 3}",3,3,0,3,0,0,{timeout: 3},3,0
narrow_passing,3,"{high: 1, low: 1, medium: 1}","{curious: 1, impassive: 2, regular: 11, threatening: 2}","{max: 8, mean: 5.333, min: 1}",3,3,0,1,0,2,{timeout: 1},2,1
walking_group,3,"{high: 1, low: 1, medium: 1}","{curious: 1, impassive: 4, regular: 12, scared: 1, threatening: 2}","{max: 11, mean: 6.667, min: 3}",3,3,0,3,0,0,{timeout: 3},3,0
opposing_group,3,"{high: 1, low: 1, medium: 1}","{curious: 2, impassive: 2, regular: 13, scared: 2, surprised: 2}","{max: 11, mean: 7, min: 3}",3,3,0,1,0,2,{timeout: 1},1,0
crossing_group,3,"{high: 1, low: 1, medium: 1}","{curious: 1, impassive: 2, regular: 11, scared: 1, surprised: 1}","{max: 9, mean: 5.333, min: 2}",3,3,0,1,0,2,{timeout: 1},1,0
conversation_group,3,"{high: 1, low: 1, medium: 1}","{impassive: 4, regular: 13, scared: 1, surprised: 1, threatening: 1}","{max: 13, mean: 6.667, min: 3}",3,3,0,1,0,2,{timeout: 1},1,0
bidirectional_flow,3,"{high: 1, low: 1, medium: 1}","{curious: 1, impassive: 2, regular: 12, scared: 1, surprised: 2}","{max: 9, mean: 6, min: 4}",3,3,0,3,0,0,{timeout: 3},3,0
multi_crossing,3,"{high: 1, low: 1, medium: 1}","{impassive: 2, regular: 16, scared: 2, surprised: 1, threatening: 1}","{max: 13, mean: 7.333, min: 2}",3,3,0,1,0,2,{timeout: 1},2,0
class_change_burst,3,"{high: 1, low: 1, medium: 1}","{curious: 1, impassive: 6, regular: 9, scared: 1, surprised: 1}","{max: 9, mean: 6, min: 3}",3,3,0,3,0,0,{timeout: 3},3,0
mixed_interaction,3,"{high: 1, low: 1, medium: 1}","{curious: 2, impassive: 3, regular: 11, surprised: 2, threatening: 1}","{max: 11, mean: 6.333, min: 3}",3,3,0,1,0,2,{timeout: 1},1,0
