stamp_ns,robot_x,robot_y,robot_yaw,cmd_v,cmd_w,scan_min,front_min,left_min,right_min,hard_negative
303000000000,1.6152723866114172e-05,2.2608354140837072e-10,2.8260453314931888e-05,0.03097102791070938,0.0070651196874678135,1.8511167764663696,nan,nan,nan,0
303200000000,0.011785402347284084,1.2428273273976151e-05,0.0018114660814151293,0.09828498214483261,0.012379883788526058,1.8569196462631226,nan,nan,nan,0
303400000000,0.03615285548597925,8.489278776558997e-05,0.0036659368938084603,0.14258545637130737,0.005054384935647249,1.8661459684371948,nan,nan,nan,0
303600000000,0.06835787297164661,0.00022087327053098985,0.004540997797362194,0.1691422462463379,0.0024726910050958395,1.9093103408813477,nan,nan,nan,0
303800000000,0.10505627004358696,0.0003810874922052413,0.004230633140357275,0.1866951733827591,0.0021575491409748793,1.9439809322357178,nan,nan,nan,0
304000000000,0.14340960553609428,0.0005623057902419588,0.00513975158504508,0.1948121041059494,-0.002718650735914707,1.9924724102020264,nan,nan,nan,0
304200000000,0.1805028100838147,0.0007554032720399028,0.005602162718263727,0.2137812227010727,0.005129876080900431,2.030620574951172,3.47686505317688,nan,nan,0
304400000000,0.2270487154534633,0.0010068174191220508,0.00510891836416564,0.21002599596977234,0.009256206452846527,2.0694518089294434,3.439295530319214,nan,nan,0
304600000000,0.2652447636952246,0.0012170690012049572,0.005671226365725271,0.22729234397411346,-0.004120551981031895,2.1082255840301514,3.4033613204956055,nan,nan,0
304800000000,0.31160151139932823,0.001476029436266904,0.006046492209189208,0.23185312747955322,0.003932049497961998,2.157843828201294,3.3415274620056152,nan,nan,0
305000000000,0.36320465996400425,0.001784343901101194,0.005436688132813214,0.24057745933532715,-0.0019475974841043353,2.200378894805908,3.3002212047576904,nan,nan,0
305200000000,0.411017226688121,0.0020265262505608263,0.004421047327921037,0.2375989854335785,-0.0071633425541222095,2.2584571838378906,3.2838237285614014,nan,nan,0
305400000000,0.4593553394163849,0.002193756080252869,0.002379221792582487,0.23994757235050201,-0.013227325864136219,2.3020782470703125,3.209933042526245,3.451807737350464,nan,0
305600000000,0.5069545685788824,0.002222320027274596,-0.0013245001296770256,0.23781855404376984,-0.010009768418967724,2.348395586013794,3.1995277404785156,3.3981165885925293,nan,0
305800000000,0.5497190714086275,0.0021335809805263822,-0.00274367046649432,0.23789116740226746,-0.010607252828776836,2.4005002975463867,3.1431589126586914,3.3409504890441895,nan,0
306000000000,0.6022611733381997,0.0019093873375282083,-0.005693792608105208,0.24537621438503265,-0.006794806569814682,2.4553961753845215,3.0825445652008057,3.268479824066162,nan,0
306200000000,0.6463276139285196,0.0016064865365750195,-0.008357038219867358,0.24287930130958557,-0.019724266603589058,2.4924371242523193,3.0332438945770264,3.224504232406616,nan,0
306400000000,0.6989339798191879,0.0010611235301887735,-0.012020892136246216,0.24282613396644592,-0.0110189039260149,2.5438222885131836,3.0075104236602783,3.1506354808807373,nan,0
306600000000,0.747543148266901,0.00043468745808037106,-0.013611752350632667,0.24196970462799072,-0.0074751051142811775,2.568397283554077,2.9507718086242676,3.0975701808929443,nan,0
306800000000,0.7957984567944957,-0.0002556437325256113,-0.014444139041498718,0.24548734724521637,0.004869386553764343,2.640185832977295,2.915562629699707,3.04079008102417,nan,0
307000000000,0.8443287907684549,-0.0009070599593660818,-0.012203879274351457,0.24726219475269318,0.015407656319439411,2.6881210803985596,2.886974573135376,2.9887688159942627,nan,0
307200000000,0.8888820230616283,-0.0013760608920607253,-0.008587301469033942,0.2472807914018631,0.01956999860703945,2.732701539993286,2.8308162689208984,2.952622652053833,nan,0
307400000000,0.9430152345793313,-0.0017270853306316151,-0.004704664875770232,0.24783305823802948,0.014482889324426651,2.7690343856811523,2.7690343856811523,2.910186290740967,nan,0
307600000000,0.9940974691104151,-0.001935327721115866,-0.004137322139323441,0.26692524552345276,-0.007866404950618744,2.7443180084228516,2.7443180084228516,2.8407390117645264,nan,0
307800000000,1.0468679401091516,-0.0022216180791856297,-0.007027054160704817,0.2629673480987549,-0.013090116903185844,2.691098213195801,2.691098213195801,2.7581284046173096,nan,0
308000000000,1.100139972226974,-0.0026219359190907516,-0.007274606441580456,0.26501840353012085,0.006240109913051128,2.66168212890625,2.66168212890625,2.7081458568573,nan,0
308200000000,1.1520356383974881,-0.002950910936997084,-0.004748518433254911,0.2541203796863556,0.023514971137046814,2.6010897159576416,2.6010897159576416,2.647069215774536,nan,0
308400000000,1.2021625993336569,-0.0030442779492753863,0.0015490317284941328,0.24730250239372253,0.030909139662981033,2.5445332527160645,2.5445332527160645,2.605220317840576,nan,0
308600000000,1.2471582188247348,-0.002855787047024909,0.006697755127707539,0.24320651590824127,0.02418673224747181,2.5010054111480713,2.5010054111480713,2.556401491165161,nan,0
308800000000,1.3022557770308887,-0.002323268369179114,0.012576788858417731,0.25582829117774963,0.026560558006167412,2.4686758518218994,2.4686758518218994,2.517554521560669,nan,0
309000000000,1.3519925634778356,-0.0016030278547379516,0.01601217765659496,0.24476668238639832,0.009632209315896034,2.4081852436065674,2.4081852436065674,2.4442524909973145,nan,0
309200000000,1.40076144313794,-0.0007991031892762554,0.016213328259261084,0.24077695608139038,0.0010793117107823491,2.3961169719696045,2.4085192680358887,2.3961169719696045,nan,0
309400000000,1.4492780727464745,-1.1005689746937589e-05,0.016310016810942858,0.24862226843833923,0.005094563588500023,2.339362859725952,2.412856340408325,2.339362859725952,nan,0
309600000000,1.4949963757703826,0.000790933744995192,0.019248152138831576,0.2575169503688812,0.019051583483815193,2.2763516902923584,2.3950908184051514,2.2763516902923584,nan,0
309800000000,1.5521500449539842,0.0020061027261915805,0.02295168682929505,0.25679275393486023,0.005733114201575518,2.2186906337738037,2.374882459640503,2.2186906337738037,nan,0
310000000000,1.6030807014779513,0.003206107329310432,0.023987062303740262,0.2533699870109558,0.010145456530153751,2.224968910217285,2.3716001510620117,2.224968910217285,nan,0
310200000000,1.6485873382939586,0.0043588863734827284,0.026757130283230898,0.25876107811927795,0.01720353774726391,2.1488964557647705,2.3547065258026123,2.1488964557647705,nan,0
310400000000,1.7050208057173746,0.0059370786556300304,0.02846538457889209,0.2521839737892151,0.006891608238220215,2.1258044242858887,2.351076126098633,2.1258044242858887,nan,0
310600000000,1.7510509934873806,0.0072796400519184006,0.029919501699159082,0.2628690004348755,0.007999244146049023,2.09049391746521,2.3486831188201904,2.09049391746521,nan,0
310800000000,1.8084878839200178,0.00904756471041792,0.03174341797013286,0.26334333419799805,0.011119360104203224,2.0361626148223877,2.323967695236206,2.0361626148223877,nan,0
311000000000,1.8603445193685735,0.010748771656254623,0.033494560608346435,0.2572762370109558,0.004517864901572466,1.9935671091079712,2.30446720123291,1.9935671091079712,nan,0
311200000000,1.9111998411826692,0.012469357093002375,0.0340854351724193,0.24901309609413147,0.00632636109367013,1.9524693489074707,2.3096764087677,1.9524693489074707,nan,0
311400000000,1.9604293887590165,0.014156934027795203,0.03395598340865392,0.2532866597175598,-0.006514246109873056,1.9216721057891846,2.3048932552337646,1.9216721057891846,nan,0
311600000000,2.0046813175259057,0.015599287366438867,0.030138999180989723,0.2362590730190277,-0.033741869032382965,1.8799246549606323,2.313082695007324,1.8799246549606323,nan,0
311800000000,2.056963737899901,0.016962223030909013,0.021584889413991948,0.2362423986196518,-0.0452876016497612,1.8266419172286987,2.3462941646575928,1.8266419172286987,nan,0
312000000000,2.104609747433524,0.017733505326968876,0.01024919570490057,0.23664359748363495,-0.06545627117156982,1.7949535846710205,2.3865814208984375,1.7949535846710205,nan,0
312200000000,2.1502102812210073,0.017923798250791535,-0.0018101771237538646,0.28525856137275696,-0.07788719236850739,1.7646911144256592,2.4506959915161133,1.7646911144256592,nan,0
312400000000,2.216771465125626,0.017245975303328217,-0.017458595687569467,0.3257618546485901,-0.06368234753608704,1.7128885984420776,2.500166416168213,1.7128885984420776,nan,0
312600000000,2.285929673845008,0.015610947763757528,-0.029635364103086648,0.3710586130619049,-0.06446563452482224,1.647660255432129,2.5619378089904785,1.647660255432129,nan,0
312800000000,2.3618432375433014,0.012860977106075552,-0.04263169146221103,0.3962094783782959,-0.057518456131219864,1.620104432106018,nan,1.620104432106018,nan,0
313000000000,2.433712575051824,0.009428998890936511,-0.05235145969131328,0.4119930863380432,-0.04087445139884949,1.5624213218688965,nan,1.5624213218688965,nan,0
313200000000,2.526533441405434,0.00424918169450138,-0.05806609058701952,0.43240639567375183,-0.01077621802687645,1.5048593282699585,nan,1.5048593282699585,nan,0
313400000000,2.613873704894401,-0.0009197282922369812,-0.059876734911007416,0.44148099422454834,-0.0011118021793663502,1.4596104621887207,nan,1.4596104621887207,nan,0
313600000000,2.7042746085871894,-0.0063855177504728335,-0.06067624361148495,0.45659735798835754,0.0029081867542117834,1.4159340858459473,nan,1.4159340858459473,nan,0
313800000000,2.7872250206133633,-0.011362542927510298,-0.05871534458125604,0.46849578619003296,0.014679471962153912,1.3846890926361084,nan,1.3846890926361084,nan,0
314000000000,2.8795540103899953,-0.01655775793858571,-0.05258810711187279,0.45451685786247253,0.046521227806806564,1.323556900024414,nan,1.323556900024414,nan,0
314200000000,2.977474910200701,-0.021180813215402036,-0.041445980042939534,0.4314405918121338,0.04811445251107216,1.3027706146240234,nan,1.3027706146240234,nan,0
314400000000,3.053168794913078,-0.0240406029890231,-0.034291199003902435,0.40443190932273865,0.04007399082183838,1.2868808507919312,nan,1.2868808507919312,nan,0
314600000000,3.139823192538664,-0.026640199966608616,-0.025854046172629763,0.3651478886604309,0.02708825282752514,1.2523123025894165,nan,1.2523123025894165,nan,0
314800000000,3.2089347870084035,-0.028208672644716444,-0.019120348973405976,0.31285223364830017,0.028124582022428513,1.250766634941101,nan,1.250766634941101,nan,0
315000000000,3.2530512048094686,-0.028946904095327908,-0.01424032995118174,0.0,0.0,1.238287329673767,nan,1.238287329673767,nan,0
315200000000,3.253051204811507,-0.02894690409535699,-0.014240329909953608,0.0,0.0,1.246188759803772,nan,1.246188759803772,nan,0
315400000000,3.253051204811724,-0.02894690409536011,-0.014240329910267245,0.0,0.0,1.2299079895019531,nan,1.2299079895019531,nan,0
315600000000,3.253051204811724,-0.02894690409536011,-0.014240329910267245,0.0,0.0,1.2459324598312378,nan,1.2459324598312378,nan,0
315800000000,3.253051204811724,-0.02894690409536011,-0.014240329910267245,0.0,0.0,1.236642599105835,nan,1.236642599105835,nan,0
316000000000,3.253051204811724,-0.02894690409536011,-0.014240329910267245,0.0,0.0,1.2400950193405151,nan,1.2400950193405151,nan,0
316200000000,3.253051204811724,-0.02894690409536011,-0.014240329910267245,0.0,0.0,1.2448593378067017,nan,1.2448593378067017,nan,0
