timestamp_ns,rgb_path,odom_x,odom_y,scan_min_m,odom_delta_ns,scan_delta_ns
1790559746861356454,rgb/000000.jpg,0.060522461754528266,0.015379304603845926,0.37624332308769226,6215766,114933774
1790559747068789783,rgb/000001.jpg,0.091006671751434,0.02840146392985173,0.37624332308769226,8803605,92499555
1790559747280172574,rgb/000002.jpg,0.12603961245619258,0.04769055593171281,0.37339791655540466,8063271,93942510
1790559747480605359,rgb/000003.jpg,0.14341974495075596,0.05874379043293785,0.3982090651988983,7659008,84451144
1790559747680915367,rgb/000004.jpg,0.15906660244428467,0.06631407174425055,0.4152071475982666,7171808,82757719
1790559747896586252,rgb/000005.jpg,0.1946001269875557,0.07913547895049587,0.4294179081916809,10501861,84840762
1790559748110987230,rgb/000006.jpg,0.23703100268296365,0.08971533889245333,0.4605964720249176,10613766,96600942
1790559748316849741,rgb/000007.jpg,0.2700463851608571,0.09610999158114758,0.5075416564941406,8649162,89148593
1790559748530003188,rgb/000008.jpg,0.30965062693955925,0.10167314551628709,0.5303633213043213,9679951,95159146
1790559748740912182,rgb/000009.jpg,0.34953435563853025,0.10462518887290904,0.5695675015449524,11524335,87391973
1790559748984991469,rgb/000010.jpg,0.37856774668834775,0.10535698919864021,0.5928173065185547,5044836,37765583
1790559749207737405,rgb/000011.jpg,0.41432228806346366,0.10461856227683712,0.6304606795310974,3093722,38999883
1790559749418305318,rgb/000012.jpg,0.45195919682588226,0.10188423077871907,0.6481026411056519,2839444,35866147
1790559749631435654,rgb/000013.jpg,0.4916993715637482,0.09735733769456247,0.6689524054527283,2364687,38371630
1790559749844955258,rgb/000014.jpg,0.5311595580924581,0.09083378434960639,0.6820641160011292,744100,35006302
1790559750060588354,rgb/000015.jpg,0.5680093541922451,0.0830034217686355,0.6668357849121094,1257065,44130975
1790559750263548352,rgb/000016.jpg,0.6068125210113947,0.07330942285456837,0.6348196864128113,1064324,34897038
1790559750465833048,rgb/000017.jpg,0.6449133894306682,0.061143436738202876,0.6098490953445435,4633109,35121332
1790559750678104284,rgb/000018.jpg,0.680386649630458,0.0487201570324101,0.5925631523132324,1259026,45941787
1790559750888629210,rgb/000019.jpg,0.7159639071502648,0.036462154484892005,0.5660451650619507,2414536,40690202
1790559751111237980,rgb/000020.jpg,0.7519313211536913,0.02504825436882691,0.564720094203949,8098170,36970443
1790559751322584237,rgb/000021.jpg,0.7896460890185328,0.013475833230730998,0.5450985431671143,8738352,45213681
1790559751527904066,rgb/000022.jpg,0.8260852109656754,0.002057190586097452,0.5218824148178101,7291292,49158359
1790559751735720336,rgb/000023.jpg,0.8620713610930958,-0.009097090874290462,0.5193190574645996,3727526,37900812
1790559751960695767,rgb/000024.jpg,0.8988829339604082,-0.02025880950310168,0.517186164855957,692782,45363224
1790559752164727668,rgb/000025.jpg,0.9316921966081843,-0.029795174423093273,0.5219383239746094,3043737,36347951
1790559752369060607,rgb/000026.jpg,0.9686785126369188,-0.03915666837394079,0.515188455581665,4356333,37885651
1790559752580431904,rgb/000027.jpg,1.0053369563208232,-0.04682050346641181,0.5062280297279358,1000143,32087566
1790559752799098276,rgb/000028.jpg,1.044306777705457,-0.054259471288057415,0.5013167262077332,788754,35460858
1790559753016028096,rgb/000029.jpg,1.0833947952043004,-0.062751575354321,0.5013470649719238,758247,37789372
1790559753228743094,rgb/000030.jpg,1.1224134488315243,-0.07155717762285492,0.480061799287796,468838,47110808
1790559753435335135,rgb/000031.jpg,1.1615500784175656,-0.07981787550454038,0.49244019389152527,2319572,38758507
1790559753644874145,rgb/000032.jpg,1.2009124723151015,-0.08691860800222552,0.49143028259277344,654152,33405447
1790559753865377317,rgb/000033.jpg,1.238916526140162,-0.09222443030938747,0.47817888855934143,819131,36160783
1790559754077776103,rgb/000034.jpg,1.2781048141807392,-0.09538713456288232,0.4774388372898102,308149,41441983
1790559754280787700,rgb/000035.jpg,1.318070000271072,-0.09700750935392709,0.4777291417121887,770752,36517521
1790559754493633689,rgb/000036.jpg,1.3515792329535978,-0.09709505680018764,0.4615861773490906,8046608,47314927
1790559754694873459,rgb/000037.jpg,1.3780878904510543,-0.09673437682012244,0.45052453875541687,860880,42436911
1790559754916042078,rgb/000038.jpg,1.3996395372725323,-0.09633906358672582,0.4502040147781372,3620949,36768648
1790559755136438895,rgb/000039.jpg,1.4174006403541841,-0.0955823502647975,0.44204181432724,3684147,40138632
1790559755346212002,rgb/000040.jpg,1.4317171466979477,-0.09452981762052164,0.4251801669597626,872064,36153965
1790559755572040805,rgb/000041.jpg,1.444357500577763,-0.09342154224649857,0.41894468665122986,8830788,53076689
1790559755773044323,rgb/000042.jpg,1.4523204116964243,-0.09265229575265484,0.41052114963531494,1875021,42432199
1790559755984788529,rgb/000043.jpg,1.4590618197560605,-0.09195126527671546,0.4074958860874176,2355024,35110263
1790559756194737672,rgb/000044.jpg,1.463478042982307,-0.09145132317503252,0.40261831879615784,1722286,33857429
1790559756399295043,rgb/000045.jpg,1.4678906150648714,-0.09092003475310419,0.39597663283348083,3437999,35966542
1790559756615786667,rgb/000046.jpg,1.4723027555738244,-0.09038514920545615,0.38577067852020264,3604978,34576665
1790559756843675539,rgb/000047.jpg,1.4767148960827725,-0.08985026365780656,0.3830074369907379,274246,33975912
1790559757060994973,rgb/000048.jpg,1.4796489695216357,-0.08949456476856928,0.3747270405292511,883866,46203384
1790559757292053134,rgb/000049.jpg,1.4796489695215929,-0.08949456476857552,0.379970908164978,9321607,49914136
1790559757494382501,rgb/000050.jpg,1.4796489695216362,-0.08949456476856975,0.38653403520584106,375274,42198382
1790559757704658381,rgb/000051.jpg,1.4796489695216466,-0.08949456476856898,0.3806489109992981,1855196,38635392
1790559757928359931,rgb/000052.jpg,1.4796489695216255,-0.08949456476856942,0.38428962230682373,8153882,46621086
1790559758131763024,rgb/000053.jpg,1.4796489695216044,-0.08949456476856953,0.3750329613685608,348205,45100815
1790559758344798680,rgb/000054.jpg,1.479648969521584,-0.08949456476857051,0.3694303631782532,238388,41632516
1790559758553263895,rgb/000055.jpg,1.4796489695215649,-0.08949456476857123,0.37435269355773926,4685628,39575209
1790559758767798126,rgb/000056.jpg,1.479648969521573,-0.08949456476857268,0.38684046268463135,1683436,38103016
1790559758977119178,rgb/000057.jpg,1.4796489695215256,-0.08949456476857548,0.3870299160480499,769134,40110361
1790559759194119697,rgb/000058.jpg,1.4796489695215358,-0.08949456476857472,0.39007407426834106,1662177,44618287
1790559759397704778,rgb/000059.jpg,1.4796489695217123,-0.08949456476856722,0.3834984004497528,2017683,34532217
1790559759603407178,rgb/000060.jpg,1.4796489695215334,-0.08949456476857642,0.3846975564956665,4149183,40586068
1790559759865302127,rgb/000061.jpg,1.4796489695215225,-0.08949456476857635,0.36989617347717285,486386,50249676
1790559760077716631,rgb/000062.jpg,1.4796489695214992,-0.08949456476857767,0.3801923096179962,3941346,17928582
1790559760314317980,rgb/000063.jpg,1.4796489695214845,-0.08949456476857806,0.38869205117225647,16017627,13651750
1790559760522134172,rgb/000064.jpg,1.4796489695214932,-0.08949456476857767,0.3890283405780792,9030974,94347916
1790559760748404427,rgb/000065.jpg,1.4796489695214932,-0.08949456476857759,0.3890283405780792,7793006,131922339
1790559761005103607,rgb/000066.jpg,1.4796489695215005,-0.08949456476857699,0.37596890330314636,8891498,57443198
1790559761212614813,rgb/000067.jpg,1.4796489695215198,-0.08949456476857573,0.3809366226196289,7239936,47812668
1790559761439925802,rgb/000068.jpg,1.4796489695215305,-0.08949456476857495,0.3835715353488922,7716011,48109857
1790559761691749765,rgb/000069.jpg,1.479648969521538,-0.08949456476857433,0.3844210207462311,10964923,92722140
1790559761924432974,rgb/000070.jpg,1.4796489695215431,-0.08949456476857397,0.3763723373413086,2203816,104013721
1790559762141612662,rgb/000071.jpg,1.4796489695215431,-0.08949456476857397,0.37950387597084045,744767,97438814
1790559762349579303,rgb/000072.jpg,1.4796489695215431,-0.08949456476857397,0.3906773328781128,2219207,103583371
