cmd_storage_time_s,cmd_sim_time,linear_x,angular_z,encounter_id,center_distance,clock_bracket_gap_s
1788524105.29726,72.33562789981524,0.0,1.0,,11.448818164688461,0.004645347595214844
1788524105.3997524,72.39342654926003,0.0,1.0,,11.391035976821899,0.012211322784423828
1788524105.4966962,72.45200444021566,0.0,1.0,,11.33247494068274,0.005262136459350586
1788524105.5963044,72.51785898723283,0.0,1.0,,11.266639551462493,0.0016620159149169922
1788524105.696835,72.58243117977527,0.0,1.0,,11.202086362346643,0.0022068023681640625
1788524105.795892,72.64317792044022,0.0,1.0,,11.141357700347072,0.0020797252655029297
1788524105.899508,72.7232333110368,0.0,1.0,,11.061326438037929,0.0017821788787841797
1788524105.996094,72.7866645517806,0.0,1.0,,10.997914564534922,0.0011649131774902344
1788524106.0962613,72.85173203748698,0.0,1.0,,10.932867179126161,0.0006868839263916016
1788524106.1965945,72.91452991694219,0.0,1.0,,10.870088927012274,0.005913257598876953
1788524106.2963383,72.97348140900196,0.0,1.0,,10.811156067575496,0.0018274784088134766
1788524106.3976402,73.01799195215594,0.0,1.0,,10.766659727904573,0.0032291412353515625
1788524106.49595,73.06947055500635,0.0,1.0,,10.715197699204898,0.001688241958618164
1788524106.598363,73.13845278341222,0.0,1.0,,10.6462379317099,0.0010578632354736328
1788524106.6955254,73.1882668581996,0.0,1.0,,10.596440258408569,0.007219791412353516
1788524106.7957032,73.23500454614914,0.0,1.0,,10.549718099846345,0.0062408447265625
1788524106.8957722,73.29418410601838,0.0,1.0,,10.490558401884199,0.010866403579711914
1788524106.9983053,73.36655390230207,0.0,1.0,,10.418213201069083,0.004246234893798828
1788524107.095648,73.4212564563793,0.0,1.0,,10.363529466019417,0.001855611801147461
1788524107.197995,73.48236475366036,0.0,1.0,,10.302442427778022,0.0022308826446533203
1788524107.2958724,73.53231268530284,0.0,1.0,,10.252512060772737,0.0022516250610351562
1788524107.3956316,73.58310153937241,0.0,1.0,,10.201741243388783,0.0016107559204101562
1788524107.4957,73.6465324038926,0.0,1.0,,10.138333158859792,0.003454446792602539
1788524107.5968294,73.70509141811134,0.0,1.0,,10.079795429472131,0.004428386688232422
1788524107.6977267,73.78667480537864,0.0,0.8979979653907985,,9.998242111427555,0.004042625427246094
1788524107.7962656,73.84657955875217,0.0,0.6755343235768654,,9.938359751446663,0.008353471755981445
1788524107.8973856,73.89624645995355,0.0,0.5215550752640221,,9.888711622243775,0.011802911758422852
1788524107.999711,73.9459891936353,0.0,0.4,,9.8389878791413,0.008405923843383789
1788524117.2543006,79.18399643071987,0.2,-0.8,,6.970527815918554,0.005944967269897461
1788524117.3563716,79.2112145232816,0.2,-0.7157894736842105,,6.99772457841674,0.009462356567382812
1788524117.4677484,79.23201526410926,0.2,-0.7157894736842105,,7.018518846916508,0.0011870861053466797
1788524117.5870726,79.25094804805752,0.2,-0.631578947368421,,7.037465152335668,0.030242919921875
1788524117.6747322,79.27501094196005,0.2,-0.631578947368421,,7.061584203332624,0.0010023117065429688
1788524117.7665665,79.29729047301798,0.2,-0.631578947368421,,7.083969208836366,0.001073598861694336
1788524117.8606048,79.32999013421029,0.2,-0.631578947368421,,7.116956232518428,0.0026824474334716797
1788524117.9526138,79.3813204609156,0.2,-0.631578947368421,,7.16912483874051,0.00535893440246582
1788524118.060913,79.41770068831259,0.2,-0.631578947368421,,7.206414420805382,0.0034291744232177734
1788524118.155614,79.4592357746479,0.2,-0.631578947368421,,7.249200606879638,0.0016927719116210938
1788524118.260628,79.49689655172413,0.2,-0.631578947368421,,7.288196226964159,0.00014519691467285156
1788524118.3574045,79.52828400222965,0.2,-0.631578947368421,,7.320839062363242,0.0017108917236328125
1788524118.4525754,79.56011155394364,0.2,-0.5473684210526315,,7.354062151857198,0.005982160568237305
1788524118.5544116,79.59135966817496,0.2,-0.5473684210526315,,7.386811020871813,0.007903575897216797
1788524118.659656,79.63558516312057,0.2,-0.5473684210526315,,7.433339672271538,0.008404254913330078
1788524118.7577093,79.68952723203182,0.2,-0.46315789473684205,,7.490389713930451,0.0019173622131347656
1788524118.8549764,79.73780139402805,0.2,-0.46315789473684205,,7.541695651837794,0.002770662307739258
1788524118.9534304,79.78285275046316,0.17777777777777778,-0.5473684210526315,,7.589759921451843,0.013383865356445312
1788524119.0532653,79.83957355813715,0.2,-0.5473684210526315,,7.650158001475365,0.0023190975189208984
1788524119.1509855,79.89166160405009,0.2,-0.46315789473684205,,7.706226868704568,0.0035791397094726562
1788524119.2551985,79.94799364471669,0.2,-0.46315789473684205,,7.767258870267461,0.0031137466430664062
1788524119.350885,80.00813234613605,0.2,-0.46315789473684205,,7.8327263947145696,0.003606557846069336
1788524119.4559536,80.06399640049648,0.2,-0.46315789473684205,,7.893822004180544,0.005762577056884766
1788524119.5570335,80.13288370291468,0.2,-0.46315789473684205,,7.96953160624231,0.007386445999145508
1788524119.6542742,80.18726313848423,0.2,-0.46315789473684205,,8.0295777321485,0.0012929439544677734
1788524119.7516875,80.25242197389672,0.2,-0.3789473684210526,,8.101847382314233,0.005461931228637695
1788524119.857069,80.30815879861085,0.2,-0.631578947368421,,8.16391870434719,0.006247282028198242
1788524119.9527743,80.37829127839255,0.2,-0.5473684210526315,,8.242404698062883,0.006549835205078125
1788524120.0555084,80.42847046641066,0.2,-0.3789473684210526,,8.298860777984828,0.005525827407836914
1788524120.1578712,80.48214400091501,0.2,-0.5473684210526315,,8.359454466459656,0.002084493637084961
1788524120.2538786,80.55107956932774,0.2,-0.5473684210526315,,8.437597596016216,0.00817108154296875
1788524120.3542068,80.6182713714637,0.2,-0.5473684210526315,,8.514137626979007,0.0015506744384765625
1788524120.459919,80.69780826612903,0.2,-0.5473684210526315,,8.605207264017716,0.00118255615234375
1788524120.5590315,80.75500715623328,0.2,-0.46315789473684205,,8.67099858561204,0.0035648345947265625
1788524120.6515734,80.80298654463493,0.2,-0.3789473684210526,,8.726354465665482,0.0034906864166259766
1788524120.7527783,80.84499570443008,0.2,-0.46315789473684205,,8.774928922519846,0.005494832992553711
1788524120.854571,80.88609941400226,0.2,-0.3789473684210526,,8.822547005972579,0.006957292556762695
1788524120.9546459,80.93481632653061,0.2,-0.3789473684210526,,8.879098449798395,3.504753112792969e-05
1788524121.0543044,80.97781358236725,0.2,-0.46315789473684205,,8.929100743341976,0.0033316612243652344
1788524121.1515577,81.03680852930853,0.2,-0.3789473684210526,,8.99785955706842,0.0013585090637207031
1788524121.2542777,81.08585324574962,0.2,-0.3789473684210526,,9.055149619766024,0.0061702728271484375
1788524124.2291276,81.12699615960099,0.17777777777777778,-0.3789473684210526,,9.103226824386743,0.004780292510986328
1788524124.3305109,81.16016578293845,0.17777777777777778,-0.3789473684210526,,9.141587179399,0.0035521984100341797
1788524124.4342077,81.22653937149002,0.2,-0.3789473684210526,,9.218217967832091,0.0019953250885009766
1788524124.5292366,81.272367401027,0.2,-0.3789473684210526,,9.2718356249888,0.0043179988861083984
1788524124.6313767,81.33126747997086,0.2,-0.3789473684210526,,9.34118984672266,0.003928184509277344
1788524124.7302957,81.3949960727844,0.2,-0.3789473684210526,,9.416365475188359,0.003642559051513672
1788524124.829832,81.43515910492769,0.2,-0.3789473684210526,,9.463812519759033,0.006957530975341797
1788524124.9358323,81.47855277194117,0.2,-0.3789473684210526,,9.51513345473429,0.0014750957489013672
1788524125.0275726,81.53688063452176,0.2,-0.3789473684210526,,9.584209152587455,0.006072044372558594
1788524125.1289735,81.6008588949135,0.17777777777777778,-0.3789473684210526,,9.660073324543255,0.0073871612548828125
1788524125.232796,81.663203013744,0.2,-0.29473684210526313,,9.732888676727564,0.002879619598388672
1788524125.3285215,81.70471404261112,0.2,-0.3789473684210526,,9.782021774798002,0.0035026073455810547
1788524125.4301598,81.77800517003676,0.2,-0.29473684210526313,,9.869257615674007,0.0020751953125
1788524125.5313258,81.84018523873787,0.2,-0.29473684210526313,,9.943354697380787,0.007420063018798828
1788524125.632998,81.90256231581692,0.2,-0.29473684210526313,,10.017751359501235,0.009142160415649414
1788524125.7265673,81.96571886540426,0.2,-0.29473684210526313,,10.093138705516784,0.003034353256225586
1788524125.830106,82.0255624489796,0.2,-0.29473684210526313,,10.164623940109504,0.005549192428588867
1788524125.9282079,82.08437438802629,0.2,-0.29473684210526313,,10.234923031855407,0.0034089088439941406
1788524126.029351,82.14761909440028,0.2,-0.29473684210526313,,10.31056797970524,0.0026695728302001953
1788524126.1329465,82.21575780320366,0.2,-0.29473684210526313,,10.392115761093645,0.005209445953369141
1788524147.1792223,94.90508879363135,0.11111111111111112,-0.46315789473684205,,12.713304396235593,0.0015573501586914062
1788524147.2758732,94.96048308135349,0.08888888888888889,-0.29473684210526313,,12.770201045904955,0.004967451095581055
1788524147.386667,95.0299692925748,0.0,-0.29473684210526313,,12.844961952618217,0.0051631927490234375
1788524147.4828134,95.08377375565611,0.0,-0.29473684210526313,,12.899380335152669,5.269050598144531e-05
1788524147.581895,95.14262397996283,0.044444444444444446,-0.29473684210526313,,12.95823999276016,0.002950906753540039
1788524147.677319,95.19809320014197,0.044444444444444446,-0.29473684210526313,,13.015130660705022,0.004701852798461914
1788524147.9870815,95.38604590665646,0.022222222222222223,-0.8,,13.20847908532646,0.0003116130828857422
1788524148.0760295,95.43599442275517,0.022222222222222223,-0.7157894736842105,,13.259534266809093,0.0017099380493164062
1788524148.1751883,95.50886736422521,0.022222222222222223,-0.7157894736842105,,13.334003836568522,0.0023925304412841797
1788524148.2828426,95.5756989272388,0.022222222222222223,-0.8,,13.402288771526239,0.0010223388671875
1788524148.3797648,95.61614283824017,0.022222222222222223,-0.8,,13.443605307100775,0.003603696823120117
1788524148.4760294,95.6766858478691,0.022222222222222223,-0.8,,13.505441974141126,0.001325845718383789
1788524148.9776554,95.95657502325975,0.08888888888888889,0.29473684210526313,,13.79943370352811,0.005637645721435547
1788524149.0833316,96.0252978696016,0.08888888888888889,0.29473684210526313,,13.823188837037542,0.0037043094635009766
1788524153.1972876,98.54669083905543,0.0,1.0,,11.694872725196523,0.0028471946716308594
1788524153.298657,98.61262451171875,0.0,1.0,,11.629878374433698,0.00048828125
1788524153.400896,98.67798260239216,0.0,1.0,,11.564529204100152,0.0013155937194824219
1788524153.4984248,98.73223394413806,0.0,1.0,,11.510285352339757,0.0013401508331298828
1788524153.6004941,98.79460385925086,0.0,1.0,,11.44792414375306,0.0012602806091308594
1788524153.6978784,98.85636285915741,0.0,1.0,,11.386173868286818,0.002705097198486328
1788524153.8000102,98.93848469199557,0.0,1.0,,11.304063798819376,0.0012927055358886719
1788524153.8990655,98.99930062131591,0.0,1.0,,11.243256700793303,0.0014965534210205078
1788524153.99786,99.05200504436836,0.0,1.0,,11.190560015681218,0.006475210189819336
1788524154.0982199,99.10359635790077,0.0,1.0,,11.138976354173304,0.0033254623413085938
1788524154.1981945,99.17944558051931,0.0,1.0,,11.063138521456226,0.003544330596923828
1788524154.2986221,99.23114222603473,0.0,1.0,,11.011449736174786,0.00555872917175293
1788524154.397474,99.2970093992644,0.0,1.0,,10.945592694848608,0.0005834102630615234
1788524154.4974775,99.3721975347168,0.0,1.0,,10.870416285200697,0.001528024673461914
1788524154.5975657,99.43473610723262,0.0,1.0,,10.807887600365623,0.0017075538635253906
1788524154.6985936,99.51198450813322,0.0,1.0,,10.730651583252573,0.001538991928100586
1788524154.7982123,99.57909010580164,0.0,1.0,,10.663556899135967,0.002050638198852539
1788524154.8984854,99.65133914799853,0.0,1.0,,10.591319772090557,0.0012984275817871094
1788524154.9986343,99.71772434017595,0.0,1.0,,10.524945681714097,0.0016260147094726562
1788524155.099902,99.77371428571429,0.0,1.0,,10.468965216218216,4.172325134277344e-05
1788524155.198347,99.82802761300171,0.0,1.0,,10.414661188511772,0.006872892379760742
1788524155.3035593,99.88067849557522,0.0,1.0,,10.362019419813375,0.0026941299438476562
1788524155.397543,99.94385879927854,0.0,1.0,,10.29885018245367,0.00462651252746582
1788524155.5015123,100.00561697441978,0.0,0.919130211815587,,10.237102964030356,0.005629539489746094
1788524155.5979319,100.0457555433136,0.0,0.7783829681658568,,10.196971591842003,0.0034623146057128906
1788524155.698856,100.10818119481496,0.0,0.5483388624762743,,10.134557251758363,0.0025382041931152344
1788524155.7972937,100.17090039115801,0.0,0.4,,10.071849568917171,0.0026209354400634766
